Material;Qtd.  UM registro; Montante em MI ;Departamento;Mês
400011;-1;-104,73;DTM;1
400072;-1;-4.504,31;DTE;1
400111;-1;-3,49;DTM;1
400111;-1;-3,49;DTM;1
400130;-45;-134,29;DIT;1
400140;-28;-202,17;DTM;1
400140;-12;-86,64;DTM;1
400140;-12;-86,64;DTM;1
400140;-4;-28,88;DTM;1
400140;-4;-28,88;DTM;1
400142;-6;-425,33;DIT;1
400142;-3;-212,66;DTM;1
400142;-30;-2.126,65;DIT;1
400142;-3;-212,66;DTE;1
400142;-3;-212,66;DTE;1
400142;-3;-212,66;DTM;1
400142;-3;-212,66;DTE;1
400164;-6;-142,91;DTM;1
400164;-30;-714,54;DTM;1
400193;-3;-88,58;DTM;1
400193;-3;-88,58;DTE;1
400193;-3;-88,58;DTE;1
400193;-3;-88,58;DTE;1
400193;-3;-88,58;DTE;1
400224;-3;-4.848,88;DTE;1
400243;-1;-32.104,65;DTM;1
400288;-1;-24.623,76;DTM;1
400288;-1;-24.623,76;DTM;1
400375;-30;-263,36;DIT;1
400434;-10;-275,03;DTM;1
400434;-30;-825,08;DIT;1
400442;-58;-283,35;DTE;1
400460;-30;-740,54;DIT;1
400460;-17;-419,64;DIT;1
400478;-1;-9,32;DTE;1
400478;-1;-9,33;DTE;1
400484;-4;-64,06;DTM;1
400484;-2;-32,03;DTM;1
400484;-4;-64,06;DTE;1
400487;-150;-8.589,15;DTM;1
400487;-196;-11.223,16;DTM;1
400487;-300;-17.178,30;DTM;1
400487;-120;-6.871,32;DTM;1
400487;-24;-1.374,26;DTM;1
400487;-146;-8.360,11;DTM;1
400505;-3;-35,54;DTM;1
400506;-5;-52,82;DTE;1
400512;-60;-978,2;DIT;1
400543;-6;-71,39;DTM;1
400594;-10;-935,98;DTM;1
400594;-7;-655,18;DTM;1
400594;-7;-655,18;DTE;1
400594;-10;-935,98;DTM;1
400594;-7;-655,18;DTM;1
400594;-3;-280,79;DTM;1
400655;-8;-402,2;DTM;1
400655;-4;-201,1;DTM;1
400665;-6;-161,55;DTE;1
400665;-6;-161,55;DTE;1
400665;-3;-80,78;DTE;1
400673;-18;-24,98;DTM;1
400673;-14;-19,43;DTM;1
400673;-2;-2,78;DTM;1
400673;-15;-20,82;DTM;1
400673;-11;-15,27;DTM;1
400673;-14;-19,43;DTM;1
400673;-6;-8,33;DTM;1
400683;-2;-3,88;DTE;1
400708;-27;-161,37;DTM;1
400730;-123;-2.322,11;DTM;1
400758;-3;-1.197,50;DIT;1
400758;-66;-26.344,89;DIT;1
400758;-3;-1.197,49;DTM;1
400758;-3;-1.197,50;DTM;1
400790;-8;-143,19;DTM;1
400790;-10;-178,98;DTM;1
400790;-5;-89,49;DTE;1
400805;-3;-16,51;DTM;1
400805;-3;-16,51;DTE;1
400806;-3;-21,08;DTE;1
400809;-6;-9,76;DTE;1
400813;-5;-8,74;DTE;1
400813;-15;-26,21;DTM;1
400813;-10;-17,47;DTM;1
400813;-3;-5,24;DTM;1
400827;-13;-36,52;DTE;1
400827;-9;-25,28;DTE;1
400827;-13;-36,52;DTE;1
400827;-26;-73,04;DTE;1
400827;-10;-28,09;DTE;1
400855;-12;-229,56;DTM;1
400908;-15;-1.334,55;DIT;1
400910;-12;-270,92;DTM;1
400942;-4;-18,74;DTM;1
400942;-40;-187,35;DTE;1
400942;-14;-65,57;DTM;1
400955;-2;-8,42;DTM;1
400955;-2;-8,42;DTM;1
400955;-2;-8,42;DTM;1
400955;-4;-16,84;DTM;1
400955;-2;-8,42;DTE;1
401036;-13;-313,51;DTM;1
401036;-12;-289,39;DTM;1
401036;-220;-5.305,48;DTE;1
401036;-47;-1.133,45;DTM;1
401036;-86;-2.073,96;DTM;1
401056;-3;-17,02;DTE;1
401079;-6;-111,51;DTE;1
401079;-3;-55,75;DTE;1
401108;-3;-9,07;DTM;1
401116;-80;-2.970,96;DIT;1
401116;-3;-111,41;DTE;1
401116;-42;-1.559,75;DIT;1
401116;-3;-111,41;DTE;1
401116;-6;-222,82;DTE;1
401116;-30;-1.114,11;DTM;1
401117;-4;-49,05;DTE;1
401117;-4;-49,05;DTE;1
401117;-4;-49,05;DTE;1
401117;-4;-49,05;DTM;1
401117;-4;-49,05;DTM;1
401117;-6;-73,58;DTM;1
401117;-4;-49,05;DTM;1
401117;-4;-49,05;DTM;1
401117;-4;-49,05;DTM;1
401127;-1;-2.057,18;DTE;1
401127;-1;-2.057,18;DTE;1
401127;-1;-2.057,18;DTE;1
401127;-1;-2.057,44;DTM;1
401127;-2;-4.114,88;DTM;1
401131;-2;-25,2;DTE;1
401131;-1;-12,6;DTE;1
401131;-1;-12,6;DTE;1
401131;-1;-12,6;DTE;1
401155;-3;-43,89;DTM;1
401155;-2;-29,26;DTM;1
401234;-45;-291,02;DIT;1
401403;-30;-300,87;DIT;1
401438;-12;-135,62;DIT;1
401438;-1;-11,3;DTM;1
401451;-3;-70,95;DTM;1
401471;-6;-171,51;DTM;1
401471;-3;-85,75;DTM;1
401471;-3;-85,75;DTE;1
401489;-3;-17,44;DTE;1
401531;-10;-86,99;DTM;1
401531;-6;-52,19;DTM;1
401546;-6;-42,61;DTM;1
401566;-3;-71,81;DTE;1
401566;-3;-71,81;DTM;1
401566;-3;-71,81;DTM;1
401566;-1;-23,94;DTM;1
401574;-2;-32,11;DTE;1
401576;-2;-46,11;DTM;1
401576;-10;-230,53;DTE;1
401576;-4;-92,21;DTM;1
401620;-45;-131,02;DIT;1
401657;-1;-162,24;DTE;1
401683;-1;-187,8;DTM;1
401683;-1;-187,8;DIT;1
401706;-4;-57,76;DTM;1
401706;-4;-57,76;DTM;1
401753;-9;-79,66;DTM;1
401803;-2;-26,47;DTE;1
401823;-5;-132,42;DTE;1
401823;-2;-52,97;DTE;1
401823;-3;-79,45;DTE;1
401823;-19;-503,2;DTM;1
401834;-40;-441,73;DIT;1
401834;-6;-66,26;DTE;1
401857;-3;-968,99;DTE;1
401857;-40;-12.919,83;DIT;1
401857;-3;-968,99;DTE;1
401857;-3;-968,99;DTM;1
401857;-3;-968,99;DTE;1
401857;-3;-968,99;DTE;1
401857;-6;-1.937,97;DTM;1
401857;-3;-968,99;DTM;1
401857;-3;-968,99;DIT;1
401870;-6;-6,1;DTE;1
401870;-6;-6,1;DTE;1
401888;-3;-91,45;DTE;1
401927;-3;-41,93;DTE;1
401937;-1;-4,09;DTE;1
401937;-1;-4,09;DTE;1
401937;-52;-212,77;DTE;1
401937;-1;-4,09;DTE;1
401959;-15;-2.725,61;DTE;1
402026;-2;-49,04;DTM;1
402026;-4;-98,08;DTE;1
402026;-4;-98,08;DTM;1
402026;-1;-24,52;DTM;1
402081;-6;-584,19;DTM;1
402081;-6;-584,19;DTM;1
402081;-6;-584,19;DTM;1
402081;-3;-292,09;DTM;1
402081;-6;-584,19;DTM;1
402105;-24;-1.092,99;DTM;1
402105;-13;-592,04;DTM;1
402105;-12;-546,5;DTM;1
402105;-16;-728,66;DTM;1
402106;-2;-167,54;DTE;1
402106;-1;-83,77;DTM;1
402106;-1;-83,77;DTM;1
402111;-3;-15,68;DTM;1
402111;-3;-15,68;DTM;1
402120;-6;-120,56;DTM;1
402127;-21;-92,54;DTM;1
402127;-2;-8,81;DTM;1
402127;-72;-317,26;DTE;1
402127;-60;-264,39;DIT;1
402127;-4;-17,63;DIT;1
402152;-6;-382,46;DTM;1
402152;-40;-2.549,74;DIT;1
402161;-3;-20,26;DTE;1
402221;-7;-285,7;DTM;1
402221;-1;-40,81;DTM;1
402221;-1;-40,81;DIT;1
402221;-3;-122,44;DTM;1
402230;-3;-32,62;DTM;1
402247;-1;-19,05;DTE;1
402265;-3;-17,05;DTM;1
402269;-70;-11.391,40;DIT;1
402296;-3;-34,74;DTM;1
402307;-30;-2.138,85;DTM;1
402307;-80;-5.703,59;DTM;1
402307;-80;-5.703,59;DIT;1
402312;-4;-48,89;DTM;1
402312;-21;-256,69;DTM;1
402312;-2;-24,45;DTE;1
402312;-8;-97,79;DTM;1
402312;-1;-12,22;DTM;1
402312;-3;-36,67;DTM;1
402312;-69;-843,4;DTE;1
402312;-2;-24,45;DTE;1
402312;-2;-24,45;DTE;1
402354;-6;-31,48;DTM;1
402373;-2;-24,92;DTE;1
402401;-3;-78,86;DTE;1
402401;-69;-1.813,67;DTE;1
402401;-3;-78,86;DTM;1
402401;-12;-315,42;DTM;1
402404;-6;-46,02;DTM;1
402433;-3;-452,43;DTM;1
402433;-3;-452,43;DTM;1
402433;-3;-452,43;DTE;1
402433;-3;-452,43;DTM;1
402433;-6;-904,86;DTM;1
402448;-1;-28,19;DTM;1
402448;-2;-56,38;DTM;1
402448;-3;-84,57;DTM;1
402587;-2;-58,65;DTE;1
402587;-1;-29,33;DTE;1
402587;-3;-87,98;DTE;1
402587;-2;-58,65;DTE;1
402733;-2;-11,94;DTM;1
402741;-3;-16,9;DTM;1
402741;-3;-16,9;DTM;1
403121;-1;-6,94;DTM;1
403121;-2;-13,88;DTE;1
403121;-3;-20,83;DTE;1
403121;-1;-6,94;DTE;1
403121;-2;-13,88;DTE;1
403804;-1;-8,12;DTE;1
403804;-1;-8,12;DTE;1
404160;-12;-421.302,60;DIT;1
404161;-4;-140.434,20;DIT;1
404719;-1;-22,54;DTE;1
404732;-24;-2.110,42;DTE;1
404732;-3;-263,8;DIC;1
404732;-3;-263,8;DIC;1
404732;-21;-1.846,62;DTM;1
404740;-3;-231,12;DTM;1
404741;-3;-206,61;DTM;1
405473;-6;-804,01;DTM;1
405473;-6;-804,01;DTM;1
405473;-6;-804,01;DTM;1
408994;-3;-78,23;DTE;1
408994;-3;-78,23;DTE;1
408994;-3;-78,23;DTE;1
408994;-3;-78,23;DTE;1
408994;-2;-52,15;DTE;1
408994;-3;-78,23;DTE;1
408994;-3;-78,23;DTE;1
408994;-3;-78,23;DTE;1
408994;-3;-78,23;DTE;1
408994;-81;-2.112,12;DTE;1
408994;-60;-1.564,53;DTE;1
408994;-1;-26,08;DTE;1
408994;-3;-78,23;DTM;1
408994;-3;-78,23;DTM;1
408994;-9;-234,68;DTM;1
408994;-18;-469,36;DTM;1
408994;-3;-78,23;DTM;1
408994;-3;-78,23;DTM;1
408994;-12;-312,91;DTM;1
408994;-1;-26,08;DTM;1
408994;-4;-104,3;DTM;1
408994;-6;-156,45;DTM;1
408994;-6;-156,45;DTM;1
408994;-3;-78,23;DTE;1
408994;-6;-156,45;DTM;1
408994;-12;-312,91;DTM;1
408994;-3;-78,23;DTM;1
408994;-3;-78,23;DTE;1
408994;-3;-78,23;DTE;1
408994;-6;-156,45;DTM;1
408994;-39;-1.016,95;DTE;1
408994;-132;-3.441,97;DTE;1
408994;-9;-234,68;DTM;1
408994;-3;-78,23;DTM;1
408994;-69;-1.799,21;DTE;1
408994;-33;-860,49;DTM;1
408994;-3;-78,23;DTM;1
800116;-100;-583,63;DIT;1
800119;-40;-510,55;DIT;1
800215;-200;-88,1;DIT;1
800344;-20;-566,14;DIT;1
800344;-10;-283,07;DIT;1
800364;-40;-555,76;DIT;1
800435;-30;-444,68;DIT;1
800499;-50;-470,79;DIT;1
800569;-80;-12.386,41;DIT;1
800654;-60;-9.099,33;DIT;1
800817;-21;-6.964,77;DIT;1
800852;-30;-573,03;DIT;1
800872;-20;-971,92;DIT;1
800884;-80;-1.010,42;DIT;1
800906;-80;-807,34;DIT;1
800982;-70;-2.077,02;DIT;1
801044;-20;-175,44;DIT;1
801087;-60;-699,84;DIT;1
801186;-60;-919,35;DIT;1
801311;-120;-3.621,59;DIT;1
801346;-20;-330,85;DIT;1
113930;-200;-392,8;DIT;1
113931;-200;-144,36;DIT;1
114206;-300;-772,56;DIT;1
400011;-1;-104,73;DIT;1
400051;-2;0;DIT;1
400072;-2;-8.929,21;DIT;1
400130;-45;-134,29;DIT;1
400140;-1;-7,22;DTE;1
400142;-1;-70,89;DTE;1
400192;-1;-14,51;DTE;1
400193;-1;-29,53;DTE;1
400193;-70;-2.066,79;DIT;1
400210;-1;-3.806,45;DIT;1
400221;-4;0;DTM;1
400224;-15;-24.244,40;DTE;1
400224;-6;-9.697,76;DTE;1
400359;-62;-48,65;DIT;1
400359;-49;-38,45;DTE;1
400359;-48;-37,67;DTE;1
400359;-30;-23,54;DTE;1
400506;-5;-52,82;DTE;1
400758;-30;-11.974,95;DIT;1
400758;-21;-8.382,46;DIT;1
400758;-45;-17.962,43;DIT;1
400809;-2;-3,25;DTE;1
400827;-2;-5,62;DTE;1
400968;-2;0;DTM;1
401116;-1;-37,14;DTE;1
401127;-3;-6.171,54;DIT;1
401234;-45;-291,02;DIT;1
401252;-1;-3.662,86;DIT;1
401260;-2;-5.928,99;DTM;1
401465;-2;-24,3;DTE;1
401485;-44;-6.256,69;DTE;1
401485;-9;-1.279,78;DTE;1
401489;-1;-5,81;DTE;1
401500;-80;-907,78;DIT;1
401566;-2;-47,87;DTE;1
401620;-45;-131,02;DIT;1
401857;-40;-12.919,83;DIT;1
401857;-1;-323;DTE;1
401927;-9;-84,35;DTE;1
401927;-9;-84,35;DTE;1
401927;-9;-84,35;DTE;1
401927;-12;-112,46;DIT;1
401927;-12;-112,46;DTE;1
401927;-12;-112,46;DIT;1
401927;-16;-149,95;DIT;1
401927;-18;-168,7;DTE;1
401927;-24;-224,93;DTE;1
401927;-19;-178,07;DTE;1
401927;-6;-56,23;DTE;1
401927;-3;-28,12;DTE;1
401927;-3;-28,12;DTE;1
401927;-3;-28,12;DTE;1
401927;-1;-9,37;DTE;1
401927;-3;-28,12;DTE;1
401927;-3;-28,12;DTE;1
401927;-3;-28,12;DTE;1
401927;-3;-28,12;DTE;1
401927;-3;-28,12;DTE;1
401927;-3;-28,12;DTE;1
401927;-3;-28,12;DTE;1
401927;-3;-28,12;DTE;1
401927;-3;-28,12;DTE;1
401927;-5;-46,86;DTE;1
401927;-6;-56,23;DTE;1
401927;-6;-56,23;DTE;1
402065;-1;-15,76;DTE;1
402127;-4;-17,63;DTE;1
402149;-80;-11.254,21;DIT;1
402242;-2;0;DTM;1
402269;-50;-8.136,72;DIT;1
402287;-1;-10,87;DTE;1
402404;-70;-536,88;DIT;1
402433;-1;-150,81;DTE;1
402587;-1;-29,33;DTE;1
402624;-1;-2.631,19;DTE;1
402624;-1;-2.631,19;DTE;1
402733;-1;-5,97;DIT;1
403337;-1;-1.034,47;DIT;1
403353;-50;0;DIT;1
404071;-12;-1.969,41;DTE;1
404159;-8;-280.868,40;DIT;1
404162;-9;-315.976,95;DPC;1
408994;-4;-104,3;DTE;1
800021;-50;-3.365,65;DIT;1
800021;-40;-2.692,52;DIT;1
800058;-90;-4.139,01;DIT;1
800108;-3;-13,1;DIC;1
800108;-60;-262,05;DIT;1
800116;-100;-583,63;DIT;1
800116;-12;-70,04;DIT;1
800118;-132;-2.264,16;DIT;1
800119;-100;-1.276,39;DIT;1
800119;-250;-3.190,97;DIT;1
800163;-100;-2.774,96;DIT;1
800262;-9;0;DIT;1
800344;-10;-283,07;DIT;1
800345;-198;-3.704,48;DIT;1
800435;-30;-444,68;DIT;1
800499;-324;-3.050,71;DIT;1
800499;-100;-941,58;DIT;1
800499;-100;-941,58;DIT;1
800515;-80;-3.009,03;DIT;1
800522;-6;-647,72;DIT;1
800654;-18;0;DTM;1
800717;-30;-2.127,68;DIT;1
800808;-200;-1.886,29;DIT;1
800817;-9;0;DIT;1
800817;-30;-9.949,67;DIT;1
800817;-45;-14.924,51;DIT;1
800847;-168;-47.794,48;DIT;1
800847;-100;-28.449,10;DIT;1
800847;-100;-28.449,09;DIT;1
800852;-10;-191,01;DIT;1
800872;-100;-4.859,61;DIT;1
800889;-70;-1.376,40;DIT;1
800889;-100;-1.966,28;DIT;1
801044;-30;-263,16;DIT;1
801047;-400;-1.149,71;DIT;1
801047;-100;-287,43;DIT;1
801087;-80;-933,12;DIT;1
801186;-88;-1.348,37;DIT;1
801186;-60;-919,34;DIT;1
801346;-20;-330,85;DIT;1
801373;-100;-917,7;DIT;1
801373;-40;-367,08;DIT;1
801373;-70;-642,39;DIT;1
802911;-200;-2.198,00;DIT;1
803367;-30;-1.024,61;DIT;1
112702;-1;-35,93;DIT;1
112704;-1;-34,99;DIT;1
120050;-1;-106,48;DIT;1
120100;-1;-14,9;DIT;1
120170;-1;-51,4;DIT;1
120284;-2;-37,84;DIT;1
120335;-2;-318,17;DIT;1
120346;-2;-233,07;DIT;1
400210;-1;-3.806,45;DIT;1
400210;-1;-3.806,45;DTE;1
400292;-3;-1.225,92;DIT;1
400473;-806;0;DTM;1
400474;-779;-21.572,19;DIT;1
400594;-300;-28.079,32;DIT;1
400661;-100;-771,27;DIT;1
400758;-15;-5.987,47;DIT;1
400758;-20;-7.983,30;DIT;1
400813;-300;-524,14;DIT;1
400937;-84;-8.445,68;DIT;1
401116;-50;-1.856,85;DIC;1
401358;-14;-33,47;DIT;1
401685;-3;-1.232,62;DIT;1
401752;-1;-5.420,80;DIT;1
401834;-100;-1.104,31;DIT;1
401992;-3;-1.225,92;DIT;1
401992;-3;-1.225,92;DIT;1
401992;-3;-1.225,92;DIT;1
402136;-60;-117,84;DIC;1
402136;-20;-39,28;DIT;1
402136;-20;-39,28;DIT;1
402397;-1.019;-27.867,04;DIC;1
402587;-50;-1.466,35;DIC;1
402592;-600;-72.858,23;DPM;1
402675;-3;-1.026,56;DIT;1
402675;-1;-342,19;DIT;1
402675;-1;-342,19;DIT;1
402741;-200;-1.126,59;DIC;1
402824;-90;-5.225,85;DIC;1
403121;-50;-347,12;DIC;1
403337;-1;-1.034,47;DIC;1
403337;-1;-1.034,47;DIC;1
403513;-440;-2.202,59;DIC;1
403580;-200;-3.139,36;DIT;1
403647;-10;-204,9;DIT;1
404009;-16.935;-99.475,35;DPC;1
404732;-100;-8.793,42;DIC;1
405382;-3;-5.710,39;DIC;1
405382;-1;-1.903,46;DIC;1
405382;-1;-1.903,46;DIT;1
406859;-20;-135,83;DIC;1
407130;-2;-29.890,83;DIT;1
408994;-50;-1.303,46;DIC;1
800021;-60;-4.038,78;DIC;1
800021;-50;-3.365,65;DIT;1
800033;-100;-592,25;DIT;1
800054;-100;-1.949,79;DIT;1
800054;-20;-389,96;DIT;1
800105;-126;-418,09;DIT;1
800116;-30;-175,09;DIC;1
800118;-52;-891,94;DIC;1
800119;-100;-1.276,39;DIC;1
800119;-200;-2.552,77;DIT;1
800119;-200;-2.552,77;DIT;1
800119;-13;-165,93;DIT;1
800228;-30;-269,72;DIT;1
800228;-100;-899,07;DIT;1
800256;-20;-3.010,64;DIT;1
800344;-5;-141,54;DIT;1
800345;-60;-1.122,57;DIT;1
800435;-30;-444,68;DIT;1
800448;-100;-2.247,75;DIT;1
800496;-20;-467,51;DIT;1
800499;-23;-216,56;DIT;1
800499;-200;-1.883,15;DIT;1
800499;-100;-941,58;DIT;1
800499;-100;-941,58;DIT;1
800515;-60;-2.256,77;DIT;1
800515;-33;-1.241,22;DIT;1
800515;-50;-1.880,64;DIT;1
800592;-100;-1.306,86;DIT;1
800654;-11;-1.668,21;DIT;1
800654;-70;-10.615,89;DIT;1
800654;-50;-7.582,78;DIT;1
800717;-50;-3.546,13;DIT;1
800717;-164;-11.631,29;DIT;1
800717;-90;-6.383,03;DIT;1
800741;-60;-5.768,31;DIT;1
800808;-200;-1.886,29;DIT;1
800808;-110;-1.037,46;DIT;1
800808;-30;-282,94;DIT;1
800810;-100;-1.241,74;DIT;1
800813;-75;-991,32;DIT;1
800817;-8;-2.653,25;DIT;1
800817;-50;-16.582,79;DIT;1
800817;-70;-23.215,90;DIT;1
800817;-30;-9.949,67;DIT;1
800817;-30;-9.949,67;DIT;1
800847;-100;-28.449,10;DIT;1
800848;-100;-1.552,75;DIT;1
800852;-10;-191,01;DIT;1
800872;-100;-4.859,61;DIT;1
800889;-117;-2.300,55;DIT;1
800889;-100;-1.966,28;DIT;1
800889;-40;-786,51;DIT;1
800889;-100;-1.966,28;DIT;1
800982;-80;-2.373,73;DIT;1
801047;-500;-1.437,14;DIT;1
801047;-200;-574,86;DIT;1
801047;-250;-718,57;DIT;1
801087;-48;-559,87;DIT;1
801135;-100;-1.141,85;DIT;1
801186;-60;-919,34;DIT;1
801199;-30;-226,17;DIT;1
801199;-96;-723,75;DIT;1
801206;-20;-673,56;DIT;1
801215;-30;-323,49;DIT;1
801228;-20;-40,52;DIT;1
801240;-60;-4.358,34;DIT;1
801240;-100;-7.263,90;DIT;1
801304;-30;-486,93;DIT;1
801311;-100;-3.017,99;DIT;1
801311;-45;-1.358,10;DIT;1
801313;-31;-884,33;DIT;1
801346;-30;-496,28;DIT;1
801373;-100;-917,7;DIT;1
801373;-100;-917,7;DIT;1
801375;-100;-569,99;DIT;1
801400;-20;-1.992,37;DIT;1
802138;-15;-801,6;DIT;1
802249;-11;-2.405,37;DIT;1
802249;-100;-21.867,02;DIT;1
802249;-90;-19.680,32;DIT;1
803907;-50;-4.803,96;DIT;1
114201;-1;-3.510,00;DIT;1
120110;-1;-106,48;DIT;1
400011;-30;-3.141,75;DIT;1
400072;-2;-8.772,75;DIT;1
400073;-2;-27.731,13;DIT;1
400192;-50;-725,35;DIT;1
400210;-1;-3.806,45;DIT;1
400221;-1;-2.161,92;DIT;1
400221;-4;-8.647,68;DIT;1
400224;-5;-8.081,47;DIT;1
400224;-4;-6.465,17;DIT;1
400227;-4;-32.012,00;DIT;1
400243;-2;-64.209,30;DIT;1
400292;-3;-1.225,92;DIT;1
400375;-50;-438,94;DIT;1
400375;-2;-17,56;DIT;1
400442;-6;-29,31;DTE;1
400473;-200;-4.170,24;DIT;1
400474;-400;-11.076,86;DIT;1
400474;-4;-110,77;DTE;1
400594;-134;-12.542,10;DIT;1
400594;-6;-561,59;DIT;1
400594;-25;-2.339,94;DIT;1
400594;-7;-655,18;DIT;1
400603;-600;-17.161,73;DIT;1
400805;-100;-550,37;DIT;1
400813;-2;-3,49;DIC;1
400813;-1.000;-1.747,12;DIT;1
400827;-100;-280,93;DIT;1
400851;-30;-672,76;DIT;1
400906;-1;-99,03;DIT;1
400906;-2;-198,06;DTE;1
400908;-30;-2.669,11;DIT;1
400955;-100;-421,03;DIT;1
400968;-3;-6.036,94;DIT;1
401117;-50;-613,15;DIT;1
401260;-1;-2.964,49;DIT;1
401260;-1;-2.964,49;DIT;1
401360;-3;-4.641,45;DIT;1
401360;-1;-1.547,15;DTM;1
401465;-6;-72,89;DIT;1
401485;-10;-1.469,88;DIT;1
401485;-23;-3.380,71;DIT;1
401566;-50;-1.196,79;DIT;1
401608;-3;-151,26;DTE;1
401620;-5;-14,56;DIT;1
401753;-30;-265,55;DIT;1
401823;-33;-873,98;DIT;1
401870;-2;-2,03;DTE;1
401931;-2;-8.568,56;DIT;1
402117;-50;-294,3;DIT;1
402136;-300;-589,2;DIT;1
402136;-20;-39,28;DIT;1
402149;-50;-7.033,88;DIT;1
402152;-100;-6.374,35;DIT;1
402152;-2;-127,49;DIT;1
402265;-100;-568,29;DIT;1
402303;-1.000;-3.188,25;DIT;1
402307;-7;-499,06;DTE;1
402307;-13;-926,83;DTE;1
402318;-5;-232,38;DIT;1
402318;-600;-27.885,02;DIT;1
402318;-153;-7.110,68;DTE;1
402447;-2;-10.609,50;DIT;1
402650;-5;-7.084,85;DIT;1
402675;-1;-342,19;DIT;1
402741;-50;-281,65;DIC;1
403182;-50;-10.506,12;DIT;1
403182;-20;-4.202,45;DIT;1
403337;-1;-1.034,47;DIT;1
403337;-3;-3.103,41;DIT;1
403337;-1;-1.034,47;DIT;1
403337;-1;-1.034,47;DIT;1
403337;-1;-1.034,47;DIT;1
405382;-1;-1.903,46;DIT;1
405382;-1;-1.903,46;DIT;1
405473;-5;-670,01;DTE;1
405539;-6;-113,76;DTE;1
800070;-3;-3,15;DIT;1
800817;-6;-1.989,93;DIT;1
800847;-46;-13.086,58;DIC;1
800886;-50;-1.564,69;DIT;1
800944;-160;-1.461,32;DIT;1
800959;-30;-3.283,72;DIT;1
801112;-9;-1.575,82;DIC;1
801112;-16;-2.801,45;DIC;1
801112;-8;-1.400,73;DIC;1
801112;-5;-875,45;DIT;1
801112;-2;-350,18;DIT;1
801112;-2;-350,18;DIC;1
801112;-6;-1.050,54;DIC;1
801112;-5;-875,45;DTM;1
801112;-2;-350,18;DTM;1
801112;-4;-700,36;DTM;1
801112;-7;-1.225,64;DIT;1
801112;-2;-350,18;DIT;1
801112;-5;-875,45;DIT;1
801112;-4;-700,36;DIT;1
801112;-2;-350,18;DIT;1
801112;-6;-1.050,54;DTM;1
801112;-2;-350,18;DTM;1
801112;-18;-3.151,63;DTM;1
801112;-4;-700,36;DTM;1
801112;-3;-525,27;DTM;1
801112;-2;-350,18;DTM;1
801125;-3;-103,11;DTE;1
801311;-50;-1.509,00;DIT;1
801373;-50;-458,85;DIT;1
801375;-30;-171;DIT;1
803907;-155;-14.892,27;DIT;1
120010;-100;-459,42;DTM;1
120060;-20;-558,23;DTM;1
120068;-12;-100,97;DTM;1
120092;-1;-18,19;DIT;1
120092;-1;-18,19;DIC;1
120092;-1;-18,19;DIC;1
120100;-1;-14,9;DIC;1
120107;-1;-106,48;DIT;1
120107;-1;-106,48;DIC;1
120110;-1;-106,48;DIC;1
120110;-1;-106,48;DIT;1
120128;-1;-44,87;DIT;1
120128;-2;-89,74;DIT;1
120128;-1;-44,87;DIT;1
120136;-1;-106,93;DTM;1
120136;-1;-106,93;DIT;1
120170;-1;-51,4;DIC;1
120170;-1;-51,4;DIC;1
120182;-1;-158,2;DIC;1
120182;-1;-158,2;DIC;1
120182;-1;-158,2;DIT;1
120188;-1;-8,59;DIT;1
120261;-1;-158,87;DIC;1
120261;-1;-158,87;DIC;1
120261;-1;-158,87;DIT;1
120284;-1;-18,92;DIC;1
120284;-2;-37,84;DIT;1
120284;-2;-37,84;DIC;1
120295;-60;-199,8;DTM;1
120297;-1;-8,59;DTE;1
120297;-1;-8,59;DIC;1
120366;-1;-118,55;DIC;1
120452;-24;-61,2;DTM;1
400011;-1;-104,73;DTM;1
400140;-18;-129,97;DIT;1
400142;-6;-425,33;DIT;1
400142;-3;-212,66;DTE;1
400142;-3;-212,66;DTM;1
400142;-3;-212,66;DTM;1
400164;-6;-142,91;DTM;1
400164;-6;-142,91;DTM;1
400164;-6;-142,91;DTM;1
400192;-50;-725,35;DIT;1
400192;-6;-87,04;DTE;1
400193;-18;-531,46;DTE;1
400193;-50;-1.476,28;DIT;1
400193;-6;-177,15;DIT;1
400224;-1;-1.616,29;DTM;1
400224;-1;-1.616,29;DTM;1
400224;-1;-1.616,29;DTM;1
400292;-3;-1.225,92;DIT;1
400366;-2;-12,82;DTM;1
400366;-4;-25,64;DTM;1
400434;-400;-11.001,09;DIT;1
400460;-300;-7.405,45;DIT;1
400473;-300;-6.255,36;DIT;1
400473;-300;-6.255,36;DIT;1
400474;-500;-13.846,08;DIT;1
400474;-500;-13.846,08;DIT;1
400474;-1.050;0;DTM;1
400474;-350;-9.692,26;DIT;1
400474;-100;-2.769,22;DIT;1
400484;-1;-16,02;DIT;1
400487;-238;-13.628,12;DTM;1
400487;-20;-1.145,22;DTM;1
400506;-3;-31,69;DIT;1
400506;-40;-422,59;DIC;1
400534;-2;-39,14;DTM;1
400543;-6;-71,39;DTM;1
400603;-288;-8.237,63;DIT;1
400665;-6;-161,56;DIT;1
400673;-10;-13,88;DIT;1
400673;-13;-18,04;DIT;1
400710;-1.000;0;DIT;1
400758;-18;-7.184,97;DIT;1
400758;-3;-1.197,50;DTM;1
400758;-3;-1.197,49;DIT;1
400805;-3;-16,51;DIT;1
400813;-15;-26,21;DTM;1
400813;-500;-873,56;DIT;1
400813;-5;-8,74;DTE;1
400813;-40;-69,88;DTE;1
400813;-60;-104,83;DIT;1
400827;-128;-359,59;DTE;1
400827;-100;-280,93;DIT;1
400827;-10;-28,09;DIT;1
400906;-9;-891,28;DTE;1
400906;-8;-792,25;DIT;1
400910;-1;-22,58;DTM;1
400942;-24;-112,41;DTE;1
400955;-24;-101,05;DTE;1
400955;-2;-8,42;DTM;1
401105;-50;-160,39;DIT;1
401116;-6;-217,45;DIT;1
401116;-6;-217,45;DTM;1
401116;-45;-1.630,91;DTE;1
401117;-48;-588,62;DIT;1
401117;-4;-49,05;DTM;1
401117;-4;-49,05;DTM;1
401117;-30;-367,89;DIT;1
401117;-4;-49,05;DIT;1
401155;-3;-43,89;DTM;1
401155;-3;-43,89;DTM;1
401155;-4;-58,51;DIT;1
401155;-2;-29,26;DTM;1
401155;-2;-29,26;DTM;1
401155;-3;-43,89;DTM;1
401155;-3;-43,89;DTM;1
401264;-12;-338,58;DIT;1
401264;-12;-338,58;DTE;1
401264;-50;-1.410,75;DIT;1
401403;-3;-30,09;DTE;1
401438;-3;-33,9;DTE;1
401451;-3;-70,95;DTM;1
401465;-100;-1.214,80;DIT;1
401465;-600;0;DTM;1
401485;-4;-587,95;DIT;1
401485;-12;-1.763,85;DTE;1
401485;-1;-146,99;DTM;1
401497;-72;-143,28;DTE;1
401531;-7;-60,89;DTM;1
401531;-10;-86,99;DTM;1
401547;-83;-22.863,73;DIT;1
401566;-100;-2.393,59;DIT;1
401566;-100;-2.393,59;DIT;1
401566;-24;-574,46;DIT;1
401576;-1;-23,05;DTM;1
401576;-24;-553,27;DTE;1
401683;-1;-187,8;DTM;1
401686;-100;-1.190,45;DIT;1
401753;-20;-177,03;DIT;1
401823;-4;-105,94;DIT;1
401834;-50;-552,16;DIT;1
401834;-100;-1.104,31;DIT;1
401842;-9;-1.139,34;DTE;1
401857;-3;-968,99;DTE;1
401857;-3;-968,99;DTM;1
401857;-2;-645,99;DTM;1
401857;-3;-968,99;DIT;1
401857;-3;-968,99;DIT;1
401870;-42;-42,67;DTE;1
401916;-50;-154,2;DIT;1
401937;-2;-8,18;DTM;1
401937;-36;-147,3;DTE;1
401937;-12;-49,1;DTM;1
402026;-12;-294,25;DIT;1
402026;-1;-24,52;DIT;1
402081;-6;-584,19;DIT;1
402081;-4;-389,46;DIT;1
402105;-4;-182,17;DIT;1
402106;-21;-1.759,22;DTE;1
402117;-50;-294,3;DIT;1
402123;-25;-146,62;DIT;1
402127;-12;-52,88;DTM;1
402127;-141;-621,31;DTE;1
402127;-2;-8,81;DIT;1
402127;-6;-26,44;DTM;1
402136;-20;-39,28;DIT;1
402152;-12;-764,92;DIT;1
402221;-15;-612,22;DIT;1
402287;-12;-130,47;DIT;1
402307;-150;-10.694,23;DIT;1
402307;-100;-7.129,48;DIT;1
402307;-150;-10.694,23;DIT;1
402307;-150;-10.694,23;DIT;1
402307;-60;-4.277,69;DTM;1
402312;-6;-73,34;DTM;1
402312;-54;-660,05;DTE;1
402312;-50;-611,16;DIT;1
402312;-12;-146,68;DIT;1
402318;-17;-790,08;DIT;1
402318;-300;-13.942,51;DIT;1
402318;-683;-31.742,44;DIT;1
402324;-8;-33,83;DTM;1
402324;-2;-8,46;DTM;1
402324;-20;-84,58;DIC;1
402401;-6;-157,71;DIT;1
402401;-99;-2.602,22;DIT;1
402401;-3;-78,86;DIT;1
402433;-6;-904,86;DIT;1
402433;-3;-452,43;DTM;1
402433;-24;-3.619,45;DIT;1
402448;-3;-84,58;DIT;1
402587;-2;-58,65;DIT;1
402587;-30;-879,81;DIT;1
402675;-1;-342,19;DIT;1
402741;-50;-281,65;DIT;1
402741;-100;-563,3;DIT;1
402741;-3;-16,9;DIT;1
402741;-100;-563,3;DIT;1
402741;-3;-16,9;DIT;1
403121;-44;-305,47;DIT;1
403121;-2;-13,88;DTE;1
403182;-50;-10.506,12;DIT;1
403182;-36;-7.564,41;DTE;1
403182;-6;-1.260,73;DTM;1
403182;-6;-1.260,73;DTM;1
403182;-6;-1.260,73;DIT;1
404071;-6;-984,7;DTM;1
404071;-6;-984,7;DTM;1
404071;-9;-1.477,06;DTM;1
404071;-3;-492,35;DIT;1
404071;-21;-3.446,47;DTE;1
404084;-123;-2.671,86;DIC;1
404084;-30;-651,67;DIT;1
404084;-1;-21,72;DIT;1
404084;-28;-608,23;DTE;1
404084;-7;-152,06;DTM;1
404084;-12;-260,67;DIT;1
404732;-6;-527,6;DIT;1
404732;-6;-527,6;DTM;1
404732;-33;-2.901,83;DIT;1
404732;-120;0;DTM;1
404732;-12;-1.055,21;DTM;1
405382;-2;-3.806,93;DIT;1
405473;-3;-402;DTM;1
405473;-3;-402;DTM;1
405539;-60;-1.137,63;DTM;1
408994;-3;-78,21;DTM;1
408994;-4;-104,28;DTM;1
408994;-6;-156,42;DTM;1
408994;-99;-2.580,85;DTE;1
800021;-28;-1.884,76;DIT;1
800021;-50;-3.365,65;DIT;1
800031;-324;-8.787,93;DIT;1
800031;-250;-6.780,81;DIT;1
800031;-1.000;0;DTM;1
800031;-200;-5.424,65;DIT;1
800031;-354;-9.601,63;DIT;1
800031;-1;0;DTM;1
800033;-500;0;DTM;1
800077;-6;-9,12;DTM;1
800108;-2;-8,74;DIC;1
800116;-2;-11,67;DTM;1
800116;-2;-11,67;DTM;1
800119;-100;-1.276,39;DIT;1
800119;-21;-268,04;DIT;1
800119;-2;-25,53;DTM;1
800119;-50;-638,19;DIT;1
800119;-4;-51,06;DTM;1
800119;-3;-38,29;DIT;1
800119;-300;0;DIT;1
800158;-3;-5,22;DIT;1
800158;-4;-6,96;DIT;1
800158;-4;-6,96;DIT;1
800158;-2;-3,48;DIT;1
800158;-4;-6,96;DTM;1
800163;-1.000;0;DTM;1
800163;-101;0;DTM;1
800223;-12;-16,64;DTM;1
800223;-32;-44,37;DTM;1
800223;-22;-30,51;DTM;1
800223;-29;-40,21;DTM;1
800228;-9;-80,92;DIT;1
800228;-6;-53,94;DTM;1
800266;-1;-15,8;DIT;1
800274;-8;-94,8;DTM;1
800274;-6;-71,1;DTM;1
800344;-1;-28,31;DIT;1
800345;-9;-168,39;DIT;1
800364;-1;-13,89;DTM;1
800364;-2;-27,79;DTM;1
800372;-1;-9,02;DTM;1
800496;-3;-70,13;DTM;1
800496;-12;-280,5;DTM;1
800496;-3;-70,13;DTM;1
800496;-6;-140,25;DTM;1
800499;-4;-37,66;DTM;1
800499;-36;-338,97;DIT;1
800499;-10;-94,16;DTM;1
800499;-14;-131,82;DTM;1
800499;-8;-75,33;DTM;1
800499;-12;-112,99;DTM;1
800596;-3;-6,39;DTM;1
800651;-2;-9,7;DTM;1
800654;-3;-454,97;DTM;1
800654;-6;-909,93;DTM;1
800654;-3;-454,97;DIT;1
800683;-2.000;-4.421,08;DPM;1
800705;-6;-130,42;DTM;1
800705;-24;-521,67;DTM;1
800705;-18;-391,25;DIT;1
800705;-6;-130,42;DTM;1
800705;-12;-260,84;DTM;1
800717;-3;-212,77;DTM;1
800717;-6;-425,54;DTM;1
800717;-3;-212,77;DTM;1
800717;-50;-3.546,13;DIT;1
800794;-50;-253,3;DIT;1
800794;-3;-15,2;DTM;1
800804;-600;0;DIT;1
800804;-200;0;DTM;1
800817;-3;-994,97;DIT;1
800817;-10;-3.316,56;DIT;1
800817;-20;-6.633,11;DIT;1
800817;-9;-2.984,90;DTM;1
800817;-3;-994,97;DTM;1
800817;-3;-994,97;DTM;1
800817;-3;-994,97;DTM;1
800817;-3;-994,97;DTM;1
800852;-44;-840,44;DIT;1
800872;-90;0;DIT;1
800876;-200;0;DIT;1
800876;-6;-132,81;DTM;1
800889;-3;-58,99;DTM;1
800894;-100;-617,63;DIT;1
800894;-3;-18,53;DIT;1
800894;-100;-617,63;DIT;1
800894;-100;-617,63;DIT;1
800905;-3;-26,15;DTM;1
800959;-40;-4.378,29;DIT;1
800959;-210;0;DTM;1
800975;-600;0;DTM;1
800982;-1;-29,67;DIT;1
800982;-3;-89,02;DIT;1
801010;-150;-868,97;DIT;1
801047;-78;-224,19;DIT;1
801047;-100;-287,43;DIT;1
801047;-100;-287,43;DIT;1
801087;-6;-69,98;DTM;1
801087;-3;-34,99;DTM;1
801087;-12;-139,97;DTM;1
801125;-3;-103,11;DTM;1
801135;-50;-570,93;DIT;1
801186;-3;-45,97;DTM;1
801186;-4;-61,29;DIT;1
801186;-6;-91,93;DIT;1
801199;-3;-22,62;DTM;1
801202;-1;-37,7;DIT;1
801216;-500;0;DTM;1
801225;-6;-175,84;DTM;1
801225;-3;-87,92;DTM;1
801233;-50;-291,99;DIT;1
801233;-3;-17,52;DIT;1
801303;-50;-293,22;DIT;1
801313;-150;0;DIT;1
801346;-1;-16,54;DIT;1
801352;-50;-291,93;DIT;1
801352;-6;-35,03;DTM;1
801352;-50;-291,94;DIT;1
801352;-100;-583,87;DIT;1
801373;-100;-917,7;DIT;1
801375;-100;-569,99;DIT;1
801834;-150;-868,93;DIT;1
801834;-150;-868,93;DIT;1
801955;-100;-587,54;DIT;1
801955;-150;-881,3;DIT;1
802249;-240;0;DTM;1
803344;-300;0;DTM;1
803907;-100;-9.607,91;DIT;1
803907;-70;-6.725,54;DIT;1
804421;-120;0;DTM;1
805459;-150;0;DIT;1
400011;-1;-104,73;DTE;1
400122;-3;-6,1;DTE;1
400140;-1;-7,22;DIT;1
400142;-3;-212,66;DIT;1
400142;-2;-141,78;DTE;1
400307;-1;-6,36;DIT;1
400366;-2;-12,82;DIT;1
400366;-2;-12,82;DIT;1
400366;-4;-25,64;DIT;1
400366;-4;-25,64;DIT;1
400366;-6;-38,46;DIT;1
400366;-6;-38,46;DIT;1
400366;-6;-38,46;DTM;1
400366;-2;-12,82;DTM;1
400366;-3;-19,23;DIT;1
400366;-6;-38,46;DIT;1
400366;-6;-38,46;DTM;1
400366;-2;-12,82;DTM;1
400366;-3;-19,23;DTM;1
400506;-5;-52,82;DTE;1
400506;-5;-52,82;DTE;1
400665;-4;-107,7;DTE;1
400673;-2;-2,78;DTM;1
400809;-2;-3,25;DTE;1
400827;-18;-50,57;DTE;1
400827;-6;-16,86;DTE;1
400827;-29;-81,47;DTE;1
400827;-6;-16,86;DTE;1
400942;-4;-18,74;DTE;1
401116;-6;-217,45;DTM;1
401116;-6;-217,45;DTE;1
401116;-9;-326,18;DTE;1
401116;-4;-144,97;DTE;1
401117;-10;-122,63;DTE;1
401264;-3;-84,64;DTM;1
401264;-6;-169,29;DTM;1
401264;-6;-169,29;DTM;1
401264;-9;-253,93;DTE;1
401264;-1;-28,21;DTM;1
401264;-3;-84,65;DTM;1
401264;-3;-84,65;DTM;1
401264;-6;-169,29;DTM;1
401264;-3;-84,64;DTM;1
401264;-3;-84,65;DTM;1
401435;-3;-16,93;DTM;1
401465;-2;-24,3;DTE;1
401489;-1;-5,81;DTE;1
401559;-1;-24,03;DTE;1
401566;-1;-23,94;DTM;1
401566;-5;-119,68;DTE;1
401566;-2;-47,87;DTE;1
401753;-2;-17,7;DTM;1
401753;-4;-35,41;DTM;1
401803;-2;-26,47;DTE;1
401857;-2;-645,99;DTE;1
401864;-6;-20,97;DTM;1
401864;-12;-41,93;DTM;1
401864;-3;-10,48;DTM;1
401870;-6;-6,1;DTE;1
401870;-6;-6,1;DTE;1
401888;-3;-91,45;DTE;1
401927;-1;-7,54;DTM;1
401927;-6;-45,21;DTM;1
401927;-3;-22,61;DTM;1
401927;-3;-22,61;DTM;1
401927;-3;-22,61;DTM;1
401927;-6;-45,21;DTM;1
401937;-2;-8,18;DTE;1
401937;-2;-8,18;DTM;1
401937;-7;-28,64;DTE;1
401937;-8;-32,73;DTE;1
401952;-6;-13,09;DTE;1
402105;-12;-546,5;DTM;1
402106;-2;-167,54;DTE;1
402106;-4;-335,09;DTM;1
402127;-6;-26,44;DTE;1
402127;-12;-52,88;DTE;1
402127;-8;-35,25;DTE;1
402127;-7;-30,85;DTM;1
402161;-2;-13,51;DTE;1
402247;-1;-19,05;DTE;1
402287;-1;-10,87;DTM;1
402307;-60;-4.277,69;DTM;1
402307;-10;-712,95;DTM;1
402312;-12;-134,91;DTM;1
402312;-10;-112,43;DTE;1
402312;-1;-11,24;DTE;1
402312;-10;-112,43;DTE;1
402331;-1;-41,37;DTE;1
402332;-1;-10,6;DTE;1
402401;-3;-78,86;DTE;1
402401;-12;-315,42;DTM;1
402401;-2;-52,57;DTE;1
402433;-1;-150,81;DTE;1
402448;-1;-28,19;DTM;1
402587;-1;-29,33;DTE;1
402587;-1;-29,33;DTE;1
402733;-1;-5,97;DTE;1
403182;-6;-1.260,73;DTM;1
403182;-6;-1.260,73;DTM;1
403182;-6;-1.260,73;DTM;1
403182;-6;-1.260,73;DTM;1
403182;-4;-840,49;DTM;1
403182;-6;-1.260,73;DTM;1
403804;-4;-32,49;DTE;1
404071;-3;-492,35;DTE;1
404071;-3;-492,35;DTM;1
404084;-18;-391;DTE;1
404084;-68;-1.477,13;DTE;1
404732;-9;-791,41;DTM;1
408994;-2;-52,14;DTE;1
408994;-6;-156,42;DTE;1
408994;-9;-234,62;DTM;1
408994;-8;-208,55;DTM;1
408994;-3;-78,21;DTM;1
400142;-50;-3.544,41;DPC;1
400221;-11;-23.781,11;DIT;1
400221;-5;-10.809,60;DIT;1
400221;-5;-10.809,60;DIT;1
400221;-5;-10.809,60;DIT;1
400224;-5;-8.081,47;DIT;1
400224;-3;-4.848,88;DIT;1
400224;-8;-12.930,35;DIT;1
400243;-3;-96.313,94;DIT;1
400288;-1;-24.623,76;DTM;1
400288;-3;-73.871,28;DIT;1
400307;-26;-165,36;DTE;1
400344;-1;-32,3;DTE;1
400366;-2;-12,82;DTM;1
400366;-4;-25,64;DTM;1
400434;-352;-9.680,96;DIT;1
400474;-68;-1.883,07;DTM;1
400484;-1;-16,02;DTE;1
400484;-1;-16,02;DTE;1
400487;-96;-5.497,06;DTM;1
400673;-14;-19,43;DIT;1
400813;-2;-3,49;DIT;1
400827;-22;-61,8;DIT;1
400827;-10;-28,09;DIT;1
400827;-5;-14,05;DIT;1
400942;-2;-9,37;DIT;1
400955;-2;-8,42;DIT;1
400968;-5;-10.061,56;DIT;1
400968;-5;-10.061,56;DIT;1
400968;-5;-10.061,56;DIT;1
400968;-5;-10.061,56;DIT;1
400968;-5;-10.061,56;DIT;1
400968;-5;-10.061,56;DIT;1
400968;-8;-16.098,50;DIT;1
400968;-5;-10.061,56;DIT;1
401116;-15;-543,67;DTE;1
401116;-21;-761,14;DTE;1
401117;-4;-49,03;DTE;1
401213;-2;-139,1;DTE;1
401318;-10;-23.657,32;DIT;1
401318;-5;-11.828,66;DIT;1
401318;-4;-9.462,93;DIT;1
401318;-4;-9.462,93;DIT;1
401318;-8;-18.925,85;DIT;1
401360;-8;-12.377,20;DIT;1
401360;-10;-15.471,50;DIT;1
401360;-10;-15.471,50;DIT;1
401360;-5;-7.735,75;DIT;1
401360;-5;-7.735,75;DIT;1
401438;-3;-33,77;DIT;1
401438;-2;-22,52;DIT;1
401465;-24;-291,55;DIT;1
401566;-9;-215,42;DIT;1
401568;-1;-1,24;DIT;1
401568;-5;-6,19;DIT;1
401576;-2;-45,96;DIT;1
401576;-1;-22,98;DTE;1
401834;-1;-11,04;DTE;1
401834;-1;-11,04;DTE;1
401870;-6;-6,1;DTE;1
401937;-18;-73,65;DTE;1
401937;-7;-28,64;DTE;1
401937;-9;-36,82;DTE;1
401959;-3;-545,05;DTM;1
401959;-6;-1.090,09;DIT;1
401959;-2;-363,36;DIT;1
401959;-2;-363,36;DIT;1
401959;-2;-363,36;DIT;1
402026;-4;-97,97;DIT;1
402105;-8;-364,33;DIT;1
402127;-22;-96,94;DIT;1
402152;-2;-127,49;DIT;1
402161;-1;-6,76;DIT;1
402221;-2;-81,63;DIT;1
402230;-6;-65,25;DTE;1
402277;-1;-17.562,99;DTE;1
402287;-2;-21,75;DTE;1
402307;-30;-2.138,85;DTM;1
402312;-22;-247,34;DTE;1
402312;-15;-168,64;DTE;1
402318;-95;-4.415,13;DIT;1
402401;-9;-236,57;DTE;1
402401;-1;-26,29;DTE;1
402533;-5;-11.921,12;DIT;1
402533;-2;-4.768,45;DIT;1
402587;-2;-58,65;DTE;1
402847;-2;-2.119,58;DTM;1
402847;-1;-1.059,79;DTM;1
403182;-4;-840,49;DTM;1
403579;-110;-4.246,00;DPC;1
403642;-12.140;-185.375,74;DPC;1
403843;-2.848;-43.601,82;DPC;1
403852;-30;-1.933,76;DPC;1
404010;-122;-12.243,88;DTE;1
404071;-9;-1.477,06;DTE;1
404084;-13;-282,39;DTE;1
404169;-2;-70.217,10;DPC;1
404234;-114;-196.011,38;DPC;1
404732;-6;-527,6;DTE;1
405473;-6;-804,01;DTM;1
405473;-6;-804,01;DTM;1
405473;-6;-804,01;DTE;1
407095;-26;-1.419,05;DTE;1
408172;-8;-161,65;DTE;1
408994;-12;-312,83;DTM;1
408994;-9;-234,62;DTM;1
408994;-2;-52,14;DTM;1
408994;-9;-234,62;DTE;1
408994;-1;-26,07;DTE;1
409237;-1;-12.855,41;DTM;1
800031;-262;-7.106,29;DIT;1
800059;-5;-122,18;DTM;1
800108;-48;-209,64;DTM;1
800116;-2;-11,67;DTM;1
800119;-24;-306,33;DTM;1
800223;-24;-33,28;DTM;1
800223;-11;-15,25;DTM;1
800256;-8;-1.204,26;DTM;1
800360;-6;-195,36;DIT;1
800364;-3;-41,68;DTM;1
800372;-5;-45,09;DTM;1
800436;-1;-41,3;DTM;1
800436;-25;-1.032,45;DTM;1
800496;-12;-280,5;DIT;1
800496;-3;-70,13;DIT;1
800499;-4;-37,66;DTM;1
800515;-6;-225,68;DTM;1
800515;-66;-2.482,45;DTM;1
800651;-2;-9,7;DTM;1
800654;-3;-454,97;DTM;1
800654;-3;-454,97;DTM;1
800668;-16;-45,46;DTM;1
800682;-10;-282,73;DTM;1
800705;-24;-521,67;DTM;1
800705;-6;-130,42;DTM;1
800717;-3;-212,77;DTM;1
800717;-3;-212,77;DTM;1
800717;-3;-212,77;DTM;1
800763;-5;-43,37;DTM;1
800763;-48;-416,4;DTM;1
800817;-3;-994,97;DTM;1
800817;-1;-331,66;DTM;1
800817;-3;-994,97;DTM;1
800817;-3;-994,97;DTM;1
800825;-2;-12,32;DTM;1
800842;-16;-403,68;DTM;1
800847;-100;-10.728,84;DIT;1
800876;-2;-44,27;DTM;1
800894;-3;-18,53;DTM;1
800982;-3;-89,01;DTM;1
801010;-3;-17,38;DIT;1
801079;-1;-28,95;DTM;1
801079;-2;-57,9;DTM;1
801112;-35;-6.128,18;DTM;1
801125;-3;-103,11;DTM;1
801164;-24;-616,89;DTM;1
801186;-3;-45,97;DTM;1
801186;-56;-858,06;DTM;1
801215;-1;-10,78;DTM;1
801232;-6;-217,79;DTM;1
803157;-300;-372,95;DTM;1
803344;-48;-4.418,03;DTM;1
803368;-5;-147,37;DTM;1
804421;-24;-625,51;DTM;1
805459;-1;-165,38;DTM;1
120000;-1;-1.190,82;DTM;1
120068;-12;-100,97;DTO;1
120092;-1;-18,19;DIT;1
120100;-1;-14,9;DIT;1
120110;-1;-106,48;DIT;1
120117;-9;-1.778,82;DTO;1
120117;-1;-197,65;DTO;1
120212;-1;-199,14;DTM;1
120284;-1;-18,92;DIT;1
120334;-1;-159,09;DIT;1
120335;-2;-318,18;DTM;1
120343;-1;-158,87;DIT;1
120344;-2;-317,74;DTM;1
120346;-1;-116,53;DTM;1
120347;-1;-126,6;DTM;1
400011;-6;-628,44;DTE;1
400040;-2;-29.858,74;DIT;1
400073;-2;-27.731,13;DIT;1
400073;-2;-27.731,13;DIT;1
400111;-2;-6,99;DTE;1
400140;-20;-144,27;DTE;1
400140;-2;-14,44;DTE;1
400142;-9;-638;DIT;1
400192;-50;-725,35;DIT;1
400193;-3;-88,42;DTM;1
400193;-6;-176,83;DTE;1
400288;-2;-49.247,52;DIT;1
400292;-3;-1.225,92;DIT;1
400307;-2;-12,72;DTE;1
400366;-6;-38,46;DTM;1
400366;-50;-320,49;DIT;1
400375;-50;-438,94;DIT;1
400375;-6;-52,67;DTE;1
400434;-200;-5.500,54;DIT;1
400478;-1;-9,33;DTE;1
400487;-128;-7.329,41;DTM;1
400487;-70;-4.008,27;DTM;1
400487;-104;-5.955,14;DTM;1
400496;-1;-35,36;DTE;1
400506;-15;-158,47;DTE;1
400518;-9;-84,89;DTE;1
400603;-3;-85,81;DTM;1
400661;-3;-23,14;DTE;1
400665;-6;-161,34;DTE;1
400665;-15;-403,34;DTE;1
400673;-12;-16,65;DTM;1
400758;-3;-1.197,49;DTM;1
400790;-2;-35,79;DTM;1
400805;-6;-33,02;DTE;1
400827;-59;-165,75;DTE;1
400880;-11;-20,98;DTE;1
400930;-8;-19,41;DTE;1
400930;-20;-48,53;DTE;1
400930;-4;-9,71;DTM;1
400955;-15;-63,15;DIT;1
400968;-10;-20.123,12;DIT;1
400974;-22;-43,27;DTE;1
400974;-9;-17,7;DTM;1
400974;-8;-15,73;DIT;1
401116;-6;-217,47;DTE;1
401116;-6;-217,47;DIT;1
401116;-15;-543,67;DIT;1
401117;-14;-171,62;DTE;1
401117;-4;-49,03;DTM;1
401127;-1;-2.057,18;DTM;1
401127;-1;-2.057,18;DTM;1
401127;-1;-2.057,18;DTM;1
401131;-24;-301,56;DTM;1
401193;-2;-13.773,36;DIT;1
401264;-3;-80,7;DTE;1
401349;-1;-3.596,34;DTE;1
401372;-6;-67,88;DIT;1
401436;-2;-11,39;DTE;1
401465;-18;-218,66;DIT;1
401471;-3;-85,75;DIC;1
401500;-3;-34,04;DTE;1
401566;-14;-335,1;DIT;1
401568;-2;-2,48;DTE;1
401608;-9;-453,79;DIT;1
401632;-5.500;-12.157,97;DCR;1
401753;-1;-8,85;DIT;1
401773;-3.000;-3.226,63;DCR;1
401803;-2;-26,47;DTE;1
401834;-1;-11,03;DTE;1
401834;-20;-220,55;DIT;1
401857;-6;-1.937,97;DTE;1
401857;-3;-968,99;DTE;1
401857;-3;-968,99;DIT;1
401870;-30;-30,48;DTE;1
401927;-14;-105,49;DTE;1
401927;-6;-45,21;DTE;1
401927;-9;-67,82;DTE;1
401927;-45;-339,08;DTE;1
401927;-4;-30,14;DTE;1
401937;-8;-32,73;DTE;1
401937;-1;-4,09;DTE;1
401992;-3;-1.225,92;DIT;1
402027;-3.000;-3.860,31;DCR;1
402081;-3;-292,09;DTM;1
402081;-40;-3.894,58;DIT;1
402105;-20;-910,83;DIT;1
402105;-80;-3.643,30;DIT;1
402117;-50;-294,3;DIT;1
402127;-11;-48,47;DTE;1
402127;-16;-70,5;DTE;1
402136;-20;-39,28;DIT;1
402136;-20;-39,28;DIT;1
402221;-5;-204,07;DTE;1
402269;-50;-8.136,72;DIT;1
402307;-80;-5.703,59;DIT;1
402307;-635;-45.272,23;DIT;1
402307;-67;-4.776,75;DTE;1
402312;-19;-213,61;DTE;1
402312;-17;-191,13;DTE;1
402312;-3;-33,73;DTM;1
402312;-3;-33,73;DTE;1
402318;-427;-19.844,84;DTE;1
402318;-533;-24.771,19;DTE;1
402318;-127;-5.902,33;DIT;1
402401;-3;-78,86;DTE;1
402433;-30;-4.524,31;DIT;1
402433;-9;-1.357,29;DTE;1
402447;-2;-10.609,50;DIT;1
402587;-2;-58,65;DTE;1
402650;-1;-1.416,97;DTM;1
402675;-1;-342,19;DIT;1
402675;-1;-342,19;DIT;1
402741;-27;-152,09;DIT;1
403113;-200;-1.560,00;DCR;1
403121;-2;-13,88;DTE;1
403121;-2;-13,88;DIC;1
403182;-6;-1.260,73;DTM;1
403182;-30;-6.303,67;DIT;1
403209;-70;-404,09;DCR;1
403327;-300;-4.860,00;DCR;1
403337;-1;-1.034,47;DIT;1
403337;-1;-1.034,47;DIT;1
403337;-1;-1.034,47;DIT;1
403371;-30;-734,4;DCR;1
403572;-70;-262,47;DCR;1
403579;-617;-23.816,21;DPC;1
403594;-200;-2.008,25;DCR;1
403641;-200;-2.063,49;DCR;1
403642;-500;-7.634,92;DIT;1
403642;-1.600;-24.431,73;DCR;1
403642;-579;-8.841,23;DPC;1
403656;-100;-2.403,85;DCR;1
403675;-50;-592,45;DIT;1
403682;-833;-708,03;DCR;1
403804;-1;-8,12;DTE;1
403804;-12;-97,47;DTE;1
403838;-200;-613,54;DIT;1
403843;-500;-7.654,82;DCR;1
403843;-154;-2.357,68;DPC;1
404009;-1.600;-9.398,32;DCR;1
404071;-100;-16.411,74;DIT;1
404160;-8;-280.868,40;DPC;1
404164;-6;-210.651,30;DPC;1
404169;-1;-35.108,55;DPC;1
404172;-4;-140.434,20;DPC;1
404732;-12;-1.055,21;DIC;1
404740;-3;-231,12;DTE;1
404741;-6;-413,22;DIT;1
405382;-3;-5.710,39;DIT;1
405382;-2;-3.806,93;DIT;1
405382;-1;-1.903,46;DIT;1
405382;-1;-1.903,46;DIT;1
405382;-1;-1.903,46;DIT;1
405382;-2;-3.806,93;DIT;1
405382;-1;-1.903,46;DIC;1
405382;-1;-1.903,46;DIC;1
405473;-6;-804,01;DTM;1
405473;-6;-804,01;DTM;1
405539;-32;-606,74;DIT;1
407094;-6;-421,98;DIT;1
408994;-3;-78,21;DTE;1
409376;-100;-6.331,05;DCR;1
800033;-10;-59,22;DTM;1
800033;-10;-59,22;DTM;1
800033;-15;-88,84;DTM;1
800033;-3;-17,77;DTM;1
800033;-10;-59,23;DTM;1
800033;-10;-59,22;DTM;1
800033;-15;-88,84;DTM;1
800033;-30;-177,68;DTM;1
800033;-21;-124,37;DTM;1
800033;-10;-59,22;DIT;1
800033;-3;-17,77;DIT;1
800054;-100;-1.949,79;DIT;1
800119;-50;-638,19;DIT;1
800228;-50;-449,53;DIC;1
800454;-50;-23.908,50;DIC;1
800654;-3;-454,97;DIT;1
800717;-3;-212,77;DTM;1
800717;-20;-1.418,45;DIT;1
800794;-50;-253,3;DIT;1
800817;-50;-16.582,79;DIT;1
800894;-50;-308,81;DIT;1
801010;-150;-868,97;DIT;1
801047;-100;-287,43;DIT;1
801087;-48;-559,87;DIC;1
801135;-30;-342,55;DIC;1
801233;-50;-291,99;DIC;1
801303;-50;-293,21;DIT;1
801303;-100;-586,43;DIT;1
801352;-50;-291,93;DIT;1
801375;-100;-569,99;DIT;1
801834;-100;-579,29;DIT;1
801955;-150;-881,3;DIT;1
400011;-8;-837,92;DTE;1
400011;-4;-418,96;DTE;1
400011;-1;-104,74;DTM;1
400040;-3;-44.788,10;DIT;1
400040;-1;-14.929,37;DIT;1
400040;-4;-59.717,47;DIT;1
400040;-2;-29.858,74;DIT;1
400040;-3;-44.788,10;DTE;1
400040;-2;-29.858,74;DTE;1
400072;-3;-9.838,73;DIT;1
400072;-2;-7.485,41;DIT;1
400072;-3;-9.838,73;DIT;1
400072;-3;-9.838,73;DIT;1
400072;-3;-9.838,73;DIT;1
400072;-1;-3.279,58;DTE;1
400072;-3;-11.228,11;DIT;1
400072;-2;-6.559,16;DIT;1
400072;-3;-11.228,12;DIT;1
400072;-3;-11.228,12;DIT;1
400072;-3;-11.228,11;DIC;1
400072;-3;-11.228,12;DIC;1
400073;-1;-13.865,57;DIC;1
400073;-2;-27.731,13;DIC;1
400073;-2;-27.731,13;DIC;1
400073;-4;-55.462,26;DIC;1
400073;-3;-41.596,70;DIC;1
400073;-1;-13.865,57;DIC;1
400111;-7;-24,45;DTE;1
400111;-1;-3,49;DTE;1
400111;-6;-20,96;DIT;1
400122;-3;-6,1;DTE;1
400140;-4;-28,85;DTE;1
400140;-48;-346,24;DTE;1
400140;-29;-209,19;DTE;1
400140;-12;-86,56;DTM;1
400140;-4;-28,85;DTM;1
400140;-8;-57,71;DTM;1
400142;-12;-850,95;DTE;1
400142;-3;-212,74;DTE;1
400142;-15;-1.063,68;DTE;1
400142;-3;-212,67;DTM;1
400192;-6;-87,04;DTE;1
400193;-21;-618,91;DTE;1
400193;-9;-265,24;DTE;1
400193;-3;-88,42;DIT;1
400243;-1;-32.104,65;DIT;1
400243;-2;-64.209,30;DIT;1
400288;-2;-49.247,52;DIT;1
400288;-2;-49.247,52;DIT;1
400288;-1;-24.623,76;DIT;1
400288;-1;-24.623,76;DTE;1
400307;-7;-44,52;DIT;1
400307;-1;-6,36;DIT;1
400347;-130;-1.033,50;DIT;1
400366;-6;-38,46;DIT;1
400366;-6;-38,46;DIT;1
400366;-2;-12,82;DTM;1
400375;-6;-52,67;DIT;1
400375;-8;-70,23;DIT;1
400375;-22;-193,13;DIT;1
400434;-50;-1.375,14;DIT;1
400474;-500;-13.846,08;DIT;1
400474;-131;-3.627,67;DIT;1
400474;-53;-1.467,68;DIT;1
400506;-15;-158,47;DIT;1
400506;-100;-1.056,48;DIT;1
400506;-25;-264,12;DTE;1
400506;-3;-31,69;DTM;1
400506;-3;-31,69;DTM;1
400655;-8;-340,5;DIT;1
400655;-6;-255,37;DIT;1
400655;-8;-340,5;DTM;1
400655;-6;-255,37;DIT;1
400655;-8;-340,5;DIT;1
400655;-8;-340,5;DTM;1
400665;-9;-242;DIT;1
400665;-6;-161,33;DIT;1
400665;-27;-726,01;DIT;1
400673;-10;-13,88;DTM;1
400790;-34;-642,75;DIT;1
400790;-48;-907,41;DIT;1
400790;-2;-37,81;DIT;1
400790;-2;-35,79;DIT;1
400790;-8;-151,24;DIT;1
400790;-10;-189,04;DIT;1
400790;-2;-35,79;DIT;1
400805;-9;-49,53;DIT;1
400805;-50;-275,19;DIT;1
400805;-9;-49,53;DIT;1
400813;-9;-15,72;DTE;1
400813;-15;-26,21;DIT;1
400821;-600;-8.208,48;DIT;1
400827;-154;-432,63;DIT;1
400827;-91;-255,64;DIT;1
400827;-25;-70,23;DTE;1
400828;-120;0;DTM;1
400889;-6;-396,3;DIT;1
400910;-2;-44,29;DTM;1
400937;-144;-14.478,31;DIT;1
400937;144;14.478,31;DIT;1
400955;-2;-8,42;DTE;1
400955;-2;-8,42;DTE;1
401056;-3;-17,02;DTE;1
401056;-3;-17,02;DTM;1
401056;-17;-96,42;DIT;1
401056;-3;-17,02;DTM;1
401116;-9;-326,2;DTE;1
401116;-27;-978,61;DTE;1
401116;-18;-652,41;DTE;1
401117;-36;-441,31;DTE;1
401117;-6;-73,55;DTE;1
401117;-4;-49,03;DTM;1
401117;-22;-269,69;DIT;1
401131;-1;-12,57;DIT;1
401155;-3;-43,89;DTM;1
401193;-2;-13.773,36;DIT;1
401193;-2;-13.773,36;DIT;1
401193;-3;-20.660,03;DIT;1
401213;-1;-69,55;DTE;1
401213;-1;-69,55;DTE;1
401264;-3;-80,7;DTE;1
401264;-9;-242,1;DTE;1
401375;-3;-557,84;DTE;1
401375;-1;-185,95;DTM;1
401403;-2;-20,03;DTE;1
401436;-2;-11,39;DTE;1
401436;-2;-11,39;DIT;1
401465;-200;0;DIT;1
401465;-100;-1.214,80;DIT;1
401465;-30;-364,44;DTE;1
401465;-50;-607,4;DIT;1
401465;-54;-655,99;DTE;1
401471;-3;-85,75;DTE;1
401471;-3;-85,75;DTM;1
401471;-3;-85,75;DIT;1
401500;-4;-45,39;DTE;1
401500;-6;-68,08;DTE;1
401566;-22;-526,59;DTE;1
401566;-100;-2.393,59;DIT;1
401566;-12;-287,23;DTE;1
401568;-7;-8,67;DTE;1
401568;-14;-17,33;DTE;1
401576;-1;-22,98;DTE;1
401608;-15;-756,31;DTE;1
401608;-9;-453,79;DTE;1
401620;-14;-40,76;DTE;1
401620;-12;-34,94;DTE;1
401632;-1.000;-2.210,54;DIT;1
401632;1.000;2.210,54;DIT;1
401655;-2;-24,68;DTM;1
401683;-1;-187,8;DTM;1
401783;-14;-174,44;DIT;1
401806;-400;-12.892,32;DTM;1
401823;-28;-741,56;DIT;1
401834;-5;-55,14;DTE;1
401856;-1;-28,29;DTM;1
401856;-2;-56,59;DTM;1
401857;-15;-4.895,25;DTE;1
401857;-12;-3.916,20;DTE;1
401857;-3;-979,05;DTM;1
401857;-3;-979,05;DTE;1
401857;-3;-979,05;DTM;1
401864;-6;-20,97;DIT;1
401870;-12;-12,19;DTE;1
401870;-6;-6,1;DIC;1
401870;-26;-26,41;DIC;1
401888;-3;-91,45;DIC;1
401937;-18;-73,65;DIC;1
401937;-3;-12,27;DTE;1
401937;-6;-24,55;DTE;1
402065;-3;-47,26;DIT;1
402065;-2;-31,51;DTM;1
402105;-60;-2.732,48;DIT;1
402105;-12;-546,5;DTM;1
402105;-16;-728,66;DTM;1
402106;-1;-83,77;DTE;1
402111;-20;-104,51;DIT;1
402117;-100;-588,6;DIT;1
402117;-50;-294,3;DIT;1
402127;-16;-70,5;DTE;1
402127;-35;-154,23;DTE;1
402127;-4;-17,63;DTE;1
402132;-3;-30.249,12;DIT;1
402152;-50;-3.187,17;DIT;1
402152;-36;-2.294,77;DIT;1
402152;-18;-1.147,38;DIT;1
402152;-100;-6.374,35;DIT;1
402185;-3;-123,23;DTE;1
402221;-7;-285,7;DTE;1
402221;-12;-489,78;DTE;1
402221;-2;-81,63;DTM;1
402221;-1;-40,81;DTE;1
402221;-3;-122,44;DTM;1
402221;-1;-40,81;DTM;1
402265;-50;-284,14;DIT;1
402265;-3;-17,05;DIT;1
402287;-1;-10,87;DTE;1
402287;-100;-1.087,26;DIT;1
402307;-131;-9.339,62;DTE;1
402307;-60;-4.277,69;DTM;1
402307;-80;-5.703,59;DTE;1
402307;-60;-4.277,69;DTM;1
402312;-27;-303,55;DTE;1
402312;-14;-157,4;DTE;1
402312;-10;-112,43;DTE;1
402318;-350;-16.266,26;DIT;1
402318;-57;-2.649,08;DTE;1
402318;-444;-20.634,91;DIT;1
402359;-2;-12,8;DTE;1
402395;-215;-1.099,47;DTM;1
402401;-18;-473,13;DTE;1
402401;-6;-157,71;DTE;1
402433;-3;-452,43;DTM;1
402433;-9;-1.357,29;DTE;1
402433;-3;-452,43;DTM;1
402433;-15;-2.262,15;DIC;1
402443;-1;-105,18;DIC;1
402443;-1;-105,18;DIC;1
402447;-3;-15.914,25;DIC;1
402447;-2;-10.609,50;DIT;1
402447;-3;-15.914,25;DIT;1
402490;-4;-1.286,65;DIT;1
402587;-3;-87,98;DTE;1
402587;-2;-58,65;DTE;1
402592;72;8.742,99;DIT;1
402592;-72;-8.742,99;DIT;1
402660;-39;-225,98;DIT;1
402729;-3;-35,69;DTM;1
402733;-90;-537,29;DIT;1
402824;-180;-10.451,71;DIT;1
402824;180;10.451,71;DIT;1
403121;-2;-13,89;DTE;1
403121;-2;-13,88;DTE;1
403121;-2;-13,89;DTE;1
403182;-4;-840,49;DTM;1
403182;-4;-840,49;DTM;1
403204;-350;-970,53;DTM;1
403642;-182;-2.779,11;DCR;1
403656;-108;-2.596,15;DCR;1
403678;-115;-1,15;DTM;1
403804;-9;-73,1;DTE;1
403804;-38;-308,66;DTE;1
403804;-3;-24,37;DTE;1
403843;-522;-7.991,63;DIT;1
404009;-400;-2.349,58;DCR;1
404186;-100;-257,52;DTE;1
404740;-3;-231,12;DTE;1
404741;-24;-1.652,87;DIT;1
404741;-3;-206,61;DIT;1
404741;-3;-206,61;DIT;1
405382;-1;-1.903,46;DIT;1
405539;-54;-1.023,87;DTE;1
405539;-32;-606,74;DTE;1
408994;-18;-469,25;DIT;1
408994;-6;-156,42;DIT;1
408994;-50;-1.303,46;DIT;1
408995;-6;-157,89;DTM;1
800031;-28;-759,45;DIT;1
800033;-10;-59,23;DTM;1
800041;-250;-4.972,00;DIT;1
800108;-26;-113,55;DTM;1
800108;-1;-4,37;DTM;1
800116;-28;-163,42;DTM;1
800119;-1;-12,76;DTM;1
800119;-4;-51,06;DTM;1
800158;-12;-20,87;DIT;1
800223;-170;-235,72;DTM;1
800223;-11;-15,25;DTM;1
800223;-6;-8,32;DIT;1
800228;-50;-449,53;DIT;1
800266;-10;-158,01;DIT;1
800266;-3;-47,4;DTM;1
800274;-3;-35,55;DTM;1
800291;-3;-32,89;DTM;1
800337;-5;-350,82;DTM;1
800337;-12;-841,96;DTM;1
800337;-3;-210,49;DTM;1
800341;-54;-2.018,06;DTM;1
800435;-6;-88,94;DIT;1
800499;-76;-715,6;DTM;1
800499;-6;-56,49;DTM;1
800499;-4;-37,66;DTM;1
800654;-12;-1.819,87;DTM;1
800654;-25;-3.791,39;DIT;1
800654;-6;-909,93;DTM;1
800654;-20;-3.033,11;DIT;1
800668;-12;-34,09;DIT;1
800682;-400;-11.309,29;DIT;1
800705;-6;-130,42;DTM;1
800705;-42;-912,92;DIT;1
800717;-18;-1.276,61;DIT;1
800717;-1;-70,92;DIT;1
800717;-3;-212,77;DTM;1
800794;-50;-253,3;DIT;1
800808;-50;-471,57;DIT;1
800817;-3;-994,97;DIC;1
800817;-3;-994,97;DIC;1
800817;-20;0;DIC;1
800817;-3;-994,97;DIC;1
800817;-24;-7.959,74;DIT;1
800817;-25;-8.291,39;DIT;1
800817;-1;-331,66;DIT;1
800817;-2;-663,31;DIC;1
800822;-1;-23,65;DIC;1
800822;-3;-70,95;DIC;1
800822;-3;-70,95;DIC;1
800825;-12;-73,94;DTM;1
800842;-10;-252,3;DIT;1
800876;-18;-398,43;DTM;1
800884;-18;-227,35;DTM;1
800884;-120;0;DTM;1
800894;-3;-18,53;DTM;1
800894;-100;-617,63;DIT;1
800959;-25;-2.736,43;DIT;1
800982;-38;-1.127,52;DTM;1
801010;-1;-5,79;DTM;1
801010;-100;-579,31;DIT;1
801044;-1;-8,77;DTM;1
801044;-4;-35,09;DTM;1
801125;-6;-206,23;DTM;1
801199;-15;-113,09;DTM;1
801215;-1;-10,78;DTM;1
801228;-3;-6,08;DTM;1
801233;-100;-583,98;DIT;1
801233;-100;-583,98;DIT;1
801303;-100;-586,43;DIC;1
801303;-100;-586,43;DIT;1
801304;-6;-97,39;DTM;1
801313;-3;-85,58;DTM;1
801316;-150;-3.609,83;DIT;1
801346;-1;-16,54;DTM;1
801346;-3;-49,63;DTM;1
801352;-100;-583,87;DIT;1
801352;-3;-17,52;DTM;1
801352;-100;-583,87;DIT;1
801373;-100;-917,7;DIT;1
801373;-100;-917,7;DIT;1
801375;-100;-569,99;DIT;1
801375;-3;-17,1;DTM;1
801375;-3;-17,1;DTM;1
801834;-100;-579,29;DIT;1
801955;-100;-587,53;DIT;1
802249;-30;-6.560,11;DIT;1
802249;-4;-874,68;DTM;1
803368;-5;-147,37;DIT;1
803907;-50;-4.803,96;DIT;1
804631;-1;-1.528,35;DIT;1
805459;-1;-165,38;DTM;1
120261;-1;-158,87;DIT;1
120343;-1;-158,87;DIT;1
400011;-8;-837,92;DIT;1
400040;-2;-29.858,74;DIT;1
400072;-4;-11.292,73;DIT;1
400072;-3;-9.838,73;DIT;1
400072;-4;-11.292,73;DIT;1
400072;-3;-9.838,73;DIT;1
400073;-2;-27.731,13;DTE;1
400111;-16;-55,89;DIT;1
400140;-8;-57,71;DIT;1
400140;-127;-916,1;DTE;1
400142;-18;-1.276,42;DTE;1
400164;-1;-23,82;DIT;1
400192;-112;-1.624,79;DTE;1
400193;-8;-235,77;DIT;1
400193;-72;-2.121,96;DTE;1
400221;-5;-10.809,60;DIT;1
400221;-6;-12.971,52;DIT;1
400221;-3;-6.485,76;DIT;1
400224;-3;-4.848,88;DIT;1
400288;-1;-24.623,76;DTE;1
400307;-29;-184,44;DTE;1
400366;-4;-25,64;DIT;1
400375;-25;-219,47;DTE;1
400375;-3;-26,34;DTE;1
400434;-316;-8.690,86;DIT;1
400474;-16;-443,07;DIT;1
400474;-128;-3.544,60;DIT;1
400474;-649;-17.972,21;DIT;1
400506;-65;-686,71;DTE;1
400518;-30;-282,97;DIT;1
400790;-8;-151,24;DTE;1
400790;-78;-1.474,55;DTE;1
400805;-50;-275,19;DIT;1
400813;-257;-449,01;DTE;1
400813;-500;-873,56;DIT;1
400821;-455;-6.224,76;DTM;1
400827;-58;-162,94;DIT;1
400827;-845;-2.373,84;DIT;1
400908;-59;-5.249,25;DIT;1
400910;-24;-531,52;DIT;1
400942;-4;-18,74;DIT;1
400955;-78;-328,4;DTE;1
400968;-10;-20.123,12;DIT;1
401108;-63;-190,41;DIT;1
401116;-78;-2.827,09;DTE;1
401117;-66;-809,08;DTE;1
401127;-3;-6.171,54;DIT;1
401193;-1;-6.886,68;DIT;1
401264;-66;-1.775,39;DTE;1
401324;-1;-11.544,78;DIT;1
401360;-4;-6.188,60;DIT;1
401375;-3;-557,84;DIT;1
401438;-9;-101,32;DTE;1
401465;-16;-194,37;DTE;1
401465;-147;-1.785,76;DIT;1
401471;-12;-343,01;DIT;1
401500;-5;-56,74;DTE;1
401566;-4;-95,74;DIT;1
401566;-84;-2.010,62;DTE;1
401568;-3;-3,71;DIT;1
401576;-18;-413,63;DTE;1
401608;-12;-605,05;DTE;1
401620;-16;-46,59;DTE;1
401655;-15;-185,12;DTM;1
401686;-49;-583,32;DIT;1
401753;-81;-716,98;DTE;1
401834;-1;-11,03;DTE;1
401857;-2;-652,7;DIT;1
401857;-18;-5.874,29;DIT;1
401864;-12;-41,93;DIT;1
401870;-94;-95,49;DIT;1
401910;-3;-39,54;DIT;1
401910;-50;-659;DIT;1
401910;-100;-1.318,01;DIT;1
401937;-16;-65,47;DTE;1
402026;-18;-440,87;DTE;1
402027;-4;-5,15;DIT;1
402117;-30;-176,58;DIT;1
402123;-100;-586,43;DIT;1
402123;-50;-293,22;DIT;1
402127;-58;-255,57;DIT;1
402132;-1;-10.083,04;DIT;1
402152;-24;-1.529,84;DTE;1
402265;-15;-85,24;DIT;1
402265;-6;-34,1;DTE;1
402287;-127;-1.380,82;DIT;1
402312;-4;-44,97;DIT;1
402312;-37;-415,98;DTE;1
402312;-2;-22,49;DTE;1
402318;-117;-5.437,58;DTE;1
402318;-22;-1.022,45;DIT;1
402397;-314;-8.587,10;DTE;1
402433;-39;-5.881,60;DIT;1
402447;-5;-26.523,75;DIT;1
402447;-3;-15.914,25;DIT;1
402570;-1;-125,79;DIT;1
402587;-4;-117,31;DIT;1
402834;-3;-55.569,26;DTM;1
403121;-21;-145,79;DIT;1
403168;-33;-6.198,45;DTE;1
403323;-47;-144,42;DIT;1
403594;-2;-20,08;DTE;1
403642;-25;-381,75;DTE;1
403682;-3;-2,55;DTE;1
403686;-4;-226,79;DIT;1
403804;-51;-414,25;DIT;1
404040;-3;-0,42;DIT;1
404057;-2;-1,54;DIT;1
404069;-2;-2,02;DIT;1
404070;-2;-0,11;DIT;1
404157;-35;-810,49;DIT;1
404732;-6;-527,61;DIT;1
404985;-2;-0,26;DIT;1
405489;-1;-1,51;DTE;1
405539;-62;-1.175,55;DIT;1
408995;-8;-210,51;DIT;1
800327;-112;-3.177,83;DIT;1
800654;-3;-454,97;DTM;1
800676;-350;-11.623,40;DIT;1
800682;-31;-876,47;DIT;1
800717;-3;-212,77;DIT;1
800817;-3;-994,97;DIT;1
800822;-3;-70,95;DTM;1
801186;-25;-383,06;DTM;1
801352;-3;-17,52;DTM;1
805471;-20;-934,2;DTM;1
120051;-1;-108,28;DIC;1
120100;-1;-14,9;DIC;1
120182;-1;-158,2;DIC;1
120261;-1;-158,87;DIC;1
120261;-1;-158,87;DIC;1
120284;-2;-37,84;DIC;1
120332;-1;-159,09;DIC;1
400011;-1;-104,74;DTM;1
400040;-3;-44.788,10;DTE;1
400072;-15;-40.164,16;DIT;1
400137;-8;-25,2;DTM;1
400140;-16;-115,41;DTM;1
400140;-8;-57,71;DIC;1
400140;-12;-86,56;DIC;1
400221;-6;0;DTM;1
400243;-1;-32.104,65;DIC;1
400288;-1;-24.623,76;DIC;1
400288;-1;-24.623,76;DTM;1
400366;-4;-25,64;DTM;1
400366;-6;-38,46;DTM;1
400375;-6;-52,72;DTM;1
400375;-2;-17,57;DTM;1
400434;-300;-8.250,82;DIT;1
400484;-1;-16,02;DTM;1
400487;-215;-12.311,11;DTM;1
400506;-1;-10,56;DTM;1
400588;-1;-57,07;DTE;1
400594;-3;-282,13;DTM;1
400655;-22;-936,37;DTE;1
400655;-6;-255,37;DTE;1
400655;-36;-1.532,25;DTE;1
400655;-33;-1.404,56;DTE;1
400655;-36;-1.532,25;DTE;1
400655;-21;-893,81;DTE;1
400673;-19;-26,37;DTM;1
400790;-8;-151,24;DTE;1
400790;-2;-37,81;DTM;1
400790;-3;-56,71;DTE;1
400790;-8;-151,24;DTE;1
400790;-10;-189,04;DTE;1
400790;-30;-567,13;DIT;1
400790;-64;-1.209,88;DTE;1
400790;-4;-75,62;DTE;1
400790;-10;-189,04;DTM;1
400790;-8;-151,24;DTE;1
400790;-2;-37,81;DTE;1
400805;-3;-16,51;DTE;1
400805;-70;-385,26;DIT;1
400805;-100;-550,37;DIT;1
400813;-20;-34,94;DTM;1
400813;-500;-873,56;DIT;1
400813;-10;-17,47;DTM;1
400827;-50;-140,46;DIT;1
400910;-6;-134,86;DTM;1
400930;-2;-4,85;DIT;1
400937;-180;-18.097,88;DIT;1
400937;-140;-14.076,13;DIT;1
400937;-144;-14.478,31;DIT;1
400937;-240;-24.130,51;DIT;1
400937;-60;-6.032,63;DIT;1
400937;-100;-10.054,38;DIT;1
400968;-10;-20.123,12;DIT;1
400968;-2;0;DTM;1
400974;-2;-3,93;DTE;1
401036;-82;-1.974,00;DTM;1
401090;-1;-3,14;DTM;1
401116;-12;-434,94;DTM;1
401117;-4;-49,03;DTM;1
401127;-14;-28.800,52;DIT;1
401264;-6;-161,4;DTM;1
401264;-9;-242,1;DTE;1
401264;-10;-269;DIT;1
401435;-3;-16,93;DTM;1
401435;-3;-16,93;DTE;1
401465;-50;-607,4;DIT;1
401465;-50;-607,4;DIT;1
401485;-1;-147,3;DTE;1
401566;-3;-71,81;DTM;1
401566;-30;-718,08;DIT;1
401566;-50;-1.196,80;DIT;1
401632;-500;-1.105,27;DIT;1
401632;-500;-1.105,27;DIT;1
401632;-500;-1.105,27;DIT;1
401683;-1;-187,8;DTM;1
401686;-11;-130,95;DTM;1
401753;-2;-17,7;DTM;1
401753;-4;-35,41;DTM;1
401834;-14;-154,39;DIT;1
401844;-2;-187,81;DTM;1
401857;-20;-6.526,44;DIT;1
401910;-6;-79,08;DTE;1
401910;-3;-39,54;DTE;1
401910;-3;-39,54;DTE;1
401910;-3;-39,54;DTE;1
401927;-6;-50,74;DTM;1
401927;-3;-23,11;DTM;1
401959;-2;-360,22;DTM;1
401959;-2;-360,22;DTM;1
401959;-2;-360,22;DTM;1
401959;-3;-540,33;DTM;1
401959;-2;-360,22;DTM;1
401959;-2;-360,22;DTM;1
401959;-3;-540,33;DTM;1
401959;-8;-1.440,89;DTM;1
401959;-2;-360,22;DTM;1
401959;-2;-360,22;DTM;1
401959;-2;-360,22;DTM;1
401959;-8;-1.440,89;DTM;1
401959;-5;-900,55;DTM;1
401959;-1;-180,11;DTM;1
401959;-2;-360,22;DTM;1
401959;-2;-360,22;DTM;1
401959;-2;-360,22;DTM;1
401959;-2;-360,22;DTM;1
401959;-4;-720,44;DTM;1
402081;-6;-584,19;DTM;1
402105;-16;-728,66;DTM;1
402105;-6;-273,25;DIT;1
402117;-50;-294,3;DIT;1
402152;-50;-3.187,17;DIT;1
402152;-40;-2.549,74;DIT;1
402221;-4;-163,26;DTM;1
402221;-3;-122,44;DTM;1
402221;-2;-81,63;DTM;1
402296;-3;-34,75;DTM;1
402303;-500;-1.594,12;DIT;1
402307;-24;-1.711,08;DTM;1
402307;-28;-1.996,26;DTM;1
402307;-8;-570,36;DTM;1
402307;-50;-3.564,74;DIT;1
402312;-14;-157,41;DTM;1
402312;-1;-11,24;DTM;1
402354;-3;-15,74;DTM;1
402401;-6;-157,71;DTM;1
402433;-30;-4.524,31;DIT;1
402433;-3;-452,43;DTM;1
402447;-3;-15.914,25;DIT;1
402490;-2;-643,33;DTE;1
402490;-2;-643,33;DTE;1
402490;-7;-2.251,65;DTE;1
402592;-108;-13.114,48;DIT;1
402592;-72;-8.742,99;DIT;1
402592;-120;-14.571,65;DIT;1
402592;-180;-21.857,47;DIT;1
402741;-3;-16,9;DTE;1
402741;-3;-16,9;DTM;1
402824;-180;-10.451,71;DIT;1
402824;-180;-10.451,71;DIT;1
402824;-100;-5.806,50;DIT;1
402824;-144;-8.361,37;DIT;1
403121;-1;-6,94;DTM;1
403182;-6;-1.260,73;DTE;1
403182;-50;-10.506,12;DIT;1
403337;-81;-83.792,10;DPM;1
404071;-12;-1.969,41;DTM;1
404719;-2;-44,87;DTM;1
404732;-6;-527,6;DTE;1
405473;-6;-804,01;DTM;1
800007;-3;-13,77;DTE;1
800033;-30;-177,67;DTM;1
800033;-9;-53,3;DTE;1
800054;-8;-155,98;DTE;1
800119;-17;-216,99;DTE;1
800158;-10;-17,39;DTM;1
800158;-5;-8,69;DTE;1
800344;-1;-28,31;DTE;1
800362;-70;-477,32;DIT;1
800473;-4;-260,18;DTE;1
800499;-6;-56,49;DTE;1
800623;-12;-234,82;DTE;1
800654;-3;-454,97;DTM;1
800654;-3;-454,97;DTE;1
800654;-6;-909,93;DTM;1
800715;-2;-2,98;DTE;1
800717;-3;-212,77;DTE;1
800794;-50;-253,3;DIT;1
800817;-3;-994,97;DTE;1
800817;-6;-1.989,93;DTM;1
800822;-3;-70,95;DTM;1
800889;-3;-58,99;DTE;1
800959;-30;-3.283,72;DIT;1
801047;-32;-91,98;DTE;1
801087;-3;-34,99;DTM;1
801164;-12;-308,44;DTE;1
801215;-5;-53,92;DTE;1
801215;-3;-32,35;DTM;1
801256;-2;-170,61;DTE;1
801274;-20;-97,8;DTM;1
801311;-50;-1.509,00;DIT;1
801352;-70;-408,71;DIT;1
801352;-3;-17,52;DTE;1
801373;-50;-458,85;DIT;1
802215;-4;-56,34;DTE;1
803367;-10;-341,54;DTM;1
803452;-15;-336,7;DTM;1
804421;-12;-312,76;DTE;1
805471;-30;-1.401,30;DTM;1
400140;-4;-28,85;DTE;1
400142;-3;-212,74;DTE;1
400142;-6;-425,47;DTE;1
400142;-3;-212,74;DTE;1
400193;-6;-176,83;DTE;1
400193;-3;-88,42;DTE;1
400474;-50;-1.384,61;DTE;1
400594;-3;-282,13;DTE;1
400594;-56;-5.266,48;DTE;1
400594;-7;-658,31;DTE;1
400594;-7;-658,31;DTE;1
400594;-15;-1.410,66;DTE;1
400594;-47;-4.420,08;DTE;1
400594;-36;-3.385,60;DTE;1
400594;-103;-9.686,57;DTE;1
400827;-29;-81,47;DTE;1
400827;-42;-117,99;DTE;1
401116;-9;-326,2;DTE;1
401117;-4;-49,03;DTE;1
401117;-8;-98,07;DTE;1
401438;-1;-11,26;DTE;1
401465;-2;-24,3;DTE;1
401471;-3;-85,75;DTE;1
401471;-3;-85,75;DTE;1
401566;-4;-95,74;DTE;1
401576;-2;-45,96;DTE;1
401753;-5;-44,26;DTE;1
401786;-147;-2.077,14;DIT;1
401844;-3;-281,72;DTE;1
401857;-3;-978,97;DTE;1
401857;-6;-1.957,93;DTE;1
401857;-3;-978,97;DTE;1
401937;-12;-49,1;DTE;1
401937;-1;-4,09;DTE;1
401937;-1;-4,09;DTE;1
402026;-2;-48,99;DTE;1
402106;-4;-335,09;DTE;1
402127;-2;-8,81;DTE;1
402287;-4;-43,49;DTE;1
402312;-2;-22,49;DTE;1
402312;-2;-22,49;DTE;1
402312;-14;-157,41;DTE;1
402331;-1;-41,37;DTE;1
402401;-12;-315,42;DTE;1
402401;-12;-315,42;DTE;1
402587;-2;-58,65;DTE;1
402587;-2;-58,65;DTE;1
403121;-2;-13,89;DTE;1
403121;-2;-13,88;DTE;1
403804;-1;-8,12;DTE;1
403804;-11;-89,35;DTE;1
403804;-1;-8,12;DTE;1
404071;-3;-492,35;DTE;1
404719;-3;-67,3;DTE;1
404719;-4;-89,73;DTE;1
404741;-3;-206,61;DTE;1
408994;-12;-312,83;DTE;1
409751;-1;-30.687,93;DTM;1
120092;-5;-90,94;DIT;1
120092;-5;-90,94;DIT;1
120100;-1;-14,9;DIT;1
120136;-1;-106,93;DTM;1
120182;-2;-316,41;DTM;1
120254;-1;-106,48;DIT;1
120261;-1;-158,87;DIT;1
120261;-2;-317,74;DTM;1
120284;-2;-37,84;DIT;1
120332;-1;-159,09;DIT;1
120366;-1;-118,56;DIT;1
400011;-1;-104,74;DTM;1
400011;-1;-104,74;DTM;1
400011;-1;-104,74;DTM;1
400040;-1;-14.929,37;DTM;1
400072;-3;-7.189,74;DIT;1
400072;-3;-7.189,74;DIT;1
400072;-1;-2.235,91;DIT;1
400072;-7;-16.776,05;DIT;1
400072;-5;-17.238,89;DIT;1
400072;-7;-15.651,38;DIT;1
400072;-1;-2.396,58;DIT;1
400072;-5;-11.982,89;DIT;1
400072;-2;-4.793,16;DIT;1
400072;-4;-9.586,31;DIT;1
400072;-6;-23.844,06;DIT;1
400072;-3;-7.189,74;DIT;1
400073;-2;-27.731,13;DIT;1
400122;-2;-4,07;DTM;1
400130;-10;-29,84;DTM;1
400140;-8;-57,71;DTM;1
400140;-8;-57,71;DTM;1
400140;-4;-28,85;DTM;1
400140;-12;-86,56;DTM;1
400140;-12;-86,56;DTM;1
400140;-4;-28,85;DTM;1
400142;-3;-212,74;DTM;1
400193;-3;-88,41;DTE;1
400224;-4;-6.463,01;DIT;1
400224;-4;-6.463,01;DIT;1
400288;-1;-24.623,76;DTM;1
400366;-2;-12,82;DTM;1
400366;-2;-12,82;DTM;1
400366;-2;-12,82;DTM;1
400366;-2;-12,82;DTM;1
400366;-2;-12,82;DTM;1
400366;-4;-25,64;DTM;1
400380;-50;-145,94;DPM;1
400434;-170;-4.675,46;DIT;1
400434;-50;-1.375,14;DIT;1
400460;-1;-24,68;DTM;1
400460;-1;-24,68;DTM;1
400473;-1300;-27.106,55;DPM;1
400474;-400;-11.076,86;DPM;1
400487;-65;-3.721,96;DTM;1
400487;-77;-4.409,10;DTM;1
400487;-140;-8.016,54;DTM;1
400487;-140;-8.016,54;DTM;1
400487;-70;-4.008,27;DTM;1
400506;-1;-10,56;DTM;1
400506;-50;-528,24;DIT;1
400506;-3;-31,69;DTM;1
400506;-3;-31,69;DTM;1
400594;-3;-282,13;DTM;1
400594;-10;-940,44;DTM;1
400594;-13;-1.222,58;DTM;1
400603;-3;-85,81;DTM;1
400655;-8;-340,5;DTM;1
400655;-8;-340,5;DTM;1
400655;-3;-127,69;DTM;1
400673;-12;-16,65;DTM;1
400673;-2;-2,78;DTM;1
400673;-2;-2,78;DTM;1
400673;-3;-4,16;DTM;1
400673;-14;-19,43;DTM;1
400673;-6;-8,33;DTM;1
400758;-3;-1.197,50;DTM;1
400790;-12;-226,85;DTM;1
400790;-10;-189,04;DTM;1
400805;-3;-16,51;DTM;1
400813;-6;-10,48;DTM;1
400813;-10;-17,47;DTM;1
400827;-13;-36,52;DTE;1
400937;-400;-40.217,52;DPM;1
400968;-5;-10.061,56;DIT;1
400995;-1;-2.054,63;DTM;1
401108;-8;-24,18;DTM;1
401116;-3;-108,73;DTE;1
401116;-3;-108,73;DTE;1
401116;-6;-217,47;DTM;1
401117;-4;-49,03;DTE;1
401117;-4;-49,03;DTM;1
401117;-4;-49,03;DTM;1
401127;-1;-2.057,18;DIT;1
401155;-3;-43,89;DTM;1
401155;-3;-43,89;DTM;1
401193;-2;-10.891,76;DIT;1
401193;-2;-13.773,35;DIT;1
401324;-2;-23.089,55;DIT;1
401372;-8;-90,51;DIT;1
401403;-2;-20,03;DTM;1
401438;-6;-67,55;DIT;1
401465;-2500;-30.370,11;DPM;1
401531;-15;-130,48;DTM;1
401531;-10;-86,99;DTM;1
401531;-10;-86,99;DTM;1
401566;-2;-47,87;DTM;1
401566;-20;-478,72;DTE;1
401566;-3;-71,81;DTM;1
401566;-3;-71,81;DTM;1
401566;-3;-71,81;DTM;1
401568;-20;-24,76;DTE;1
401576;-6;-137,88;DIT;1
401576;-1;-22,98;DTM;1
401632;-500;-1.105,27;DPM;1
401632;-800;-1.768,43;DPM;1
401683;-1;-187,8;DTM;1
401683;-1;-187,8;DTM;1
401683;-1;-187,8;DTM;1
401709;-8;-1.400,26;DIT;1
401733;-14;-24,96;DIT;1
401753;-2;-17,7;DTM;1
401763;-30;-1.127,07;DIT;1
401844;-1;-93,91;DTE;1
401844;-4;-375,63;DTE;1
401844;-2;-187,81;DTM;1
401857;-3;-978,97;DTM;1
401870;-6;-6,1;DTE;1
401992;-3;-1.225,92;DIT;1
402065;-1;-15,75;DTM;1
402111;-3;-15,68;DTM;1
402127;-4;-17,63;DTM;1
402127;-4;-17,63;DTM;1
402127;-6;-26,44;DTM;1
402127;-4;-17,63;DTM;1
402127;-12;-52,88;DTM;1
402132;-2;-20.166,08;DIT;1
402136;-20;-39,28;DIT;1
402152;-6;-382,46;DTM;1
402221;-2;-81,63;DTM;1
402221;-1;-40,81;DTM;1
402221;-3;-122,44;DTM;1
402221;-1;-40,82;DTM;1
402221;-3;-122,44;DTM;1
402221;-2;-81,63;DTM;1
402230;-3;-32,62;DTM;1
402250;-20;-22,15;DTE;1
402307;-28;-1.996,26;DTM;1
402307;-16;-1.140,72;DTM;1
402307;-18;-1.283,31;DTM;1
402307;-4;-285,18;DTM;1
402307;-12;-855,54;DTM;1
402312;-1;-11,24;DTM;1
402312;-3;-33,73;DTM;1
402401;-3;-78,86;DTM;1
402407;-3;-1.726,65;DIT;1
402433;-3;-452,43;DTM;1
402433;-3;-452,43;DTM;1
402433;-3;-452,43;DTM;1
402433;-3;-452,43;DTM;1
402447;-2;-10.609,50;DIT;1
402447;-3;-15.914,25;DIT;1
402587;-2;-58,65;DTE;1
402592;-20;-2.428,61;DPM;1
402650;-1;-1.416,97;DTM;1
402675;-2;-684,37;DIT;1
402767;-300;-127.802,24;DPM;1
402807;-60;-38.999,54;DPM;1
402824;-70;-4.064,55;DPM;1
403121;-1;-6,94;DTM;1
403121;-1;-6,94;DTM;1
403121;-3;-20,83;DTE;1
403182;-3;-630,37;DTM;1
403182;-6;-1.260,74;DTM;1
403572;-400;-1.499,86;DPM;1
403574;-300;-19.300,68;DPM;1
403574;-15;-965,03;DTE;1
403579;-2000;-77.200,03;DPM;1
403593;-13;-128,05;DPM;1
403594;-2;-20,08;DTE;1
403647;-19;-389,3;DPM;1
403656;-6000;-144.230,81;DPM;1
403682;-100;-85;DPM;1
403710;-3;-26,22;DTM;1
403830;-65;-838;DPM;1
403838;-300;-920,31;DPM;1
403852;-200;-12.891,77;DPM;1
404009;-9000;-52.865,55;DPM;1
404071;-3;-492,35;DTM;1
404071;-3;-492,35;DTM;1
404160;-3;-105.325,65;DIT;1
404160;-3;-105.325,65;DIT;1
404162;-3;-105.325,65;DIT;1
404162;-2;-70.217,10;DIT;1
404166;-1;-35.108,55;DIT;1
404166;-1;-35.108,55;DIT;1
404170;-1;-35.108,55;DIT;1
404719;-1;-22,43;DTE;1
404719;-2;-44,87;DTM;1
404719;-4;-89,73;DTE;1
404732;-12;-1.055,21;DTM;1
404732;-3;-263,8;DTM;1
405382;-2;-3.806,93;DIT;1
405473;-6;-804,01;DTM;1
406859;-21;-142,62;DPM;1
407129;-1000;-8.279,47;DPM;1
407440;-400;-254.563,80;DPM;1
408291;-15900;-322.803,41;DPM;1
408994;-3;-78,21;DTM;1
408994;-6;-156,42;DTM;1
408995;-8;-210,51;DTM;1
800119;-20;-255,28;DIT;1
800158;-10;-17,39;DTM;1
800223;-22;-30,51;DTM;1
800223;-10;-13,87;DTM;1
800223;-1;-1,39;DTM;1
800223;-12;-16,64;DTM;1
800223;-11;-15,25;DTM;1
800228;-50;-449,53;DIT;1
800337;-1;-70,16;DTM;1
800344;-10;-283,07;DIT;1
800344;-1;-28,31;DTM;1
800362;-80;-545,51;DIT;1
800435;-2;-29,65;DTM;1
800496;-3;-65,24;DTM;1
800499;-4;-37,66;DTM;1
800499;-4;-37,66;DTM;1
800499;-6;-56,49;DTM;1
800499;-6;-56,49;DTM;1
800499;-2;-18,83;DTM;1
800592;-50;-653,43;DIT;1
800654;-6;-909,93;DTM;1
800654;-20;-3.033,11;DIT;1
800654;-3;-454,97;DTM;1
800654;-3;-454,97;DTM;1
800654;-1;-151,66;DTM;1
800654;-3;-454,97;DTM;1
800676;-300;-9.962,91;DPM;1
800717;-6;-425,54;DTM;1
800717;-3;-212,77;DTM;1
800717;-3;-212,77;DTM;1
800717;-3;-212,77;DTM;1
800794;-50;-253,3;DIT;1
800794;-3;-15,2;DTM;1
800808;-50;-471,53;DIT;1
800817;-3;-994,94;DTM;1
800817;-3;-994,94;DTM;1
800822;-3;-70,95;DTM;1
800822;-6;-141,91;DTM;1
800852;-10;-191,01;DIT;1
800889;-1;-19,66;DTM;1
800894;-3;-18,53;DTM;1
800894;-80;-494,1;DIT;1
800894;-100;-617,63;DIT;1
800929;-50;-645,82;DIT;1
800944;-50;-456,66;DIT;1
801010;-100;-579,31;DIT;1
801186;-4;-61,25;DTM;1
801186;-6;-91,87;DTM;1
801186;-50;-765,61;DIT;1
801199;-12;-90,47;DTM;1
801215;-3;-32,35;DTM;1
801225;-4;-117,23;DTM;1
801225;-40;-1.172,29;DIT;1
801233;-80;-467,18;DIT;1
801240;-200;-14.527,79;DIT;1
801303;-80;-469,14;DIT;1
801352;-100;-583,87;DIT;1
801375;-3;-17,1;DTM;1
801375;-100;-569,99;DIT;1
801375;-6;-34,2;DTM;1
801834;-100;-579,29;DIT;1
801834;-100;-579,29;DIT;1
801955;-100;-587,54;DIT;1
802249;-12;-2.624,04;DIT;1
803368;-5;-147,37;DTM;1
803368;-8;-235,79;DTM;1
803977;-700;-368,99;DPM;1
804391;-700;-1.303,21;DPM;1
805459;-3;-496,13;DTM;1
120050;-7;-745,33;DTM;1
120050;-2;-212,95;DTM;1
120107;-8;-851,8;DTM;1
120110;-2;-212,95;DTM;1
120110;-6;-638,85;DTM;1
120118;-1;-108,23;DTM;1
120136;-11;-1.176,20;DTM;1
120136;-13;-1.390,05;DTM;1
120141;-1;-158,87;DTO;1
120141;-5;-794,35;DTM;1
120141;-6;-953,22;DTM;1
120163;-1;-121,74;DTM;1
120167;-2;-212,95;DTM;1
120167;-1;-106,48;DTM;1
120182;-8;-1.265,63;DTM;1
120182;-1;-158,2;DTO;1
120182;-5;-791,02;DTM;1
120254;-1;-106,48;DTO;1
120254;-3;-319,43;DTM;1
120254;-1;-106,48;DTM;1
120255;-2;-212,95;DTM;1
120259;-1;-158,87;DTM;1
120259;-2;-317,74;DTM;1
120260;-5;-794,35;DTM;1
120260;-1;-158,87;DTM;1
120261;-7;-1.112,09;DTM;1
120261;-3;-476,61;DTM;1
120284;-1;-18,92;DTO;1
120332;-2;-318,17;DTM;1
120332;-3;-477,26;DTM;1
120334;-14;-2.227,22;DTM;1
120334;-10;-1.590,88;DTM;1
120335;-6;-954,53;DTM;1
120335;-10;-1.590,87;DTM;1
120336;-1;-155,59;DTM;1
120343;-6;-953,22;DTM;1
120343;-5;-794,35;DTM;1
120343;-6;-953,22;DTM;1
120344;-5;-794,35;DTM;1
120345;-3;-370;DTM;1
120345;-2;-246,67;DTM;1
120347;-2;-253,21;DTM;1
120366;-1;-118,55;DTO;1
120366;-10;-1.185,55;DTM;1
400011;-1;-104,74;DTE;1
400011;-1;-104,74;DTE;1
400040;-2;-29.858,74;DIT;1
400072;-2;-8.024,85;DIT;1
400072;-3;-12.037,28;DIT;1
400072;-2;-8.024,85;DIT;1
400072;-3;-12.037,28;DIT;1
400072;-10;-40.124,26;DIT;1
400072;-1;-4.012,43;DIT;1
400072;-3;-12.037,28;DIT;1
400072;-1;-4.012,43;DIT;1
400072;-6;-24.074,56;DIT;1
400072;-5;-20.062,13;DIT;1
400072;-3;-12.037,28;DIT;1
400072;-3;-12.037,28;DIT;1
400072;-1;-4.012,43;DTE;1
400072;-3;-12.037,28;DIT;1
400072;-2;-8.024,85;DIT;1
400072;-1;-4.012,43;DTE;1
400072;-3;-12.037,28;DIT;1
400072;-2;-8.024,85;DIT;1
400072;-8;-32.099,41;DIT;1
400072;-2;-8.024,85;DIT;1
400073;-3;-41.716,19;DIT;1
400073;-2;-27.810,79;DIT;1
400073;-2;-27.810,79;DIT;1
400111;-1;-3,49;DTM;1
400140;-4;-28,85;DTM;1
400140;-1;-7,21;DTE;1
400140;-1;-7,21;DTE;1
400140;-2;-14,43;DTE;1
400142;-1;-70,91;DTE;1
400142;-3;-212,74;DTM;1
400142;-1;-70,91;DTE;1
400142;-30;-2.127,37;DIT;1
400142;-3;-212,74;DTE;1
400142;-3;-212,74;DTE;1
400192;-3;-43,52;DTE;1
400193;-30;-884,15;DIT;1
400193;-3;-88,42;DTE;1
400193;-3;-88,41;DTE;1
400193;-6;-176,83;DTE;1
400221;-1;-2.161,92;DIT;1
400224;-9;-14.541,77;DTM;1
400224;-1;-1.615,75;DTM;1
400224;-2;-3.231,50;DTM;1
400224;-1;-1.615,75;DTM;1
400224;-1;-1.615,75;DTM;1
400224;-2;-3.231,50;DTM;1
400224;-1;-1.615,75;DTE;1
400224;-1;-1.615,75;DTM;1
400224;-1;-1.615,75;DTM;1
400224;-2;-3.231,50;DTE;1
400243;-2;-64.209,30;DIT;1
400243;-1;-32.104,65;DIT;1
400288;-1;-24.623,76;DIT;1
400288;-1;-24.623,76;DTM;1
400288;-2;-49.247,52;DIT;1
400288;-5;-123.118,79;DIT;1
400288;-3;-73.871,28;DIT;1
400307;-4;-25,44;DTM;1
400366;-6;-38,46;DTM;1
400442;-120;-586,24;DTE;1
400442;-158;-771,89;DTE;1
400474;-105;-2.907,68;DTE;1
400487;-63;-3.607,44;DTM;1
400506;-5;-52,82;DTE;1
400506;-7;-73,95;DTE;1
400506;-3;-31,69;DTM;1
400518;-6;-56,59;DTE;1
400532;-1;-2,65;DTE;1
400532;-1;-2,65;DTE;1
400594;-10;-940,44;DTM;1
400594;-7;-658,31;DTM;1
400594;-7;-658,31;DTM;1
400594;-3;-282,13;DTM;1
400594;-10;-940,44;DTM;1
400594;-63;-5.924,79;DTE;1
400594;-7;-658,31;DTE;1
400594;-7;-658,31;DTE;1
400594;-13;-1.222,58;DTE;1
400594;-25;-2.351,11;DIT;1
400655;-30;-1.276,87;DTM;1
400655;-2;-85,12;DTM;1
400661;-10;-77,13;DIT;1
400673;-36;-49,96;DTM;1
400673;-10;-13,88;DTM;1
400673;-2;-2,78;DTM;1
400730;-812;-14.782,21;DTE;1
400758;-30;0;DTM;1
400790;-10;-189,04;DTM;1
400790;-8;-151,24;DTE;1
400790;-8;-151,24;DTE;1
400805;-100;-550,37;DIT;1
400805;-500;0;DTM;1
400809;-4;-6,51;DTE;1
400809;-6;-9,76;DTE;1
400813;-300;-524,14;DIT;1
400813;-4;-6,99;DTE;1
400813;-2;-3,49;DTE;1
400813;-45;-78,62;DTE;1
400813;-5;-8,74;DTE;1
400827;-9;-25,28;DTE;1
400827;-12;-33,71;DTE;1
400827;-25;-70,23;DTE;1
400827;-16;-44,95;DTE;1
400827;-13;-36,52;DTE;1
400827;-100;-280,93;DIT;1
400889;-15;-990,75;DIT;1
400889;15;990,75;DIT;1
400889;-15;-990,75;DIT;1
400937;-210;-21.114,20;DIT;1
400955;-4;-16,84;DTE;1
400968;-1;-2.012,31;DIT;1
400974;-6;-11,8;DTE;1
401036;-332;-7.992,31;DTE;1
401090;-30;-94,3;DIT;1
401102;-30;-39,92;DIT;1
401105;-30;-96,23;DIT;1
401108;-30;-90,67;DIT;1
401116;-4;-144,98;DTE;1
401116;-3;-108,73;DTE;1
401116;-3;-108,73;DTE;1
401116;-6;-217,47;DTE;1
401116;-4;-144,98;DTE;1
401117;-100;0;DTM;1
401117;-4;-49,03;DTM;1
401117;-50;-612,94;DIT;1
401117;-4;-49,03;DTE;1
401127;-1;-2.058,06;DTE;1
401127;-1;-2.058,06;DTE;1
401127;-1;-2.058,06;DTE;1
401438;-1;-11,26;DTE;1
401489;-1;-5,81;DTE;1
401489;-2;-11,63;DTE;1
401531;-2;-17,4;DTM;1
401566;-3;-71,81;DTE;1
401566;-2;-47,87;DTE;1
401566;-100;-2.393,59;DIT;1
401566;-30;-718,08;DIT;1
401566;-2;-47,87;DTM;1
401753;-2;-17,7;DTM;1
401844;-6;-563,44;DTE;1
401856;-2;-56,59;DTM;1
401857;-3;-978,97;DTE;1
401857;-3;-978,97;DTE;1
401857;-1;-326,32;DTE;1
401857;-30;-9.789,66;DIT;1
401857;-3;-978,97;DTM;1
401857;-20;0;DTM;1
401870;-6;-6,1;DTE;1
401870;-12;-12,19;DTE;1
401870;-6;-6,1;DTE;1
401888;-3;-91,45;DTM;1
401910;-3;-39,54;DTE;1
401910;-20;-263,6;DIT;1
401927;-11;-93,02;DTE;1
401937;-6;-24,55;DTE;1
401937;-1;-4,09;DTE;1
401937;-4;-16,37;DTE;1
401937;-3;-12,27;DTE;1
401937;-1;-4,09;DTE;1
401959;-10;0;DTM;1
401981;-1000;-1.789,15;DIT;1
402081;-500;0;DTM;1
402081;-6;-584,19;DTM;1
402106;-1;-83,77;DTE;1
402106;-12;-1.005,27;DTM;1
402117;-500;0;DTM;1
402123;-50;-293,21;DIT;1
402127;-6;-26,44;DTE;1
402127;-6;-26,44;DTE;1
402127;-2;-8,81;DTM;1
402127;-4;-17,63;DTM;1
402132;-1;-10.083,04;DIT;1
402152;-2;-127,49;DTE;1
402152;-2;-127,49;DTE;1
402152;-91;-5.800,66;DIT;1
402185;-3;-123,23;DTE;1
402221;-1;-40,82;DTM;1
402221;-25;-1.020,37;DIT;1
402260;-60;0;DTM;1
402287;-1;-10,87;DTE;1
402287;-1;-10,87;DTE;1
402303;-1000;-3.188,25;DIT;1
402307;-40;-2.851,79;DTM;1
402307;-20;-1.425,90;DTM;1
402307;-16;-1.140,72;DTM;1
402307;-8;-570,36;DTM;1
402312;-12;-134,92;DTM;1
402312;-1;-11,24;DTM;1
402312;-7;-78,7;DTE;1
402312;-8;-89,95;DTE;1
402312;-2;-22,49;DTE;1
402312;-3;-33,73;DTE;1
402312;-30;-337,3;DIT;1
402318;-23;-1.068,93;DTM;1
402401;-1;-26,29;DTE;1
402401;-2;-52,57;DTE;1
402401;-36;-946,26;DTM;1
402401;-3;-78,86;DTE;1
402433;-1;-150,81;DTE;1
402433;-2;-301,62;DTE;1
402433;-3;-452,43;DTM;1
402433;-40;0;DTM;1
402447;-1;-5.304,75;DIT;1
402447;-1;-5.304,75;DIT;1
402447;-1;-5.304,75;DIT;1
402447;-1;-5.304,75;DIT;1
402570;-360;-45.283,21;DPM;1
402587;-2;-58,65;DTE;1
402587;-2;-58,65;DTE;1
402587;-1;-29,33;DTE;1
402625;-65;-187.105,16;DPM;1
402733;-1;-5,97;DTE;1
403121;-2;-13,89;DTE;1
403121;-2;-13,88;DTE;1
403182;-4;-840,49;DTM;1
403182;-180;0;DTM;1
403337;-1;-1.034,47;DIT;1
403594;-150;-1.506,19;DPM;1
403642;-10017;-152.957,89;DPM;1
403804;-1;-8,12;DTE;1
403804;-4;-32,49;DTE;1
403804;-4;-32,49;DTE;1
403804;-3;-24,37;DTE;1
403840;-4000;-17.286,20;DTM;1
404071;-3;-492,35;DTE;1
404719;-2;-44,87;DTE;1
404719;-1;-22,43;DTE;1
404719;-5;-112,16;DTE;1
404719;-2;-44,87;DTE;1
405473;-12;-1.608,01;DTM;1
407129;-600;-4.967,68;DPM;1
407129;-500;-4.139,74;DPM;1
409696;-40;-1.980,40;DTM;1
409696;-300;-14.853,01;DTM;1
800021;-30;-2.019,39;DIT;1
800021;-1000;0;DTM;1
800031;-200;-5.424,65;DIT;1
800031;-20;-542,46;DIT;1
800031;-150;-4.068,49;DIT;1
800031;150;4.068,49;DIT;1
800033;-2;-11,85;DTM;1
800033;-30;-177,68;DTM;1
800033;-13;-77;DTM;1
800033;-15;-88,84;DTM;1
800033;-10;-59,23;DTM;1
800033;-10;-59,23;DTM;1
800033;-3;-17,77;DTM;1
800033;-70;-414,59;DTM;1
800033;-12;-71,07;DTM;1
800033;-5;-29,61;DTM;1
800033;-15;-88,84;DTM;1
800054;-20;-389,96;DIT;1
800158;-2;-3,48;DTM;1
800158;-2;-3,48;DTM;1
800223;-10;-13,87;DTM;1
800228;-2;-17,98;DTM;1
800262;-10;0;DTM;1
800496;-2;-43,5;DTM;1
800499;-4;-37,66;DTM;1
800515;-2;-75,23;DTM;1
800557;-3;-74,74;DTM;1
800569;-120;0;DTM;1
800654;-6;-909,93;DTM;1
800654;-3;-454,97;DTM;1
800717;-20;-1.418,45;DIT;1
800717;-3;-212,77;DTM;1
800794;30;151,98;DIT;1
800794;-30;-151,98;DIT;1
800794;-30;-151,98;DIT;1
800794;-30;-151,98;DIT;1
800794;-50;-253,3;DIT;1
800817;-1;-331,65;DTM;1
800817;-3;-994,94;DTM;1
800817;-10;-3.316,47;DIT;1
800852;-200;0;DTM;1
800894;-500;0;DTM;1
800897;-1;-6,08;DTM;1
800944;-120;-1.095,99;DIT;1
801087;-32;0;DTM;1
801125;-2;-68,74;DTM;1
801216;-10;-73,81;DIT;1
801225;-3;-87,92;DTM;1
801311;-50;-1.509,00;DIT;1
801311;-50;-1.509,00;DIT;1
801311;-50;-1.509,00;DIT;1
801311;-50;-1.509,00;DIT;1
801373;-30;-275,31;DIT;1
801375;-3;-17,1;DTM;1
801834;-600;0;DTM;1
803452;-9;-202,02;DTM;1
803907;-70;-6.725,54;DIT;1
805459;-60;0;DTM;1
805459;-200;0;DTM;1
400011;-1;-104,74;DTM;1
400011;-2;-209,48;DTE;1
400011;-6;-628,44;DTE;1
400072;-5;-20.062,13;DIT;1
400111;-2;-6,99;DTE;1
400111;-2;-6,99;DTM;1
400130;-4;-11,94;DTM;1
400140;-2;-14,43;DTM;1
400140;-100;-721,34;DIT;1
400140;-4;-28,85;DTE;1
400140;-6;-43,28;DTE;1
400142;-3;-212,74;DTM;1
400142;-7;-496,39;DTE;1
400192;-6;-87,04;DTE;1
400192;-4;-58,03;DTE;1
400193;-50;-1.473,58;DIT;1
400193;-4;-117,89;DTM;1
400193;-18;-530,49;DTE;1
400193;-22;-648,38;DTE;1
400221;-1;-2.161,92;DIT;1
400221;-1;-2.161,92;DIT;1
400224;-5;-8.072,72;DIT;1
400224;-10;-16.145,43;DIT;1
400288;-1;-24.623,76;DTM;1
400307;-5;-31,8;DTE;1
400307;-4;-25,44;DTM;1
400344;-5;-161,49;DTE;1
400344;-3;-96,89;DTE;1
400366;-2;-12,44;DTM;1
400375;-6;-52,79;DTM;1
400378;-100;-121,64;DIT;1
400434;-19;-522,55;DIT;1
400442;-464;-2.266,80;DTE;1
400446;-1;-39,63;DTE;1
400460;-19;-469,01;DTM;1
400460;-1;-24,68;DTM;1
400460;-170;-4.196,42;DIT;1
400473;-350;-7.297,92;DIT;1
400474;-350;-9.692,26;DIT;1
400484;-3;-48,05;DTE;1
400484;-5;-80,08;DTE;1
400487;-130;-7.443,93;DTM;1
400505;-3;-35,54;DTM;1
400506;-45;-475,42;DTE;1
400506;-15;-158,47;DTE;1
400518;-3;-28,3;DTE;1
400543;-3;-35,69;DTE;1
400594;-45;-4.231,99;DTE;1
400655;-78;-3.319,86;DTE;1
400655;-54;-2.298,37;DTE;1
400673;-24;-33,31;DTM;1
400673;-2;-2,78;DTM;1
400758;-6;-2.394,99;DTE;1
400758;-15;-5.987,47;DTE;1
400790;-2;-37,81;DTM;1
400790;-50;-945,22;DIT;1
400790;-2;-37,81;DTM;1
400790;-32;-604,94;DTE;1
400790;-72;-1.361,12;DTE;1
400790;-2;-37,81;DTM;1
400790;-28;-529,32;DTE;1
400805;-3;-16,51;DTE;1
400813;-17;-29,7;DTE;1
400813;-10;-17,47;DTM;1
400813;-900;-1.572,41;DIT;1
400813;-20;-34,94;DTM;1
400827;-253;-710,26;DTE;1
400827;-178;-499,71;DTE;1
400906;-50;-4.799,01;DIT;1
400910;-18;-404,59;DTM;1
400937;-96;-9.652,20;DIT;1
400937;-180;-18.097,88;DIT;1
400937;-240;-24.130,51;DIT;1
400937;-84;-8.445,68;DIT;1
400937;-144;-14.478,31;DIT;1
400942;-22;-103,04;DTE;1
400942;-13;-60,89;DTE;1
400951;-6;-154,58;DTE;1
400955;-50;-210,51;DIT;1
400955;-3;-12,63;DTE;1
400955;-13;-54,73;DTE;1
400955;-13;-54,73;DTE;1
400968;-1;-2.012,31;DIT;1
400968;-1;-2.012,31;DIT;1
400968;-1;-2.012,31;DIT;1
400968;-1;-2.012,31;DIT;1
400968;-1;-2.012,31;DIT;1
401116;-60;-2.174,69;DTE;1
401116;-93;-3.370,77;DTE;1
401117;-2;-24,52;DTM;1
401117;-8;-98,07;DTM;1
401127;-1;-2.058,39;DIT;1
401127;-5;-10.291,94;DIT;1
401127;-10;-20.583,88;DIT;1
401264;-3;-80,77;DTE;1
401264;-6;-161,53;DTE;1
401372;-2;-22,63;DTE;1
401375;-3;-557,84;DTE;1
401403;-4;-40,07;DTE;1
401435;-3;-16,94;DTM;1
401438;-2;-22,52;DTE;1
401438;-4;-45,03;DTE;1
401463;-3;-18,82;DTM;1
401465;-31;-376,59;DTE;1
401465;-42;-510,22;DTE;1
401465;-127;-1.542,80;DIT;1
401485;-1;-147,26;DTE;1
401500;-3;-34,04;DTM;1
401500;-1;-11,35;DTE;1
401566;-44;-1.052,96;DTE;1
401566;-49;-1.172,61;DTE;1
401566;-1;-23,93;DTM;1
401566;-1;-23,93;DTM;1
401568;-4;-4,95;DTE;1
401568;-13;-16,09;DTE;1
401574;-1;-16,06;DTE;1
401574;-4;-64,22;DTE;1
401576;-1;-22,98;DTE;1
401576;-8;-183,84;DTE;1
401576;-6;-137,88;DTE;1
401608;-6;-302,52;DTE;1
401632;-300;-663,16;DIT;1
401632;-300;-663,16;DIT;1
401632;-300;-663,16;DIT;1
401753;-8;-70,86;DTE;1
401753;-9;-79,72;DTE;1
401753;-2;-17,72;DTM;1
401753;-2;-17,72;DTM;1
401773;-300;-322,66;DIT;1
401803;-2;-26,47;DTE;1
401856;-1;-28,29;DTM;1
401857;-3;-978,83;DTM;1
401857;-6;-1.957,67;DTE;1
401857;-3;-978,83;DTM;1
401857;-30;-9.788,34;DIT;1
401870;-12;-12,19;DTE;1
401870;-14;-14,23;DTE;1
401910;-3;-39,54;DTE;1
401927;-78;-1.637,03;DTE;1
401927;-47;-986,42;DTE;1
401927;-9;-188,89;DTE;1
401927;-12;-251,85;DTM;1
401927;-1;-20,99;DTE;1
401927;-3;-62,96;DTE;1
401927;-3;-62,96;DTE;1
401927;-3;-62,96;DTE;1
401927;-27;-566,67;DTE;1
401927;-6;-125,93;DTE;1
401927;-9;-188,89;DTE;1
401927;-93;-1.951,85;DTE;1
401927;-40;-839,5;DIT;1
401927;-60;-1.259,26;DTE;1
401937;-86;-351,87;DTE;1
401937;-49;-200,48;DTE;1
402026;-2;-48,99;DTE;1
402026;-9;-220,44;DTE;1
402026;-3;-73,48;DTM;1
402026;-5;-122,46;DTE;1
402065;-7;-110,28;DTE;1
402081;-6;-584,19;DTM;1
402106;-16;-1.340,36;DTE;1
402106;-4;-335,09;DTE;1
402117;-50;-294,3;DIT;1
402127;-3;-13,22;DTE;1
402127;-133;-586,02;DTE;1
402127;-73;-321,65;DTE;1
402152;-12;-764,92;DTE;1
402188;-1;-1.447,96;DTM;1
402221;-1;-40,84;DTE;1
402287;-2;-21,75;DTM;1
402287;-50;-543,63;DIT;1
402287;-2;-21,75;DTE;1
402296;-6;-69,5;DTM;1
402307;-36;-2.566,28;DTM;1
402307;-8;-570,28;DTM;1
402312;-4;-45,02;DTM;1
402312;-96;-1.080,56;DTE;1
402312;-146;-1.643,35;DTE;1
402318;-15;-697,13;DTM;1
402331;-12;-496,44;DTE;1
402331;-7;-289,59;DTE;1
402373;-4;-49,85;DTE;1
402373;-1;-12,46;DTE;1
402397;-150;-4.102,12;DIT;1
402401;-51;-1.340,21;DTE;1
402401;-135;-3.547,63;DTE;1
402433;-3;-466,25;DTM;1
402433;-35;-5.439,55;DIT;1
402433;-6;-932,49;DTE;1
402433;-21;-3.263,73;DTE;1
402587;-2;-58,65;DTE;1
402587;-50;-1.466,34;DIT;1
402587;-5;-146,63;DTE;1
402587;-5;-146,63;DTE;1
402592;-120;-14.571,65;DIT;1
402592;-84;-10.200,15;DIT;1
402660;-3;-17,38;DTE;1
402733;-3;-17,91;DTE;1
402824;-108;-6.271,02;DIT;1
402824;-108;-6.271,02;DIT;1
402824;-234;-13.587,22;DIT;1
402824;-54;-3.135,51;DIT;1
403121;-6;-41,63;DTE;1
403121;-1;-6,94;DTM;1
403121;-5;-34,69;DTE;1
403161;-50;-21.777,94;DIT;1
403182;-36;-7.563,33;DTE;1
403182;-12;-2.521,11;DTE;1
403323;-4;-12,29;DTE;1
403323;-10;-30,73;DTE;1
403327;-50;-810;DIT;1
403499;-1;-0,19;DTE;1
403499;-8;-1,5;DTE;1
403499;-3;-0,56;DTE;1
403499;-1;-0,19;DTE;1
403499;-1;-0,19;DTE;1
403499;-3;-0,56;DTE;1
403499;-9023;-1.688,37;DPC;1
403499;-9;-1,68;DTE;1
403594;-50;-502,06;DIT;1
403602;-15950;-19.461,64;DPC;1
403602;-75;-91,51;DTE;1
403642;-1000;-15.269,83;DIT;1
403804;-6;-48,74;DTE;1
403807;-12;-769,62;DTE;1
404071;-69;-11.328,56;DTE;1
404071;-3;-492,55;DTE;1
404719;-5;-112,16;DTE;1
404719;-3;-67,3;DTE;1
404719;-2;-44,87;DTE;1
404732;-60;-5.272,85;DTE;1
404732;-60;-5.272,85;DTE;1
405473;-6;-804,01;DTM;1
405539;-2;-37,92;DTE;1
407095;-136;-7.422,75;DPC;1
407355;-59;-11.183,55;DTE;1
800031;-231;-6.265,47;DIT;1
800033;-10;-59,23;DTM;1
800033;-15;-88,84;DTM;1
800119;-50;-638,19;DIT;1
800228;-50;-449,53;DIT;1
800362;-50;-340,94;DIT;1
800364;-1;-13,89;DTM;1
800654;-3;-454,97;DTM;1
800808;-50;-471,53;DIT;1
800817;-10;-3.316,47;DIT;1
800852;-44;-840,44;DIT;1
800889;-100;-1.966,28;DIT;1
800894;-50;-308,81;DIT;1
800959;-25;-2.736,43;DIT;1
801010;-100;-579,31;DIT;1
801199;-50;-376,95;DIT;1
801215;-6;-64,7;DTM;1
801215;-1;-10,78;DTM;1
801233;-50;-291,99;DIT;1
801274;-10;-48,9;DTM;1
801274;-20;-97,8;DTM;1
801303;-50;-293,22;DIT;1
801352;-50;-291,93;DIT;1
801373;-100;-917,71;DIT;1
801375;-100;-569,99;DIT;1
801375;-3;-17,1;DTM;1
801834;-100;-579,29;DIT;1
801955;-100;-587,53;DIT;1
804422;-3;-78,94;DTM;1
805459;-3;-496,13;DTM;1
120092;-5;-90,94;DIT;1
120092;-5;-90,94;DIT;1
120100;-1;-14,9;DIT;1
120110;-1;-106,48;DIT;1
120182;-1;-158,2;DIT;1
120261;-1;-158,87;DIT;1
120284;-2;-37,84;DIT;1
400011;-6;-628,44;DTE;1
400040;-3;-42.354,82;DIT;1
400072;-5;-20.062,13;DIT;1
400072;5;20.062,13;DIT;1
400111;-8;-27,95;DTE;1
400140;-4;-28,85;DTE;1
400140;-97;-699,7;DTE;1
400142;-3;-212,74;DTE;1
400142;-1;-70,91;DTE;1
400142;-3;-212,74;DTE;1
400142;-12;-850,95;DTE;1
400142;-1;-70,91;DTE;1
400192;-81;-1.175,07;DTE;1
400192;-1;-14,51;DTE;1
400193;-3;-88,42;DTE;1
400193;-36;-1.060,98;DTE;1
400193;-3;-88,41;DTE;1
400193;-1;-29,47;DTE;1
400221;-1;-2.161,92;DIT;1
400221;-1;-2.161,92;DIT;1
400288;-2;-49.430,27;DIT;1
400307;-15;-95,41;DTE;1
400344;-20;-645,94;DIT;1
400375;-12;-105,59;DTE;1
400380;-4;-11,68;DPM;1
400506;-5;-52,82;DTE;1
400506;-35;-369,77;DTE;1
400518;-24;-226,37;DTE;1
400733;-100;-5.698,00;DIT;1
400758;-15;0;DTM;1
400771;-20;-464,46;DIT;1
400790;-8;-151,24;DTE;1
400790;-60;-1.134,27;DTE;1
400827;-2;-5,61;DTE;1
400827;-13;-36,5;DTE;1
400827;-29;-81,41;DTE;1
400827;-13;-36,5;DTE;1
400827;-3;-8,42;DTE;1
400908;-45;-4.003,66;DTE;1
400937;-108;-10.858,73;DIT;1
400937;-108;-10.858,73;DIT;1
400937;-120;-12.065,25;DIT;1
400937;-48;-4.826,10;DIT;1
400942;-4;-18,74;DTE;1
400955;-54;-227,36;DTE;1
400968;-1;-2.012,31;DIT;1
401088;-3;-6,55;DTE;1
401108;-60;-181,34;DTE;1
401116;-3;-108,73;DTE;1
401116;-1;-36,24;DTE;1
401116;-3;-108,73;DTE;1
401116;-6;-217,47;DTE;1
401116;-42;-1.522,28;DTE;1
401117;-32;-392,28;DTE;1
401117;-42;-514,87;DTE;1
401117;-38;-465,83;DTE;1
401117;-4;-49,03;DTE;1
401117;-8;-98,07;DTE;1
401117;-8;-98,07;DTE;1
401117;-4;-49,03;DTE;1
401213;-1;-69,55;DTE;1
401324;-3;-34.742,71;DIT;1
401438;-1;-11,26;DTE;1
401471;-9;-257,26;DTE;1
401471;-3;-85,75;DTE;1
401471;-3;-85,75;DTE;1
401500;-3;-34,04;DTE;1
401559;-20;-480,59;DIT;1
401566;-3;-71,79;DTE;1
401566;-50;-1.196,54;DTE;1
401568;-5;-6,19;DTE;1
401608;-9;-453,79;DTE;1
401620;-17;-49,48;DTE;1
401632;-700;-1.547,38;DPM;1
401632;-1000;-2.210,54;DIT;1
401632;-300;-663,16;DIT;1
401632;-300;-663,16;DIT;1
401632;-100;-221,05;DIT;1
401733;-3;-5,35;DTE;1
401753;-39;-345,46;DTE;1
401857;-12;-3.915,34;DTE;1
401857;-3;-978,83;DTE;1
401857;-1;-326,28;DTE;1
401857;-3;-978,83;DTE;1
401857;-1;-326,28;DTE;1
401857;-3;-978,83;DTE;1
401857;-3;-978,83;DTE;1
401870;-6;-6,1;DTE;1
401870;-6;-6,1;DTE;1
401870;-72;-73,16;DTE;1
401888;-3;-91,45;DTE;1
401927;-48;-1.007,41;DTE;1
401927;-15;-314,81;DTE;1
401927;-3;-62,96;DTE;1
401927;-36;-755,55;DTE;1
401927;-33;-692,59;DTE;1
401927;-3;-62,96;DTE;1
401927;-3;-62,96;DTE;1
401927;-4;-83,95;DTE;1
401927;-3;-62,96;DTE;1
401927;-10;-209,88;DTE;1
401927;-4;-83,95;DTE;1
401927;-42;-881,48;DTE;1
401927;-1;-20,99;DTE;1
401937;-2;-8,18;DTE;1
401937;-1;-4,09;DTE;1
401937;-1;-4,09;DTE;1
401937;-1;-4,09;DTE;1
401937;-7;-28,64;DTE;1
402106;-2;-167,54;DTE;1
402111;-3;-15,68;DTE;1
402127;-31;-136,59;DTE;1
402127;-2;-8,81;DTE;1
402127;-6;-26,44;DTE;1
402132;-1;-10.083,04;DIT;1
402221;-1;-40,84;DTE;1
402287;-97;-1.054,64;DTE;1
402312;-5;-56,28;DTE;1
402312;-2;-22,51;DTE;1
402312;-2;-22,51;DTE;1
402312;-21;-236,37;DTE;1
402312;-2;-22,51;DTE;1
402359;-4;-25,61;DTE;1
402433;-21;-3.263,73;DTE;1
402433;-3;-466,25;DTE;1
402443;-1;-105,18;DTE;1
402587;-1;-29,33;DTE;1
402587;-2;-58,65;DTE;1
402587;-2;-58,65;DTE;1
402587;-2;-58,65;DTE;1
402587;-2;-58,65;DTE;1
402592;-30;-3.642,91;DPM;1
402592;-48;-5.828,66;DIT;1
402592;-120;-14.571,65;DIT;1
402672;-1;-23,11;DTE;1
402807;-20;-12.999,85;DPM;1
402824;-90;-5.225,85;DIT;1
402824;-108;-6.271,02;DIT;1
402824;-108;-6.271,02;DIT;1
403121;-2;-13,88;DTE;1
403121;-2;-13,88;DTE;1
403121;-5;-34,69;DTE;1
403121;-2;-13,88;DTE;1
403121;-2;-13,88;DTE;1
403121;-16;-111,02;DTE;1
403168;-26;-4.883,63;DTE;1
403182;-40;0;DTM;1
403337;-1;-1.034,47;DIT;1
403513;-80;-400,47;DPM;1
403602;-36;-43,93;DTE;1
403686;-4;-226,79;DTE;1
403804;-1;-8,12;DTE;1
403804;-24;-194,95;DTE;1
403804;-1;-8,12;DTE;1
403804;-2;-16,25;DTE;1
404071;-3;-492,55;DTE;1
404084;-2;-42,78;DTE;1
404084;-1;-21,39;DTE;1
404084;-1;-21,39;DTE;1
404157;-25;-578,92;DTE;1
404719;-1;-22,43;DTE;1
404732;-42;-3.691,00;DTE;1
404740;-1;-77,04;DTE;1
404740;-1;-77,04;DTE;1
404741;-1;-68,87;DTE;1
404741;-1;-68,87;DTE;1
404741;-1;-68,87;DTE;1
405539;-52;-985,94;DTE;1
407094;-6;-421,98;DTE;1
407129;-160;-1.324,72;DPM;1
407439;-22;-14.482,44;DPM;1
407440;-460;-292.748,36;DPM;1
800223;-100;-138,66;DIT;1
800717;-50;-3.546,12;DIT;1
800975;-1000;-6.255,98;DIT;1
803977;-200;-105,42;DPM;1
804391;-228;-424,47;DPM;1
120092;-5;-90,94;DIT;1
120092;-5;-90,94;DIT;1
120100;-1;-14,9;DIT;1
120136;-1;-106,93;DIT;1
120184;-4;-1.013,22;DTM;1
120284;-2;-37,84;DIT;1
120334;-1;-159,09;DIT;1
120343;-1;-158,87;DIT;1
400040;-3;-40.912,72;DIT;1
400072;-5;-20.062,13;DIT;1
400072;-9;-36.111,84;DIT;1
400072;-1;-4.012,43;DIT;1
400073;-1;-13.905,40;DTE;1
400137;-6;-18,9;DIT;1
400140;-1;-7,21;DTM;1
400140;-28;-201,97;DIT;1
400142;-3;-212,74;DIT;1
400183;-3;-910,3;DPM;1
400193;-9;-265,24;DIT;1
400221;-1;-2.161,92;DIT;1
400221;-1;-2.161,92;DIT;1
400224;-3;-4.843,63;DTE;1
400224;-2;-3.229,09;DIT;1
400224;-1;-1.614,54;DIT;1
400224;-1;-1.614,54;DTM;1
400224;-1;-1.614,54;DTM;1
400224;-1;-1.614,54;DTM;1
400292;-3;-1.225,92;DIT;1
400366;-7;-43,56;DTM;1
400375;-20;-175,98;DIT;1
400506;-3;-31,69;DIT;1
400673;-15;-20,82;DTM;1
400790;-8;-151,24;DIT;1
400805;-3;-16,51;DIT;1
400827;-60;-168,44;DIT;1
400910;-12;-269,73;DTM;1
400937;-144;-14.478,31;DIT;1
400937;-120;-12.065,25;DIT;1
400937;-700;-70.380,65;DPM;1
400937;-240;-24.130,51;DIT;1
400968;-1;-2.012,31;DIT;1
401090;-3;-9,43;DIT;1
401116;-9;-326,2;DIT;1
401117;-2;-24,52;DTM;1
401117;-20;-245,17;DIT;1
401127;-3;-6.176,05;DTE;1
401127;-1;-2.058,68;DIT;1
401296;-1;-2.206,43;DTE;1
401324;-2;-23.161,81;DTE;1
401435;-9;-50,81;DIT;1
401562;-3;-157,94;DTM;1
401620;-20;-58,22;DIT;1
401632;-300;-663,16;DIT;1
401632;-300;-663,16;DIT;1
401706;-3;-43,32;DTM;1
401711;-15;-340,11;DTM;1
401711;-6;-136,04;DTM;1
401711;-11;-249,41;DTM;1
401711;-3;-68,02;DTM;1
401711;-3;-68,02;DTM;1
401786;-150;-2.130,56;DIT;1
401857;-6;-1.957,67;DIT;1
401864;-9;-31,45;DIT;1
401992;-3;-1.225,92;DIT;1
402081;-180;0;DTM;1
402127;-4;-17,62;DTM;1
402136;-20;-39,28;DIT;1
402221;-7;-285,86;DIT;1
402287;-1;-10,87;DTM;1
402433;-3;-466,25;DIT;1
402448;-1;-28,19;DTM;1
402570;-20;-2.515,73;DPM;1
402592;-60;-7.285,82;DIT;1
402592;-200;-24.286,07;DPM;1
402592;-120;-14.571,65;DIT;1
402592;-180;-21.857,47;DIT;1
402675;-1;-342,19;DIT;1
402824;-90;-5.225,85;DIT;1
403337;-1;-1.034,47;DIT;1
403337;-1;-1.034,47;DIT;1
403337;-110;-113.791,75;DPM;1
403499;-160;-29,94;DPM;1
403499;-900;-168,41;DPM;1
403513;-300;-1.501,77;DPM;1
403574;-7;-450,35;DPM;1
403579;-249;-9.611,40;DPM;1
403602;-2000;-2.440,33;DPM;1
403642;-800;-12.215,86;DIT;1
403852;-150;-9.668,82;DPM;1
404009;-800;-4.699,16;DIT;1
404160;-2;-70.217,10;DPC;1
404160;-2;-70.217,10;DPC;1
404161;-1;-35.108,55;DPC;1
404161;-1;-35.108,55;DPC;1
404162;-2;-70.217,10;DPC;1
404170;-1;-35.108,55;DPC;1
404170;-2;-70.217,10;DPC;1
405382;-1;-1.903,46;DIT;1
408291;-32;-649,67;DPM;1
800031;-250;-6.780,81;DIT;1
800119;-1;-12,76;DTM;1
800119;-3;-38,29;DTM;1
800119;-1;-12,76;DTM;1
800266;-230;-3.634,34;DIT;1
800496;-58;-1.373,61;DTM;1
800496;-54;-1.278,88;DTM;1
800676;-100;-3.320,97;DPM;1
800705;-12;-261,34;DTM;1
800794;-4;-20,26;DIT;1
805459;-6;-992,27;DTM;1
400040;-3;-40.912,71;DIT;1
400069;-3;-4.228,79;DIT;1
400073;-2;-26.848,77;DIT;1
400140;-50;-360,67;DIT;1
400140;-50;-360,67;DIT;1
400192;-50;-725,35;DIT;1
400192;-30;-435,21;DIT;1
400192;-100;-1.450,71;DIT;1
400192;-30;-435,21;DIT;1
400193;-3;-88,42;DTE;1
400224;4;6.460,10;DIT;1
400224;-4;-6.460,10;DIT;1
400243;-1;-30.529,02;DIT;1
400288;-1;-23.262,45;DTM;1
400288;-2;-46.524,91;DIT;1
400288;-1;-23.262,45;DTM;1
400460;-200;-4.936,97;DIT;1
400473;-200;-4.170,24;DIT;1
400473;-300;-6.255,36;DIT;1
400474;-400;-11.076,86;DIT;1
400661;-28;-215,95;DIT;1
400790;-30;-567,13;DIT;1
400790;-30;-567,13;DIT;1
400790;-30;-567,13;DIT;1
400813;-400;-698,85;DIT;1
400813;-300;-524,14;DIT;1
400827;-200;-561,47;DIT;1
400827;-586;-1.645,12;DTE;1
400908;-6;-533,82;DIT;1
400942;-10;-46,84;DIT;1
401056;-6;-34,49;DTE;1
401079;-70;-1.430,21;DTE;1
401079;-90;-1.838,84;DTE;1
401116;-3;-108,73;DTE;1
401116;-50;-1.812,24;DIT;1
401117;-4;-49,03;DTE;1
401372;-2;-22,63;DTE;1
401375;-3;-557,84;DTE;1
401435;-50;-282,25;DIT;1
401465;-31;-376,59;DTE;1
401465;-2;-24,3;DTE;1
401465;-2;-24,3;DTE;1
401465;-1;-12,15;DTE;1
401465;-10;-121,48;DTE;1
401465;-20;-242,96;DTE;1
401465;-6;-72,89;DTE;1
401497;-10;-19,9;DTE;1
401678;-3;-7.597,26;DIT;1
401753;-10;-88,58;DIT;1
401857;-10;-3.262,78;DIT;1
401857;-30;-9.788,34;DIT;1
401927;-6;-125,93;DTE;1
401927;-18;-377,78;DTE;1
401927;-6;-125,93;DTE;1
401927;-36;-755,55;DTE;1
401927;-11;-230,86;DTE;1
401927;-63;-1.322,22;DTE;1
401927;-45;-944,44;DTE;1
402117;-100;-588,6;DIT;1
402117;-100;-588,6;DIT;1
402117;-100;-588,6;DIT;1
402136;-50;-98,2;DIT;1
402265;-3;-17,05;DTE;1
402307;-20;-1.425,71;DIT;1
402312;-50;-562,79;DIT;1
402312;-4;-45,02;DTE;1
402318;-500;-23.237,51;DIT;1
402318;-500;-23.237,51;DIT;1
402397;-196;-5.360,10;DIT;1
402433;-30;-4.662,47;DIT;1
402518;-50;-676,24;DIT;1
402587;-3;-87,98;DIT;1
402592;-120;-14.571,64;DIT;1
402660;-6;-34,92;DTE;1
402675;-1;-342,19;DIT;1
402733;-1;-5,85;DTE;1
402733;-150;-877,48;DIT;1
403337;-1;-1.034,36;DIT;1
403337;-1;-1.034,36;DIT;1
403499;-9;-1,68;DTE;1
403499;-1;-0,19;DTE;1
403499;-6;-1,12;DTE;1
403499;-4;-0,75;DTE;1
403499;-2;-0,37;DTE;1
403499;-24;-4,49;DTE;1
403499;-2;-0,37;DTE;1
403499;-6;-1,12;DTE;1
403499;-5;-0,94;DTE;1
403602;-24;-29,28;DTE;1
403602;-18;-21,96;DTE;1
403602;-72;-87,85;DTE;1
403602;-12;-14,64;DTE;1
403642;-200;-3.053,97;DIT;1
403642;200;3.053,97;DIT;1
403642;-200;-3.053,97;DIT;1
403642;-2000;-30.539,66;DIT;1
403804;-1;-8,12;DTE;1
403807;-12;-769,62;DTE;1
403843;-200;-3.061,93;DIT;1
403875;-30;-3.239,21;DIT;1
404009;-50;-293,7;DIT;1
404009;-500;-2.936,98;DIT;1
404009;-2000;-11.747,90;DIT;1
404009;-200;-1.174,79;DIT;1
404009;200;1.174,79;DIT;1
404009;-200;-1.174,79;DIT;1
404084;-60;-1.284,64;DTE;1
404732;-3;-263,64;DTE;1
404732;-12;-1.054,57;DTE;1
405382;-1;-1.903,46;DIT;1
405537;-11;-134,14;DTE;1
405537;-3;-36,59;DTE;1
405539;-10;-189,6;DTE;1
800021;-200;-13.462,59;DIT;1
800031;-400;-10.849,30;DIT;1
800054;-30;-584,94;DIT;1
800116;-3;-17,51;DTM;1
800223;-14;-19,41;DTM;1
800337;-2;-140,33;DTM;1
800344;-3;-84,92;DIT;1
800344;-3;-84,92;DIT;1
800362;-50;-340,94;DIT;1
800362;-30;-204,57;DIT;1
800362;-100;-681,88;DIT;1
800435;-2;-29,65;DTM;1
800496;-3;-71,05;DTM;1
800499;-50;-470,79;DIT;1
800499;-6;-56,49;DTM;1
800515;-50;-1.880,64;DIT;1
800515;-50;-1.880,64;DIT;1
800630;-5;-17,49;DIT;1
800630;-5;-17,49;DIT;1
800715;-10;-14,93;DIT;1
800715;-10;-14,92;DIT;1
800717;-9;-638,3;DTM;1
800717;-15;-1.063,84;DIT;1
800717;-50;-3.546,12;DIT;1
800762;-800;-20.806,97;DIT;1
800794;-200;-1.013,21;DIT;1
800817;-9;-2.984,82;DTM;1
800817;-20;-6.632,93;DIT;1
800824;-50;-388,26;DIT;1
800824;-100;-776,52;DIT;1
800852;-22;-420,22;DIT;1
800852;-2;-38,2;DIT;1
800852;-10;-191,01;DIT;1
800876;-9;-199,21;DTM;1
800894;-50;-308,81;DIT;1
800894;-50;-308,81;DIT;1
800894;-100;-617,63;DIT;1
800941;-20;-1.232,31;DIT;1
800944;-50;-456,66;DIT;1
800975;-400;-2.502,39;DIT;1
801010;-50;-289,66;DIT;1
801010;-50;-289,66;DIT;1
801010;-150;-868,97;DIT;1
801010;-30;-173,79;DIT;1
801047;-100;-287,43;DIT;1
801186;-1;-15,31;DTM;1
801199;-30;-226,17;DIT;1
801216;-50;-369,07;DIT;1
801225;-3;-87,92;DTM;1
801233;-50;-291,99;DIT;1
801233;-50;-291,99;DIT;1
801233;-50;-291,99;DIT;1
801303;-50;-293,22;DIT;1
801303;-50;-293,22;DIT;1
801303;-50;-293,21;DIT;1
801303;-50;-293,21;DIT;1
801304;-1;-16,23;DTM;1
801352;-100;-583,87;DIT;1
801352;-200;-1.167,74;DIT;1
801352;-50;-291,93;DIT;1
801375;-100;-569,99;DIT;1
801375;-150;-854,98;DIT;1
801375;-100;-569,99;DIT;1
801375;-100;-569,99;DIT;1
801375;-50;-284,99;DIT;1
801635;-50;-691,6;DIT;1
801635;-50;-691,6;DIT;1
801826;-50;-284,92;DIT;1
801834;-50;-289,64;DIT;1
801834;-50;-289,64;DIT;1
801834;-50;-289,64;DIT;1
801834;-100;-579,29;DIT;1
801955;-50;-293,77;DIT;1
801955;-30;-176,26;DIT;1
803907;-20;-1.913,84;DIT;1
803907;-20;-1.913,84;DIT;1
400011;-6;-628,44;DTE;1
400040;-1;-13.637,57;DTM;1
400040;-1;-13.637,57;DTM;1
400045;-1;-14.997,20;DTM;1
400072;-2;-8.024,85;DIT;1
400072;-5;-20.062,13;DIT;1
400072;-1;-4.012,43;DIT;1
400072;-4;-16.049,70;DIT;1
400072;-2;-8.024,85;DIT;1
400072;-2;-8.024,85;DIT;1
400111;-8;-27,95;DTE;1
400140;-97;-699,7;DTE;1
400140;-4;-28,85;DTE;1
400142;-3;-212,74;DTE;1
400142;-1;-70,91;DTE;1
400142;-1;-70,91;DTE;1
400142;-3;-212,74;DTE;1
400142;-12;-850,95;DTE;1
400142;-3;-212,74;DTE;1
400192;-1;-14,51;DTE;1
400192;-81;-1.175,08;DTE;1
400193;-36;-1.060,98;DTE;1
400193;-3;-88,42;DTE;1
400193;-1;-29,47;DTE;1
400193;-3;-88,41;DTE;1
400210;-2;-7.612,90;DIT;1
400224;-7;-11.309,44;DIT;1
400288;-1;-23.262,45;DTM;1
400292;-3;-1.225,92;DIT;1
400307;-15;-95,41;DTE;1
400375;-12;-105,59;DTE;1
400474;-146;-4.043,19;DIT;1
400506;-35;-369,96;DTE;1
400506;-5;-52,85;DTE;1
400518;-24;-226,37;DTE;1
400708;-13;-78,01;DTM;1
400708;-15;-90,01;DTM;1
400708;-10;-60,01;DTM;1
400708;-718;-4.308,46;DTE;1
400708;-45;-270,03;DTE;1
400708;-13;-78,01;DTM;1
400708;-15;-90,01;DTM;1
400708;-1108;-6.648,71;DTE;1
400708;-380;-2.280,24;DTM;1
400708;-101;-606,06;DTE;1
400708;-457;-2.742,29;DTE;1
400708;-15;-90,01;DTM;1
400708;-6;-36;DTM;1
400708;-57;-342,04;DTE;1
400708;-300;-1.800,19;DTM;1
400708;-117;-702,08;DTE;1
400708;-47;-282,03;DTE;1
400708;-47;-282,03;DTE;1
400708;-162;-972,1;DTE;1
400708;-187;-1.122,12;DTE;1
400708;-15;-90,01;DTM;1
400708;-15;-90,01;DTM;1
400708;-6;-36;DTE;1
400708;-337;-2.022,22;DTE;1
400708;-302;-1.812,19;DTE;1
400708;-187;-1.122,12;DTE;1
400708;-15;-90,01;DTM;1
400708;-54;-324,03;DTE;1
400708;-27;-162,02;DTE;1
400708;-33;-198,02;DTM;1
400708;-15;-90,01;DTM;1
400708;-58;-348,04;DTE;1
400708;-22;-132,01;DTE;1
400708;-43;-258,03;DTE;1
400708;-15;-90,01;DTM;1
400708;-15;-90,01;DTM;1
400708;-15;-90,01;DTM;1
400708;-82;-492,05;DTE;1
400708;-15;-90,01;DTM;1
400708;-20;-120,01;DTM;1
400708;-15;-90,01;DTM;1
400708;-15;-90,01;DTM;1
400708;-15;-90,01;DTM;1
400708;-15;-90,01;DTM;1
400708;-99;-594,06;DTE;1
400790;-60;-1.134,27;DTE;1
400790;-8;-151,24;DTE;1
400827;-13;-36,5;DTE;1
400827;-2;-5,61;DTE;1
400827;-13;-36,5;DTE;1
400827;-29;-81,41;DTE;1
400827;-3;-8,42;DTE;1
400908;-45;-4.003,66;DTE;1
400942;-4;-18,74;DTE;1
400955;-54;-227,36;DTE;1
400995;-2;-4.109,27;DIT;1
401088;-3;-6,55;DTE;1
401108;-60;-181,34;DTE;1
401116;-1;-36,24;DTE;1
401116;-3;-108,73;DTE;1
401116;-6;-217,47;DTE;1
401116;-3;-108,73;DTE;1
401116;-42;-1.522,28;DTE;1
401117;-8;-98,07;DTE;1
401117;-42;-514,87;DTE;1
401117;-8;-98,07;DTE;1
401117;-4;-49,03;DTE;1
401117;-38;-465,83;DTE;1
401117;-4;-49,03;DTE;1
401117;-32;-392,28;DTE;1
401127;-2;-4.117,76;DIT;1
401213;-1;-69,55;DTE;1
401260;-2;-5.928,99;DIT;1
401438;-1;-11,26;DTE;1
401471;-3;-85,75;DTE;1
401471;-3;-85,75;DTE;1
401471;-9;-257,26;DTE;1
401500;-3;-34,04;DTE;1
401566;-50;-1.196,54;DTE;1
401566;-3;-71,79;DTE;1
401568;-5;-6,19;DTE;1
401608;-9;-453,79;DTE;1
401620;-17;-49,48;DTE;1
401733;-3;-5,35;DTE;1
401753;-39;-345,46;DTE;1
401857;-3;-973,54;DTE;1
401857;-3;-973,54;DTE;1
401857;-1;-324,51;DTE;1
401857;-3;-973,54;DTE;1
401857;-3;-973,54;DTE;1
401857;-1;-324,51;DTE;1
401857;-12;-3.894,17;DTE;1
401870;-72;-73,16;DTE;1
401870;-6;-6,1;DTE;1
401870;-6;-6,1;DTE;1
401888;-3;-91,45;DTE;1
401927;-42;-881,48;DTE;1
401927;-36;-755,55;DTE;1
401927;-4;-83,95;DTE;1
401927;-3;-62,96;DTE;1
401927;-3;-62,96;DTE;1
401927;-48;-1.007,41;DTE;1
401927;-3;-62,96;DTE;1
401927;-15;-314,81;DTE;1
401927;-4;-83,95;DTE;1
401927;-33;-692,59;DTE;1
401927;-1;-20,99;DTE;1
401927;-10;-209,88;DTE;1
401927;-3;-62,96;DTE;1
401937;-1;-4,09;DTE;1
401937;-1;-4,09;DTE;1
401937;-7;-28,64;DTE;1
401937;-1;-4,09;DTE;1
401937;-2;-8,18;DTE;1
402106;-2;-167,54;DTE;1
402111;-3;-15,68;DTE;1
402127;-31;-136,59;DTE;1
402127;-2;-8,81;DTE;1
402127;-6;-26,44;DTE;1
402136;-20;-39,28;DIT;1
402221;-1;-40,84;DTE;1
402287;-97;-1.054,64;DTE;1
402312;-2;-22,51;DTE;1
402312;-2;-22,51;DTE;1
402312;-21;-236,37;DTE;1
402312;-5;-56,28;DTE;1
402312;-2;-22,51;DTE;1
402359;-4;-25,61;DTE;1
402433;-3;-465,87;DTE;1
402433;-21;-3.261,07;DTE;1
402443;-1;-105,18;DTE;1
402587;-2;-58,65;DTE;1
402587;-2;-58,65;DTE;1
402587;-2;-58,65;DTE;1
402587;-1;-29,33;DTE;1
402624;-1;-2.631,19;DTE;1
402624;-1;-2.631,19;DTE;1
402672;-1;-23,11;DTE;1
402675;-1;-342,19;DIT;1
403121;-2;-13,88;DTE;1
403121;-16;-111,02;DTE;1
403121;-2;-13,88;DTE;1
403121;-2;-13,88;DTE;1
403121;-2;-13,88;DTE;1
403121;-5;-34,69;DTE;1
403161;-50;-17.195,17;DIT;1
403168;-26;-4.883,63;DTE;1
403602;-36;-43,93;DTE;1
403686;-4;-226,79;DTE;1
403804;-1;-8,12;DTE;1
403804;-1;-8,12;DTE;1
403804;-2;-16,25;DTE;1
403804;-24;-194,95;DTE;1
404009;-352;-2.067,63;DIT;1
404071;-3;-492,55;DTE;1
404084;-1;-21,41;DTE;1
404084;-1;-21,41;DTE;1
404084;-1;-21,41;DTE;1
404084;-1;-21,41;DTE;1
404157;-25;-578,92;DTE;1
404719;-1;-22,43;DTE;1
404732;-42;-3.691,00;DTE;1
404740;-1;-77,04;DTE;1
404740;-1;-77,04;DTE;1
404741;-1;-68,87;DTE;1
404741;-1;-68,87;DTE;1
404741;-1;-68,87;DTE;1
405382;-1;-1.903,46;DIT;1
405539;-52;-985,94;DTE;1
407094;-6;-421,98;DTE;1
800031;-178;-4.827,94;DIT;1
800362;-50;-340,94;DIT;1
800794;-30;-151,98;DIT;1
800894;-100;-617,63;DIT;1
800941;-11;-677,77;DIT;1
801233;-11;-64,24;DIT;1
801233;-50;-291,99;DIT;1
801303;-50;-293,22;DIT;1
801352;-100;-583,87;DIT;1
801352;-50;-291,93;DIT;1
400011;-6;-628,44;DTE;2
400011;-1;-104,74;DTE;2
400040;-2;-27.275,14;DIT;2
400054;-35;-19,34;DPM;2
400140;-8;-57,71;DTE;2
400140;-8;-57,71;DTE;2
400140;-4;-28,85;DTE;2
400140;-1;-7,21;DTE;2
400140;-8;-57,71;DTE;2
400140;-6;-43,28;DTE;2
400140;-8;-57,71;DTE;2
400142;-3;-212,74;DTE;2
400142;-24;-1.701,89;DTE;2
400142;-3;-212,74;DTE;2
400142;-1;-70,91;DTE;2
400142;-3;-212,74;DTE;2
400142;-6;-425,47;DTE;2
400192;-2;-29,01;DTE;2
400193;-3;-88,42;DTE;2
400193;-3;-88,41;DTE;2
400193;-6;-176,83;DTE;2
400193;-3;-88,42;DTE;2
400224;-1;-1.615,63;DTM;2
400224;-1;-1.615,63;DTE;2
400224;-1;-1.615,63;DTE;2
400224;-2;-3.231,27;DTE;2
400224;-3;-4.846,90;DTE;2
400224;-10;-16.156,35;DTE;2
400224;-10;-16.156,35;DTE;2
400243;-1;-30.529,02;DIT;2
400288;-1;-23.262,45;DIT;2
400307;-12;-76,32;DTE;2
400366;-6;-37,33;DTE;2
400375;-6;-52,79;DTE;2
400375;-17;-149,58;DTE;2
400375;-4;-35,2;DTE;2
400473;-60;-1.251,07;DPM;2
400506;-5;-52,85;DTE;2
400506;-1;-10,57;DTE;2
400506;-25;-264,26;DTE;2
400506;-2;-21,22;DTE;2
400507;-250;0;DTM;2
400594;-1;-94,86;DTE;2
400594;-24;-2.276,54;DIT;2
400655;-6;-255,37;DTE;2
400758;-3;-1.197,50;DTE;2
400790;-12;-226,85;DTE;2
400790;-28;-529,32;DTE;2
400790;-54;-1.020,84;DTE;2
400790;-8;-151,24;DTE;2
400790;-8;-151,24;DTE;2
400790;-104;-1.966,06;DIT;2
400793;-10;0;DTM;2
400805;-12;-66,04;DTE;2
400809;-6;-9,76;DTE;2
400809;-4;-6,51;DTE;2
400827;-13;-36,5;DTE;2
400827;-27;-75,8;DTE;2
400827;-73;-204,94;DTE;2
400827;-42;-117,91;DTE;2
400827;-140;-393,03;DTE;2
400827;-3;-8,42;DTE;2
400827;-13;-36,5;DTE;2
400908;-4;-355,88;DTE;2
400908;-12;-1.067,64;DTE;2
400930;-100;-188,42;DIT;2
400937;-72;-7.239,15;DIT;2
400937;-240;-24.130,51;DIT;2
400937;-48;-4.826,10;DIT;2
400942;-2;-9,37;DTE;2
400955;-2;-8,42;DTE;2
400955;-4;-16,84;DTE;2
400955;-25;-105,26;DTE;2
401108;-3;-9,07;DTE;2
401108;-18;-54,4;DTE;2
401116;-3;-108,73;DTE;2
401116;-3;-108,73;DTE;2
401116;-3;-108,73;DTE;2
401116;-12;-434,94;DTE;2
401117;-4;-49,04;DTE;2
401117;-12;-147,1;DTE;2
401117;-4;-49,04;DTE;2
401117;-20;-245,17;DTE;2
401117;-4;-49,04;DTE;2
401127;-1;-2.059,03;DIT;2
401213;-2;-139,1;DTE;2
401234;-5;-32,34;DTE;2
401438;-2;-22,52;DTE;2
401438;-1;-11,26;DTE;2
401438;-1;-11,26;DTE;2
401465;-18;-218,8;DTE;2
401465;-20;-243,11;DIT;2
401471;-6;-171,51;DTE;2
401489;-1;-5,81;DTE;2
401489;-3;-17,44;DTE;2
401500;-2;-22,69;DTE;2
401500;-6;-68,08;DTE;2
401566;-3;-71,79;DTE;2
401566;-36;-861,51;DTE;2
401566;-2;-47,86;DTE;2
401566;-7;-167,52;DTE;2
401566;-2;-47,86;DTE;2
401568;-10;-12,38;DTE;2
401568;-11;-13,62;DTE;2
401568;-4;-4,95;DTE;2
401576;-1;-22,98;DTE;2
401576;-1;-22,98;DTE;2
401608;-50;-2.521,03;DIT;2
401608;-3;-151,26;DTE;2
401608;-15;-756,31;DTE;2
401620;-2;-5,82;DTE;2
401620;-14;-40,75;DTE;2
401632;-100;-221,05;DIT;2
401632;-500;-1.105,27;DIT;2
401632;-100;-221,05;DIT;2
401655;-48;-592,38;DIT;2
401706;-41;-591,99;DIT;2
401711;-18;-389,62;DTE;2
401711;-3;-64,94;DTE;2
401711;-6;-129,87;DTE;2
401733;-3;-5,35;DTE;2
401786;-30;-426,11;DTM;2
401823;-20;-557,25;DTE;2
401857;-1;-324,51;DTE;2
401857;-3;-973,54;DTE;2
401857;-18;-5.841,25;DTE;2
401857;-3;-973,54;DTE;2
401857;-3;-973,54;DTE;2
401857;-3;-973,54;DTE;2
401870;-24;-24,39;DTE;2
401870;-30;-30,48;DTE;2
401870;-6;-6,1;DTE;2
401870;-6;-6,1;DTE;2
401888;-6;-182,27;DTE;2
401927;-3;-62,96;DTE;2
401927;-3;-62,96;DTE;2
401927;-12;-251,85;DTE;2
401927;-3;-62,96;DTE;2
401937;-1;-4,09;DTE;2
401937;-2;-8,18;DTE;2
401937;-8;-32,73;DTE;2
401937;-2;-8,18;DTE;2
401937;-14;-57,28;DTE;2
401937;-12;-49,1;DTE;2
401937;-2;-8,18;DTE;2
401937;-1;-4,09;DTE;2
401937;-16;-65,46;DTE;2
401937;-7;-28,64;DTE;2
401937;-2;-8,18;DTE;2
401937;-1;-4,09;DTE;2
401937;-1;-4,09;DTE;2
402065;-2;-31,51;DTE;2
402106;-3;-251,32;DTE;2
402127;-28;-123,37;DTE;2
402127;-4;-17,62;DTE;2
402127;-8;-35,25;DTE;2
402127;-10;-44,06;DTE;2
402127;-4;-17,62;DTE;2
402136;-100;-196,4;DPM;2
402152;-6;-382,46;DTE;2
402161;-1;0;DTM;2
402185;-3;-123,23;DTE;2
402185;-3;-123,23;DTE;2
402221;-2;-81,67;DTE;2
402221;-2;-81,67;DTE;2
402221;-1;-40,84;DTE;2
402287;-8;-86,98;DTE;2
402287;-1;-10,87;DTE;2
402287;-6;-65,24;DTE;2
402307;-15;-1.069,28;DTE;2
402307;-60;0;DTM;2
402307;-110;-7.841,40;DTE;2
402312;-10;-112,56;DTE;2
402312;-2;-22,51;DTE;2
402312;-10;-112,56;DTE;2
402312;-2;-22,51;DTE;2
402312;-2;-22,51;DTE;2
402312;-2;-22,51;DTE;2
402312;-23;-258,88;DTE;2
402312;-1;-11,26;DTE;2
402318;-79;-3.670,67;DTE;2
402331;-2;-82,74;DTE;2
402354;-1;-5,25;DTE;2
402401;-9;-236,51;DTE;2
402401;-3;-78,84;DTE;2
402401;-3;-78,84;DTE;2
402407;-15;-8.633,25;DPM;2
402431;-100;-120;DPM;2
402433;-3;-465,87;DTE;2
402433;-15;-2.329,34;DTE;2
402433;-1;-155,29;DTE;2
402433;-3;-465,87;DTE;2
402443;-2;-210,36;DTE;2
402587;-2;-58,65;DTE;2
402587;-1;-29,33;DTE;2
402587;-2;-58,65;DTE;2
402587;-1;-29,33;DTE;2
402587;-2;-58,65;DTE;2
402587;-2;-58,65;DTE;2
402592;-36;-4.371,49;DIT;2
402592;-48;-5.828,66;DIT;2
402592;-240;-29.143,29;DIT;2
402672;-1;-23,11;DTE;2
402675;-5;-1.710,93;DPM;2
402733;-1;-5,85;DTE;2
402741;-3;-25,93;DTE;2
402741;-3;-25,93;DTE;2
402741;-3;-25,93;DTE;2
402741;-3;-25,93;DTE;2
402741;-3;-25,93;DTE;2
402741;-3;-25,93;DTE;2
402741;-3;-25,93;DTE;2
402741;-3;-25,93;DTE;2
402741;-3;-25,93;DTE;2
402741;-3;-25,93;DTE;2
402802;-3;-2.554,04;DIT;2
402824;-54;-3.135,51;DIT;2
402824;-306;-17.767,90;DIT;2
402824;-36;-2.090,34;DIT;2
402847;-3;-3.246,46;DIT;2
403121;-1;-6,94;DTE;2
403121;-4;-27,75;DTE;2
403121;-2;-13,88;DTE;2
403121;-2;-13,88;DTE;2
403121;-2;-13,88;DTE;2
403182;-6;-1.260,56;DTE;2
403323;-1;-3,07;DTE;2
403499;-2;-0,38;DTE;2
403499;-8;-1,5;DTE;2
403579;-100;-3.860,00;DPM;2
403642;-900;-13.742,85;DPM;2
403647;-6;-122,94;DTE;2
403804;-4;-32,49;DTE;2
403804;-1;-8,12;DTE;2
403804;-1;-8,12;DTE;2
403804;-1;-8,12;DTE;2
404010;-119;-11.942,80;DTE;2
404040;-200;-27,74;DPM;2
404071;-3;-492,55;DTE;2
404157;-6;-138,94;DTE;2
404719;-2;-44,87;DTE;2
404732;-3;-263,64;DTE;2
404740;-3;-231,12;DTE;2
404741;-9;-619,83;DTE;2
404745;-10;-501,6;DPM;2
405539;-44;-834,26;DTE;2
405539;-8;-151,68;DTE;2
407044;-10;-49;DPM;2
407094;-6;-421,98;DTE;2
407095;-5;-272,9;DTE;2
407356;-11;-2.105,26;DTE;2
408824;-3;-1.943,08;DPM;2
408991;-31;-1,6;DTE;2
409659;-5;-47,95;DPM;2
800007;-3;-13,77;DTE;2
800031;-200;-5.424,65;DIT;2
800058;-200;0;DTM;2
800062;-500;0;DTM;2
800070;-50;0;DTM;2
800070;-18;-18,89;DTE;2
800108;-25;0;DTM;2
800116;-15;0;DTM;2
800118;-10;0;DTM;2
800226;-5;0;DTM;2
800228;-30;0;DTM;2
800239;-5;0;DTM;2
800274;-5;0;DTM;2
800289;-100;0;DTM;2
800291;-3;-32,89;DTE;2
800337;-120;0;DTM;2
800344;-35;0;DTM;2
800345;-20;0;DTM;2
800357;-120;0;DTM;2
800499;-70;0;DTM;2
800515;-50;0;DTM;2
800536;-10;0;DTM;2
800681;-50;0;DTM;2
800682;-500;0;DTM;2
800717;-100;0;DTM;2
800717;-3;-212,77;DTE;2
800741;-400;0;DTM;2
800762;-150;0;DTM;2
800775;-500;0;DTM;2
800779;-5;0;DTM;2
800794;-150;0;DTM;2
800808;-150;0;DTM;2
800810;-100;0;DTM;2
800813;-40;0;DTM;2
800817;-50;0;DTM;2
800817;-3;-994,89;DTE;2
800824;-250;0;DTM;2
800825;-20;0;DTM;2
800848;-50;0;DTM;2
800884;-180;0;DTM;2
800889;-3;-58,99;DTE;2
800889;-250;0;DTM;2
800894;-100;0;DTM;2
800944;-20;0;DTM;2
800963;-10;0;DTM;2
800982;-20;0;DTM;2
801020;-50;0;DTM;2
801064;-4;-6,9;DTE;2
801064;-4;-6,9;DTE;2
801064;-6;-10,35;DTE;2
801079;-183;-5.294,25;DIT;2
801079;-300;0;DTM;2
801081;-40;0;DTM;2
801112;-10;-1.797,08;DIT;2
801112;-20;-3.594,16;DIT;2
801112;-50;-8.985,40;DIT;2
801135;-15;0;DTM;2
801157;-100;-140,57;DPM;2
801164;-40;0;DTM;2
801166;-10;0;DTM;2
801182;-10;0;DTM;2
801185;-500;0;DTM;2
801189;-300;0;DTM;2
801191;-10;0;DTM;2
801199;-80;0;DTM;2
801203;-5;0;DTM;2
801213;-3;-37,54;DTE;2
801215;-5;-53,93;DTE;2
801215;-50;0;DTM;2
801232;-50;0;DTM;2
801233;-50;0;DTM;2
801263;-500;0;DTM;2
801303;-200;0;DTM;2
801347;-10;0;DTM;2
801352;-60;0;DTM;2
801375;-500;0;DTM;2
801379;-9;0;DTM;2
801391;-15;0;DTM;2
801391;-57;-524,98;DIT;2
801400;-4;-398,62;DTE;2
801400;-50;-4.982,80;DIT;2
801400;-52;-5.182,12;DIT;2
801400;-30;0;DTM;2
801400;-60;-5.979,36;DIT;2
801635;-50;0;DTM;2
801826;-600;0;DTM;2
801955;-150;0;DTM;2
802213;-250;0;DTM;2
803123;-2;-17,73;DPM;2
803344;-200;0;DTM;2
803344;-50;0;DTM;2
803367;-120;0;DTM;2
803368;-120;0;DTM;2
803452;-30;0;DTM;2
803470;-50;-17.250,00;DIT;2
803907;-300;-28.707,55;DIT;2
804422;-12;0;DTM;2
804883;-250;0;DTM;2
805459;-150;0;DTM;2
805478;-100;0;DTM;2
400040;-4;-54.550,29;DTE;2
400040;-4;-54.550,29;DTE;2
400072;-1;-4.012,43;DTE;2
400140;-80;-577,07;DIT;2
400288;-1;-23.262,45;DTM;2
400288;-1;-23.262,45;DTM;2
400288;-1;-23.262,45;DTM;2
400288;-1;-23.262,45;DTE;2
400288;-1;-23.262,45;DTM;2
400460;-109;-2.690,65;DTE;2
400474;-350;-9.692,58;DIT;2
400474;-500;-13.846,54;DIT;2
400474;-57;-1.578,51;DTM;2
400474;-29;-803,1;DTE;2
400474;-4;-110,77;DTE;2
400474;-17;-470,78;DTE;2
400474;-84;-2.326,22;DTE;2
400487;-86;-4.924,45;DTM;2
400487;-74;-4.237,31;DTM;2
400487;-350;-20.041,35;DIT;2
400594;-56;-5.311,92;DTE;2
400594;-22;-2.086,83;DTE;2
400594;-10;-948,56;DTM;2
400594;-7;-663,99;DTE;2
400594;-3;-284,57;DTE;2
400594;-6;-569,13;DTM;2
400594;-7;-663,99;DTE;2
400594;-10;-948,56;DTM;2
400594;-50;-4.742,79;DIT;2
400594;-3;-284,57;DTE;2
400594;-28;-2.655,96;DTE;2
400655;-30;-1.276,87;DIT;2
400708;-19;-114,01;DTE;2
400708;-36;-216,02;DTE;2
400708;-110;-660,07;DTE;2
400708;-8;-48,01;DTM;2
400708;-9;-54,01;DTE;2
400708;-25;-150,02;DTE;2
400708;-9;-54,01;DTE;2
400708;-9;-54,01;DTE;2
400708;-9;-54,01;DTE;2
400708;-79;-474,05;DTE;2
400708;-2;-12;DTE;2
400708;-54;-324,03;DTE;2
400708;-85;-510,05;DTE;2
400708;-15;-90,01;DTM;2
400708;-10;-60,01;DTM;2
400708;-50;-300,03;DTM;2
400708;-10;-60,01;DTM;2
400708;-15;-90,01;DTM;2
400708;-15;-90,01;DTM;2
400790;-100;-1.890,44;DIT;2
400813;-30;-52,41;DTM;2
400813;-12;-20,97;DTE;2
400813;-10;-17,47;DTM;2
400813;-5;-8,74;DTE;2
400813;-1.000;-1.747,12;DIT;2
400813;-30;-52,41;DTM;2
400813;-2;-3,49;DTE;2
400813;-15;-26,21;DTE;2
400827;-100;-280,74;DIT;2
400827;-200;-561,47;DIT;2
400827;-200;-561,47;DIT;2
400908;-10;-889,7;DIT;2
400930;-100;-188,42;DIT;2
400937;-240;-24.130,51;DIT;2
400937;-228;-22.923,99;DIT;2
400937;-108;-10.858,73;DIT;2
401056;-100;-574,76;DIT;2
401117;-50;-612,94;DIT;2
401435;-28;-158,06;DIT;2
401566;-100;-2.393,08;DIT;2
401566;-100;-2.393,08;DIT;2
401632;-500;-1.105,27;DIT;2
401632;-300;-663,16;DIT;2
401753;-1;-8,86;DIT;2
401823;-5;-139,31;DTE;2
401823;-5;-139,31;DTE;2
401823;-20;-557,25;DTE;2
401823;-4;-111,45;DTM;2
401823;-1;-27,86;DTE;2
401823;-1;-27,86;DTE;2
401823;-1;-27,86;DTE;2
401857;-9;-2.920,63;DIT;2
401857;-20;-6.490,28;DIT;2
401898;-1;-45.998,78;DTM;2
402081;-6;-584,19;DTM;2
402081;-6;-584,19;DTM;2
402081;-6;-584,19;DTM;2
402123;-100;-586,43;DIT;2
402269;-40;-6.509,37;DIT;2
402269;-2;-325,47;DTE;2
402287;-100;-1.087,26;DIT;2
402307;-50;-3.564,27;DIT;2
402318;-168;-7.805,98;DTE;2
402318;-240;-11.151,39;DTM;2
402318;-254;-11.801,89;DTE;2
402318;-35;-1.626,24;DTE;2
402318;-366;-17.005,88;DTE;2
402318;-80;-3.717,13;DTM;2
402318;-300;-13.939,24;DIT;2
402318;-38;-1.765,64;DTE;2
402397;-32;-875,12;DIT;2
402397;-20;-546,95;DTM;2
402397;-88;-2.406,57;DTM;2
402433;-30;-4.658,67;DIT;2
402592;-52;-6.314,38;DIT;2
402592;-84;-10.200,15;DIT;2
402660;-100;-583,67;DIT;2
402733;-200;-1.169,98;DIT;2
402741;-100;-864,3;DIT;2
402824;-234;-13.587,22;DIT;2
402824;-180;-10.451,71;DIT;2
403323;-8;-24,58;DTE;2
403323;-18;-55,31;DTE;2
403409;-1;-57.529,13;DTE;2
405382;-1;-1.903,46;DIT;2
405473;-6;-804,01;DTM;2
405473;-6;-804,01;DTM;2
405473;-6;-804,01;DTM;2
407094;-2;-140,66;DTE;2
409696;-200;-9.899,28;DTM;2
409696;-10;-494,96;DTM;2
800031;-150;-4.068,49;DIT;2
800031;-100;-2.712,32;DIT;2
800031;-200;-5.424,65;DIT;2
800031;-300;-8.136,97;DIT;2
800033;-28;-165,93;DTM;2
800108;-3;-13,1;DTM;2
800108;-4;-17,47;DTM;2
800108;-3;-13,1;DTM;2
800108;-2;-8,74;DTM;2
800116;-2;-11,67;DTM;2
800116;-4;-23,35;DTM;2
800116;-30;-175,09;DIT;2
800116;-3;-17,51;DTM;2
800118;-2;-34,31;DTM;2
800118;-2;-34,31;DTM;2
800158;-10;-17,39;DTM;2
800158;-4;-6,96;DTM;2
800158;-5;-8,69;DTE;2
800158;-2;-3,48;DTM;2
800192;-1;-165,02;DTM;2
800223;-22;-28,79;DTM;2
800223;-11;-14,4;DTM;2
800223;-12;-15,7;DTM;2
800223;-10;-13,09;DTM;2
800223;-35;-45,8;DTM;2
800223;-12;-15,7;DTM;2
800266;-2;-31,6;DTM;2
800266;-1;-15,8;DTM;2
800291;-6;-65,78;DTM;2
800337;-6;-421,05;DTM;2
800337;-21;-1.473,66;DTM;2
800341;-100;-3.730,09;DIT;2
800348;-30;-545,3;DIT;2
800364;-3;-41,68;DTM;2
800364;-1;-13,89;DTM;2
800364;-3;-41,68;DTM;2
800417;-1;-46,42;DTM;2
800435;-2;-29,65;DTM;2
800435;-1;-14,82;DTM;2
800435;-1;-14,82;DTM;2
800473;-1;-65,05;DTM;2
800496;-12;-283,61;DTM;2
800496;-3;-70,9;DTM;2
800496;-60;-1.418,03;DIT;2
800496;-6;-141,8;DTM;2
800496;-6;-141,8;DTM;2
800496;-3;-70,9;DTM;2
800496;-3;-70,9;DTM;2
800496;-6;-141,8;DTM;2
800496;-3;-70,9;DTM;2
800496;-12;-283,61;DTM;2
800499;-6;-56,52;DTM;2
800499;-2;-18,84;DTM;2
800499;-8;-75,36;DTM;2
800499;-200;-1.883,90;DIT;2
800499;-16;-150,71;DTM;2
800499;-4;-37,68;DTM;2
800528;-3;-84,93;DTM;2
800596;-12;-25,58;DTM;2
800651;-2;-9,7;DTM;2
800651;-4;-19,4;DTM;2
800654;-3;-454,95;DTM;2
800654;-1;-151,65;DTM;2
800654;-6;-909,9;DTM;2
800654;-3;-454,95;DTM;2
800654;-3;-454,95;DTM;2
800654;-9;-1.364,85;DTM;2
800654;-12;-1.819,80;DTM;2
800654;-3;-454,95;DTM;2
800654;-6;-909,9;DTM;2
800654;-3;-454,95;DTM;2
800654;-3;-454,95;DTM;2
800654;-3;-454,95;DTM;2
800654;-30;-4.549,50;DIT;2
800682;-4;-113,09;DTM;2
800682;-2;-56,55;DTM;2
800682;-3;-84,82;DTM;2
800717;-3;-212,77;DTM;2
800717;-9;-638,3;DTM;2
800717;-9;-638,3;DTM;2
800717;-3;-212,77;DTM;2
800717;-3;-212,77;DTM;2
800717;-3;-212,77;DTM;2
800717;-3;-212,77;DTM;2
800717;-3;-212,77;DTM;2
800717;-3;-212,77;DTM;2
800717;-6;-425,53;DTM;2
800763;-4;-34,7;DTM;2
800763;-6;-52,05;DTM;2
800763;-6;-52,05;DTM;2
800794;-70;-354,62;DIT;2
800794;-100;-506,6;DIT;2
800808;-6;-56,58;DTM;2
800808;-1;-9,43;DTM;2
800808;-50;-471,53;DIT;2
800817;-1;-331,63;DTM;2
800817;-3;-994,89;DTM;2
800817;-6;-1.989,77;DTM;2
800817;-9;-2.984,66;DTM;2
800817;-9;-2.984,66;DTM;2
800817;-3;-994,89;DTM;2
800817;-3;-994,89;DTM;2
800817;-3;-994,89;DTM;2
800817;-9;-2.984,66;DTM;2
800817;-3;-994,89;DTM;2
800817;-3;-994,89;DTM;2
800817;-3;-994,89;DTM;2
800817;-6;-1.989,77;DTM;2
800822;-3;-68,81;DTM;2
800822;-9;-206,42;DTM;2
800822;-12;-275,23;DTM;2
800822;-6;-137,61;DTM;2
800822;-3;-68,81;DTM;2
800822;-3;-68,81;DTM;2
800822;-3;-68,81;DTM;2
800822;-6;-137,61;DTM;2
800884;-12;-151,56;DTM;2
800884;-9;-113,67;DTM;2
800884;-6;-75,78;DTM;2
800889;-3;-58,99;DTM;2
800889;-40;-786,51;DIT;2
800894;-3;-18,53;DTM;2
800894;-3;-18,53;DTM;2
800894;-3;-18,53;DTM;2
800894;-3;-18,53;DTM;2
800894;-3;-18,53;DTM;2
800894;-6;-37,06;DTM;2
800894;-100;-617,63;DIT;2
800894;-6;-37,06;DTM;2
800929;-80;-1.033,32;DIT;2
800944;-4;-36,53;DTM;2
800952;-1;-2,88;DTM;2
800982;-1;-24,69;DTM;2
800982;-6;-148,16;DTM;2
800982;-6;-148,16;DTM;2
801011;-3;-55,57;DTM;2
801011;-3;-55,57;DTM;2
801044;-1;-8,58;DTM;2
801044;-1;-8,58;DTM;2
801044;-1;-8,58;DTM;2
801047;-100;-287,43;DIT;2
801047;-200;-574,86;DIT;2
801047;-250;-718,57;DIT;2
801062;-3;-7,79;DTM;2
801125;-3;-103,11;DTM;2
801164;-3;-77,11;DTM;2
801164;-3;-77,11;DTM;2
801186;-1;-15,31;DTM;2
801186;-6;-91,83;DTM;2
801186;-3;-45,92;DTM;2
801199;-3;-22,59;DTM;2
801199;-6;-45,18;DTM;2
801199;-6;-45,18;DTM;2
801199;-50;-376,5;DIT;2
801240;-8;-581,11;DTM;2
801274;-40;-195,61;DTM;2
801304;-3;-48,69;DTM;2
801304;-1;-16,23;DTM;2
801346;-2;-32,48;DTM;2
801373;-50;-458,85;DIT;2
801375;-3;-17,1;DTM;2
801375;-3;-17,1;DTM;2
801375;-3;-17,1;DTM;2
801826;-3;-17,09;DTM;2
801826;-6;-34,18;DTM;2
801826;-3;-17,09;DTM;2
801826;-100;-569,69;DIT;2
801826;-51;-290,54;DIT;2
801826;-9;-51,27;DTM;2
801826;-3;-17,09;DTM;2
801826;-3;-17,09;DTM;2
801826;-1;-5,7;DTM;2
801834;-1;-5,79;DTM;2
802180;-20;-416,19;DIT;2
803368;-5;-147,44;DTM;2
803368;-2;-58,97;DTM;2
803368;-4;-117,95;DTM;2
803368;-2;-58,97;DTM;2
804421;-3;-78,19;DTM;2
804421;-3;-78,19;DTM;2
120092;-10;-181,87;DIC;2
120100;-2;-29,8;DIC;2
120170;-5;-257;DIC;2
120173;-1;-106,48;DTE;2
120255;-1;-106,48;DTE;2
120284;-5;-94,6;DIC;2
120457;-8;-368,4;DAG;2
120457;-2;-92,1;DAP;2
120458;-4;-49,12;DAG;2
120458;-1;-12,28;DAP;2
120459;-3;-168;DAP;2
120460;-4;-224;DAG;2
400011;-1;-104,74;DTM;2
400130;-5;-14,92;DTM;2
400130;-6;-17,91;DTM;2
400130;-1;-2,98;DTM;2
400140;-3;-21,64;DTM;2
400140;-8;-57,71;DTM;2
400140;-12;-86,56;DTM;2
400140;-8;-57,71;DTM;2
400142;-3;-212,74;DTM;2
400142;-3;-212,74;DTM;2
400142;-3;-212,74;DTM;2
400142;-3;-212,74;DTM;2
400142;-3;-212,74;DTM;2
400142;-3;-212,74;DTM;2
400193;-3;-88,41;DTM;2
400193;-3;-88,41;DTM;2
400193;-3;-88,41;DTM;2
400307;-2;-12,72;DTM;2
400366;-2;-12,45;DTM;2
400366;-8;-49,78;DTM;2
400366;-4;-24,89;DTM;2
400366;-2;-12,44;DTM;2
400375;-2;-17,6;DTM;2
400375;-1;-8,8;DTM;2
400484;-1;-16,02;DTM;2
400506;-3;-31,86;DTM;2
400506;-3;-31,86;DTM;2
400518;-2;-18,86;DTM;2
400545;-6;-97,75;DTM;2
400655;-8;-340,5;DTM;2
400655;-8;-340,5;DTM;2
400673;-3;-4,16;DTM;2
400673;-10;-13,88;DTM;2
400673;-12;-16,65;DTM;2
400673;-10;-13,88;DTM;2
400673;-1;-1,39;DTM;2
400673;-10;-13,88;DTM;2
400673;-13;-18,04;DTM;2
400673;-18;-24,98;DTM;2
400673;-6;-8,33;DTM;2
400673;-2;-2,78;DTM;2
400730;-750;-14.350,21;DTM;2
400730;-250;-4.783,40;DTM;2
400790;-10;-188,77;DTM;2
400790;-10;-188,77;DTM;2
400790;-10;-188,77;DTM;2
400790;-4;-75,51;DTM;2
400805;-3;-16,51;DTM;2
400851;-6;-134,55;DTM;2
400910;-12;-269,73;DTM;2
400910;-4;-89,91;DTM;2
400930;-6;-11,31;DTM;2
400930;-10;-18,84;DTM;2
400930;-16;-30,15;DTM;2
400930;-12;-22,61;DTM;2
400930;-6;-11,31;DTM;2
400942;-4;-18,74;DTM;2
400955;-2;-8,42;DTM;2
400955;-4;-16,84;DTM;2
400955;-100;-421,03;DPC;2
400955;-3;-12,63;DTM;2
400955;-2;-8,42;DTM;2
400968;-2;-3.991,86;DTE;2
400968;-1;-1.995,93;DTE;2
401056;-3;-17,24;DTM;2
401088;-1;-2,18;DTM;2
401108;-8;-24,2;DTM;2
401116;-6;-217,47;DTM;2
401117;-4;-49,04;DTM;2
401117;-2;-24,52;DTM;2
401117;-4;-49,04;DTM;2
401117;-6;-73,56;DTM;2
401117;-4;-49,04;DTM;2
401117;-4;-49,04;DTM;2
401117;-4;-49,04;DTM;2
401117;-6;-73,56;DTM;2
401117;-4;-49,04;DTM;2
401155;-2;-29,26;DTM;2
401155;-2;-29,26;DTM;2
401155;-2;-29,26;DTM;2
401155;-3;-43,89;DTM;2
401155;-8;-117,03;DTM;2
401260;-1;-2.964,49;DTM;2
401403;-2;-20,03;DTM;2
401403;-1;-10,02;DTM;2
401438;-1;-11,26;DTM;2
401451;-3;-70,94;DTM;2
401451;-3;-70,94;DTM;2
401451;-3;-70,94;DTM;2
401471;-3;-85,75;DTM;2
401471;-3;-85,75;DTM;2
401566;-2;-47,8;DTM;2
401566;-2;-47,8;DTM;2
401566;-3;-71,7;DTM;2
401576;-2;-45,96;DTM;2
401576;-3;-68,94;DTM;2
401632;-1.000;-2.210,54;DPC;2
401632;-3.000;-6.631,62;DPC;2
401655;-4;-49,37;DTM;2
401655;-120;-1.480,96;DPC;2
401683;-1;-187,8;DTM;2
401857;-3;-973,54;DTM;2
401857;-3;-973,54;DTM;2
401857;-3;-973,54;DTM;2
401857;-3;-973,54;DTM;2
401857;-3;-973,54;DTM;2
401857;-3;-973,54;DTM;2
401857;-3;-973,54;DTM;2
401888;-3;-91,14;DTM;2
401927;-6;-125,93;DTM;2
401927;-2;-41,98;DTM;2
401927;-6;-125,93;DTM;2
401927;-6;-125,93;DTM;2
402026;-1;-24,49;DTM;2
402026;-3;-73,48;DTM;2
402026;-3;-73,48;DTM;2
402027;-4.593;-5.910,13;DPC;2
402065;-2;-31,51;DTM;2
402065;-1;-15,75;DTM;2
402111;-3;-16,21;DTM;2
402111;-3;-16,21;DTM;2
402127;-6;-26,44;DTM;2
402127;-14;-61,69;DTM;2
402127;-3;-13,22;DTM;2
402127;-6;-26,44;DTM;2
402221;-2;-81,67;DTM;2
402221;-2;-81,67;DTM;2
402221;-3;-122,51;DTM;2
402287;-3;-32,62;DTM;2
402292;-40;-1.964,75;DPC;2
402307;-600;-42.771,28;DPC;2
402307;-16;-1.140,57;DTM;2
402307;-44;-3.136,56;DTM;2
402307;-40;-2.851,42;DTM;2
402307;-32;-2.281,13;DTM;2
402307;-28;-1.995,99;DTM;2
402307;-12;-855,43;DTM;2
402307;-4;-285,14;DTM;2
402307;-20;-1.425,71;DTM;2
402307;-60;-4.277,13;DTM;2
402312;-2;-22,52;DTM;2
402312;-3;-33,77;DTM;2
402312;-8;-90,06;DTM;2
402312;-1;-11,26;DTM;2
402401;-6;-157,67;DTM;2
402433;-3;-465,83;DTM;2
402433;-3;-465,83;DTM;2
402433;-2;-310,55;DTM;2
402433;-3;-465,83;DTM;2
402433;-3;-465,83;DTM;2
402433;-3;-465,83;DTM;2
402443;-50;-5.259,02;DPC;2
402592;-12;-1.457,17;DIT;2
402650;-1;-1.428,78;DTE;2
402650;-1;-1.428,78;DTE;2
402650;-5;-7.143,89;DTE;2
402650;-2;-2.857,56;DTE;2
402650;-8;-11.430,23;DTE;2
402650;-1;-1.428,78;DTM;2
402650;-1;-1.428,78;DTM;2
402650;-1;-1.428,78;DTM;2
402650;-1;-1.428,78;DTM;2
402650;-1;-1.428,78;DTM;2
402650;-1;-1.428,78;DTM;2
402650;-1;-1.428,78;DTM;2
402650;-1;-1.428,78;DTM;2
402650;-2;-2.857,56;DTM;2
402689;-1;-63,32;DTM;2
402720;-1;-11,26;DTM;2
402741;-3;-25,93;DTM;2
402741;-3;-25,93;DTM;2
402741;-3;-25,93;DTM;2
403182;-1;-210,09;DTM;2
403499;-15.000;-2.816,10;DPC;2
403594;-400;-4.016,51;DPC;2
403602;-1.000;-2.113,16;DPC;2
403641;-200;-2.063,49;DPC;2
403647;-8;-163,92;DPC;2
403682;-5.000;-4.249,86;DPC;2
403838;-600;-1.840,62;DPC;2
404071;-3;-492,55;DTM;2
404719;-2;-44,87;DTM;2
404732;-4;-351,52;DTM;2
404732;-6;-527,29;DTM;2
405491;-150;-147;DPC;2
407126;-20;-455,84;DPC;2
407355;-4;-758,24;DTE;2
407355;-45;-8.530,23;DTE;2
407355;-12;-2.274,73;DTE;2
800654;-9;-1.364,85;DTM;2
800817;-9;-2.984,66;DTM;2
800894;-3;-18,53;DTM;2
801178;-200;-2.749,76;DPC;2
801400;-20;-1.993,12;DIT;2
801745;-1.355;-194,83;DPC;2
804115;-600;-37.986,30;DPC;2
120188;-1;-8,59;DTO;2
400011;-6;-628,44;DTE;2
400111;-3;-10,48;DTE;2
400140;-40;-288,53;DTE;2
400142;-12;-850,95;DTE;2
400192;-14;-203,1;DTE;2
400193;-3;-88,41;DTE;2
400193;-14;-412,58;DTE;2
400193;-3;-88,41;DTE;2
400344;-1;-32,3;DTE;2
400375;-9;-79,19;DTE;2
400474;-178;-4.929,37;DIT;2
400484;-1;-16,02;DTE;2
400487;-142;-8.131,06;DIT;2
400506;-5;-53,09;DTE;2
400506;-5;-53,09;DTE;2
400506;-20;-212,37;DTE;2
400543;-6;-71,39;DTE;2
400543;-6;-71,39;DTE;2
400655;-9;-383,06;DTE;2
400730;-117;-2.238,62;DTM;2
400730;-180;-3.444,04;DTM;2
400730;-199;-3.807,57;DTM;2
400730;-183;-3.501,44;DTM;2
400730;-211;-4.037,17;DTM;2
400730;-260;-4.974,72;DTM;2
400730;-420;-8.036,08;DTM;2
400730;-440;-8.418,75;DTM;2
400730;-470;-8.992,76;DTM;2
400730;-500;-9.566,76;DTM;2
400730;-520;-9.949,43;DTM;2
400730;-300;-5.740,08;DIT;2
400758;-3;-1.197,50;DTE;2
400758;-3;-1.197,49;DTE;2
400758;-3;-1.197,50;DTE;2
400790;-12;-226,52;DTE;2
400790;-2;-37,75;DTE;2
400790;-32;-604,05;DTE;2
400805;-12;-66,04;DTE;2
400827;-30;-83,78;DTE;2
400827;-2;-5,59;DTE;2
400827;-154;-430,07;DTE;2
400827;-4;-11,17;DTE;2
400827;-14;-39,1;DTE;2
400827;-30;-83,78;DTE;2
400827;-28;-78,19;DTE;2
400889;-20;-1.321,01;DIT;2
400906;-1;-99,46;DTM;2
400906;-1;-99,46;DTM;2
400906;-6;-596,76;DTM;2
400906;-30;-2.983,90;DTE;2
400906;-14;-1.392,49;DTE;2
400906;-1;-99,46;DTM;2
400906;-5;-497,3;DTM;2
400906;-1;-99,46;DTM;2
400906;-4;-397,85;DTE;2
400906;-1;-99,46;DTE;2
400906;-5;-497,3;DTM;2
400906;-5;-497,3;DTM;2
400906;-1;-99,46;DTM;2
400906;-4;-397,84;DTM;2
400906;-4;-397,84;DTM;2
400906;-5;-497,3;DTM;2
400906;-1;-99,46;DTM;2
400906;-5;-497,3;DTM;2
400906;-4;-397,84;DTM;2
400906;-1;-99,46;DTM;2
400906;-1;-99,46;DTM;2
400906;-1;-99,46;DTM;2
400906;-5;-497,3;DTM;2
400906;-16;-1.591,41;DTE;2
400906;-4;-397,85;DTE;2
400906;-5;-497,3;DTM;2
400906;-1;-99,46;DTE;2
400906;-1;-99,46;DTM;2
400906;-4;-397,85;DTE;2
400906;-6;-596,76;DTM;2
400906;-3;-298,39;DTE;2
400906;-4;-397,85;DTE;2
400906;-6;-596,78;DTE;2
400906;-11;-1.094,10;DTE;2
400906;-4;-397,85;DTE;2
400906;-4;-397,85;DTE;2
400906;-16;-1.591,41;DTE;2
400906;-8;-795,69;DTM;2
400906;-1;-99,46;DTM;2
400906;-7;-696,23;DTM;2
400906;-1;-99,46;DTM;2
400906;-5;-497,3;DTM;2
400906;-1;-99,46;DTM;2
400906;-2;-198,92;DTM;2
400906;-5;-497,3;DTM;2
400906;-5;-497,32;DTE;2
400906;-5;-497,3;DTM;2
400906;-5;-497,3;DTM;2
400906;-8;-795,71;DTE;2
400906;-8;-795,69;DTM;2
400906;-16;-1.591,41;DTE;2
400906;-5;-497,3;DTM;2
400906;-4;-397,85;DTE;2
400906;-16;-1.591,41;DTE;2
400906;-36;-3.580,68;DTE;2
400906;-4;-397,85;DTE;2
400906;-4;-397,85;DTE;2
400906;-1;-99,46;DTM;2
400906;-4;-397,84;DTM;2
400906;-5;-497,3;DTM;2
400906;-4;-397,85;DTE;2
400906;-5;-497,3;DTM;2
400906;-4;-397,84;DTM;2
400906;-1;-99,46;DTM;2
400906;-1;-99,46;DTM;2
400906;-55;-5.470,49;DTE;2
400906;-17;-1.690,88;DTE;2
400906;-14;-1.392,49;DTE;2
400906;-2;-198,92;DTM;2
400906;-24;-2.387,12;DTE;2
400906;-23;-2.287,66;DTE;2
400906;-5;-497,32;DTE;2
400906;-4;-397,85;DTE;2
400906;-4;-397,85;DTE;2
400906;-4;-397,85;DTE;2
400906;-1;-99,46;DTM;2
400974;-71;-140,56;DTE;2
401102;-9;-11,98;DTE;2
401108;-3;-9,08;DTE;2
401108;-6;-18,15;DTE;2
401213;-1;-69,55;DTE;2
401296;-2;-4.429,18;DTM;2
401375;-3;-557,84;DTE;2
401375;-1;-185,95;DTE;2
401375;-4;-743,78;DTE;2
401403;-1;-10,02;DTE;2
401438;-1;-11,37;DTE;2
401438;-2;-22,74;DTE;2
401438;-1;-11,37;DTE;2
401465;-10;-121,56;DTE;2
401465;-30;-364,67;DTE;2
401465;-3;-36,47;DTE;2
401465;-9;-109,4;DTE;2
401465;-6;-72,93;DTE;2
401465;-74;-899,51;DTE;2
401465;-9;-109,4;DTE;2
401465;-3;-36,47;DTE;2
401465;-12;-145,87;DTE;2
401465;-5;-60,78;DTE;2
401471;-3;-95,19;DTE;2
401471;-12;-380,75;DTE;2
401500;-13;-147,51;DTE;2
401500;-2;-22,69;DTE;2
401500;-2;-22,69;DTE;2
401566;-8;-191,21;DTE;2
401566;-4;-95,6;DTE;2
401566;-16;-382,42;DTE;2
401566;-4;-95,6;DTE;2
401566;-2;-47,8;DTE;2
401566;-4;-95,6;DTE;2
401566;-8;-191,21;DTE;2
401576;-2;-46,01;DTE;2
401608;-12;-605,05;DTE;2
401608;-3;-151,26;DTE;2
401608;-3;-151,26;DTE;2
401608;-3;-151,26;DTE;2
401753;-7;-62,02;DTE;2
401823;-50;-1.393,14;DIT;2
401857;-12;-3.881,83;DTE;2
401910;-3;-34,78;DTE;2
401910;-3;-34,78;DTE;2
401910;-3;-34,78;DTE;2
401910;-50;-579,73;DIT;2
401927;-6;-125,93;DTE;2
401927;-18;-377,78;DTE;2
401927;-3;-62,96;DTE;2
401927;-3;-62,96;DTE;2
402026;-1;-24,49;DTE;2
402065;-1;-15,75;DTE;2
402105;-20;-921,98;DTM;2
402105;-24;-1.106,38;DTM;2
402105;-20;-921,98;DTM;2
402105;-20;-921,98;DTM;2
402105;-8;-368,79;DTM;2
402105;-4;-184,4;DTM;2
402105;-8;-368,79;DTM;2
402105;-8;-368,79;DTM;2
402105;-8;-368,79;DTM;2
402105;-8;-368,79;DTM;2
402105;-8;-368,79;DTM;2
402105;-10;-460,99;DTM;2
402105;-10;-460,99;DTM;2
402105;-10;-460,99;DTM;2
402105;-12;-553,19;DTM;2
402105;-12;-553,19;DTM;2
402105;-12;-553,19;DTM;2
402105;-12;-553,19;DTM;2
402105;-4;-184,4;DTM;2
402105;-12;-553,19;DTM;2
402105;-12;-553,19;DTM;2
402105;-10;-460,99;DTM;2
402105;-12;-553,19;DTM;2
402105;-12;-553,19;DTM;2
402105;-16;-737,59;DTM;2
402105;-16;-737,59;DTM;2
402105;-16;-737,59;DTM;2
402105;-16;-737,59;DTM;2
402105;-16;-737,59;DTM;2
402105;-14;-645,39;DTM;2
402111;-100;-540,31;DIT;2
402136;-20;-39,28;DIT;2
402185;-3;-123,23;DTE;2
402221;-8;-324,11;DTE;2
402230;-3;-32,62;DTE;2
402265;-1;-5,73;DTE;2
402312;-34;-382,77;DTE;2
402312;-6;-67,55;DTE;2
402312;-6;-67,55;DTE;2
402312;-3;-33,77;DTE;2
402312;-8;-90,06;DTE;2
402312;-33;-371,51;DTE;2
402312;-2;-22,52;DTE;2
402331;-7;-289,59;DTE;2
402331;-11;-455,07;DTE;2
402401;-9;-236,51;DTE;2
402407;-3;-1.726,65;DIT;2
402433;-12;-1.860,58;DTE;2
402443;-1;-105,18;DTE;2
402587;-2;-58,65;DTE;2
402587;-2;-58,65;DTE;2
402587;-1;-29,33;DTE;2
402675;-1;-342,19;DIT;2
403182;-6;-1.260,56;DTE;2
403182;-12;-2.521,11;DTE;2
403337;-1;-1.034,36;DIT;2
403337;-1;-1.034,36;DIT;2
403337;-1;-1.034,36;DIT;2
403602;-12;-25,36;DTE;2
403602;-73;-154,26;DTE;2
403602;-112;-236,68;DTE;2
403804;-1;-8,12;DTE;2
403804;-9;-73,1;DTE;2
403804;-8;-64,98;DTE;2
403804;-50;-406,14;DIT;2
403804;-1;-8,12;DTE;2
404009;-9.769;-57.382,62;DPC;2
404009;-6.723;-39.490,57;DPC;2
404071;-6;-986,27;DTE;2
404084;-15;-320,9;DTE;2
404166;-10;-351.085,50;DPC;2
404719;-1;-22,43;DTE;2
404719;-1;-22,43;DTE;2
404732;-3;-263,64;DTE;2
404740;-3;-231,12;DTE;2
404740;-3;-231,12;DTE;2
404985;-200;-26;DIT;2
405382;-1;-1.903,46;DIT;2
405382;-1;-1.903,46;DIT;2
407095;-7;-382,05;DTE;2
407096;-24;-5.177,48;DTE;2
407096;-27;-5.824,67;DTE;2
407356;-26;-4.976,06;DTE;2
408994;-3;-78,2;DTE;2
408994;-170;-4.431,26;DTE;2
408994;-3;-78,2;DTE;2
408994;-128;-3.336,48;DTE;2
800021;-50;-3.365,65;DIT;2
800031;-10;-271,23;DIT;2
800260;-10;-179,52;DIT;2
800369;-2;-66,93;DTE;2
800499;-4;-37,68;DTE;2
800630;-20;-69,96;DIT;2
800717;-3;-212,77;DTE;2
800816;-2;-434,3;DTM;2
800872;-100;-4.972,06;DIT;2
800894;-3;-18,53;DTE;2
800922;-2;-28,81;DTE;2
801047;-8;-22,99;DTE;2
801081;-12;-311,14;DIT;2
803443;-80;-885,58;DTM;2
803583;-606;-357,98;DTM;2
805159;-5;-9.082,30;DTM;2
120007;-1;-32,08;DTM;2
120100;-10;-149;DTM;2
120170;-2;-102,8;DTM;2
120182;-1;-158,2;DTO;2
120260;-1;-158,87;DTO;2
120261;-1;-158,87;DTO;2
120332;-1;-159,09;DTO;2
120335;-1;-159,09;DTO;2
120343;-1;-158,87;DTO;2
120392;-1;-519,84;DTM;2
400011;-1;-104,75;DTM;2
400011;-1;-104,75;DTM;2
400040;-1;-13.637,57;DTM;2
400072;-1;-4.012,43;DIT;2
400140;-8;-60,4;DTM;2
400140;-2;-15,1;DTM;2
400140;-2;-15,1;DTM;2
400140;-12;-90,59;DTM;2
400140;-8;-60,4;DTM;2
400140;-8;-60,4;DTM;2
400140;-4;-30,2;DTM;2
400140;-1;-7,55;DTM;2
400224;-4;-6.466,60;DIT;2
400288;-1;-23.262,45;DTM;2
400307;-4;-25,45;DTM;2
400307;-10;-63,62;DTM;2
400484;-2;-32,03;DTM;2
400673;-10;-13,88;DTM;2
400673;-10;-13,88;DTM;2
400673;-22;-30,53;DTM;2
400673;-41;-56,9;DTM;2
400673;-10;-13,88;DTM;2
400673;-12;-16,65;DTM;2
400673;-15;-20,82;DTM;2
400673;-9;-12,49;DTM;2
400673;-4;-5,55;DTM;2
400673;-16;-22,2;DTM;2
400730;-3.000;-57.400,59;DTE;2
400889;-20;-1.321,01;DIT;2
400906;-5;-497,3;DTM;2
400906;-5;-497,3;DTM;2
400906;-5;-497,3;DTM;2
400906;-9;-895,15;DTM;2
400906;-5;-497,3;DTM;2
400906;-6;-596,76;DTM;2
400942;-4;-18,74;DTM;2
400942;-2;-9,37;DTM;2
400955;-4;-16,84;DTM;2
400955;-4;-16,84;DTM;2
400955;-4;-16,84;DTM;2
400955;-2;-8,42;DTM;2
400968;-2;-3.991,86;DIT;2
400974;-11;-15,17;DTE;2
401116;-6;-217,49;DTM;2
401116;-6;-217,49;DTM;2
401116;-6;-217,49;DTM;2
401116;-6;-217,49;DTM;2
401117;-6;-73,59;DTM;2
401117;-4;-49,06;DTM;2
401117;-4;-49,06;DTM;2
401117;-18;-220,76;DTM;2
401117;-4;-49,06;DTM;2
401117;-4;-49,06;DTM;2
401117;-4;-49,06;DTM;2
401117;-4;-49,06;DTM;2
401117;-4;-49,06;DTM;2
401131;-18;-233,05;DTE;2
401131;-4;-51,79;DTE;2
401131;-36;-466,09;DTM;2
401131;-10;-129,47;DTE;2
401131;-11;-142,42;DTE;2
401131;-1;-12,95;DTE;2
401131;-7;-90,63;DTE;2
401131;-8;-103,58;DTE;2
401131;-3;-38,84;DTE;2
401131;-6;-77,68;DTE;2
401131;-2;-25,89;DTM;2
401131;-2;-25,89;DTM;2
401131;-3;-38,84;DTM;2
401131;-59;-763,88;DTE;2
401131;-7;-90,63;DTE;2
401131;-35;-453,15;DTE;2
401131;-5;-64,74;DTM;2
401131;-6;-77,68;DTM;2
401131;-2;-25,89;DTM;2
401131;-1;-12,95;DTM;2
401131;-98;-1.268,81;DTE;2
401131;-3;-38,84;DTE;2
401131;-3;-38,84;DTE;2
401131;-1;-12,95;DTE;2
401131;-17;-220,1;DTE;2
401131;-20;-258,94;DTE;2
401131;-2;-25,89;DTM;2
401131;-26;-336,62;DTE;2
401131;-36;-466,09;DTE;2
401131;-1;-12,95;DTM;2
401131;-13;-168,31;DTE;2
401131;-2;-25,89;DTM;2
401131;-2;-25,89;DTM;2
401131;-14;-181,26;DTM;2
401131;-7;-90,63;DTM;2
401131;-8;-103,58;DTM;2
401131;-6;-77,68;DTM;2
401131;-3;-38,84;DTM;2
401131;-2;-25,89;DTM;2
401131;-6;-77,68;DTM;2
401131;-6;-77,68;DTM;2
401131;-7;-90,63;DTM;2
401131;-6;-77,68;DTM;2
401131;-2;-25,89;DTM;2
401131;-6;-77,68;DTM;2
401131;-2;-25,89;DTM;2
401131;-13;-168,31;DTM;2
401131;-10;-129,47;DTM;2
401131;-4;-51,79;DTM;2
401131;-6;-77,68;DTM;2
401131;-5;-64,74;DTM;2
401131;-8;-103,58;DTM;2
401131;-2;-25,89;DTM;2
401131;-2;-25,89;DTE;2
401131;-4;-51,79;DTM;2
401131;-14;-181,26;DTE;2
401131;-11;-142,42;DTE;2
401131;-10;-129,47;DTE;2
401131;-128;-1.657,22;DTE;2
401131;-61;-789,77;DTE;2
401131;-2;-25,89;DTM;2
401131;-1;-12,95;DTM;2
401131;-83;-1.074,60;DTE;2
401131;-1;-12,95;DTE;2
401131;-1;-12,95;DTE;2
401131;-11;-142,42;DTM;2
401131;-2;-25,89;DTM;2
401131;-9;-116,52;DTM;2
401131;-15;-194,21;DTE;2
401131;-4;-51,79;DTM;2
401131;-14;-181,26;DTM;2
401131;-24;-310,73;DTE;2
401131;-1;-12,95;DTE;2
401131;-1;-12,95;DTE;2
401131;-12;-155,36;DTE;2
401131;-1;-12,95;DTE;2
401131;-2;-25,89;DTE;2
401131;-2;-25,89;DTE;2
401131;-31;-401,36;DTE;2
401131;-4;-51,79;DTE;2
401131;-3;-38,84;DTM;2
401131;-2;-25,89;DTM;2
401131;-6;-77,68;DTM;2
401131;-2;-25,89;DTM;2
401131;-74;-958,08;DIT;2
401131;-9;-116,52;DTM;2
401131;-7;-90,63;DTM;2
401131;-3;-38,84;DTM;2
401131;-12;-155,36;DTM;2
401131;-2;-25,89;DTM;2
401131;-2;-25,89;DTM;2
401131;-20;-258,94;DTM;2
401131;-2;-25,89;DTM;2
401131;-6;-77,68;DTM;2
401131;-4;-51,79;DTM;2
401131;-16;-207,15;DTM;2
401131;-8;-103,58;DTM;2
401131;-8;-103,58;DTM;2
401131;-2;-25,89;DTM;2
401131;-4;-51,79;DTM;2
401131;-6;-77,68;DTM;2
401131;-4;-51,79;DTM;2
401131;-6;-77,68;DTM;2
401131;-2;-25,89;DTM;2
401131;-1;-12,95;DTM;2
401131;-23;-297,78;DTE;2
401131;-2;-25,89;DTM;2
401131;-6;-77,68;DTM;2
401131;-6;-77,68;DTE;2
401131;-6;-77,68;DTE;2
401131;-2;-25,89;DTM;2
401131;-3;-38,84;DTM;2
401131;-11;-142,42;DTE;2
401131;-1;-12,95;DTM;2
401131;-19;-245,99;DTM;2
401131;-14;-181,26;DTM;2
401131;-33;-427,25;DTE;2
401131;-4;-51,79;DTE;2
401131;-4;-51,79;DTE;2
401131;-3;-38,84;DTM;2
401131;-72;-932,19;DTE;2
401131;-4;-51,79;DTM;2
401131;-3;-38,84;DTM;2
401131;-153;-1.980,90;DTE;2
401131;-1;-12,95;DTE;2
401131;-5;-64,74;DTM;2
401239;-3;-70,72;DTM;2
401239;-3;-70,72;DTM;2
401239;-1;-23,57;DTM;2
401239;-3;-70,72;DTM;2
401239;-3;-70,72;DTM;2
401239;-3;-70,72;DTM;2
401239;-1;-23,57;DTM;2
401239;-2;-47,14;DTE;2
401239;-3;-70,72;DTM;2
401239;-3;-70,72;DTM;2
401239;-3;-70,72;DTM;2
401239;-3;-70,72;DTM;2
401239;-3;-70,72;DTM;2
401239;-8;-188,58;DTM;2
401239;-3;-70,72;DTM;2
401239;-1;-23,57;DTM;2
401239;-6;-141,43;DTM;2
401239;-3;-70,72;DTM;2
401239;-3;-70,72;DTM;2
401239;-2;-47,14;DTM;2
401239;-3;-70,72;DTM;2
401451;-3;-70,94;DTM;2
401451;-3;-70,94;DTM;2
401451;-3;-70,94;DTM;2
401451;-3;-70,94;DTM;2
401451;-3;-70,94;DTM;2
401451;-6;-141,88;DTM;2
401451;-3;-70,94;DTM;2
401451;-3;-70,94;DTM;2
401566;-1;-23,9;DTM;2
401566;-5;-119,51;DTM;2
401620;-1;-2,91;DTM;2
401620;-2;-5,82;DTM;2
401629;-2;-61.601,07;DIT;2
401655;-4;-49,37;DTM;2
401655;-4;-49,37;DTM;2
401844;-2;-191,71;DTE;2
402065;-1;-15,75;DTM;2
402127;-8;-35,25;DTM;2
402127;-12;-52,87;DTM;2
402127;-8;-35,25;DTM;2
402127;-9;-39,66;DTM;2
402127;-6;-26,44;DTM;2
402127;-4;-17,62;DTM;2
402127;-6;-26,44;DTM;2
402127;-4;-17,62;DTM;2
402287;-2;-21,75;DTM;2
402287;-1;-10,87;DTM;2
402287;-2;-21,75;DTM;2
402287;-2;-21,75;DTM;2
402296;-12;-148,52;DTE;2
402307;-36;-2.566,28;DTM;2
402307;-75;-5.346,41;DTM;2
402307;-30;-2.138,56;DTM;2
402307;-16;-1.140,57;DTM;2
402307;-44;-3.136,56;DTM;2
402307;-10;-712,85;DTM;2
402307;-25;-1.782,14;DTM;2
402307;-24;-1.710,85;DTM;2
402307;-30;-2.138,56;DTM;2
402307;-4;-285,14;DTM;2
402307;-20;-1.425,71;DTM;2
402307;-8;-570,28;DTM;2
402312;-8;-90,13;DTM;2
402312;-3;-33,8;DTM;2
402312;-3;-33,8;DTM;2
402312;-8;-90,13;DTM;2
402312;-4;-45,07;DTM;2
402312;-8;-90,13;DTM;2
403579;-728;-28.100,81;DPC;2
403642;-13.094;-199.943,16;DPC;2
404167;-10;-351.085,50;DPC;2
404170;-1;-35.108,55;DPC;2
404719;-1;-22,75;DTE;2
800021;-50;-3.365,65;DIT;2
800119;-8;-101,96;DIT;2
800260;-10;-179,52;DIT;2
800496;-24;-567,21;DIT;2
800499;-200;-1.883,89;DIT;2
800515;-48;-1.805,42;DIT;2
800541;-10;-20,14;DTM;2
800541;-3;-6,04;DTM;2
800541;-16;-32,23;DTM;2
800541;-8;-16,11;DTM;2
800541;-6;-12,08;DTM;2
800541;-4;-8,06;DTM;2
800541;-4;-8,06;DTM;2
800541;-12;-24,17;DTM;2
800541;-4;-8,06;DTM;2
800541;-4;-8,06;DTM;2
800541;-6;-12,08;DTM;2
800541;-4;-8,06;DTM;2
800541;-8;-16,11;DTM;2
800541;-20;-40,28;DTM;2
800541;-4;-8,06;DTM;2
800541;-4;-8,06;DTM;2
800541;-4;-8,06;DTM;2
800541;-6;-12,08;DTM;2
800541;-10;-20,14;DTM;2
800541;-4;-8,06;DTM;2
800541;-36;-72,51;DTM;2
800541;-4;-8,06;DTM;2
800541;-12;-24,17;DTM;2
800541;-8;-16,11;DTM;2
800541;-4;-8,06;DTM;2
800541;-8;-16,11;DTM;2
800541;-4;-8,06;DTM;2
800541;-20;-40,28;DTM;2
800541;-14;-28,2;DTM;2
800541;-6;-12,08;DTM;2
800541;-10;-20,14;DTM;2
800541;-10;-20,14;DTM;2
800541;-8;-16,11;DTM;2
800541;-16;-32,23;DTM;2
800541;-4;-8,06;DTM;2
800541;-6;-12,08;DTM;2
800541;-4;-8,06;DTM;2
800817;-30;-9.948,86;DIT;2
800847;-30;-7.767,17;DIT;2
800852;-30;-573,03;DPC;2
800872;-100;-4.972,06;DIT;2
800872;-300;0;DTM;2
800889;-100;-1.966,28;DIT;2
800922;-3;-66,48;DTM;2
800922;-2;-44,32;DTM;2
800922;-3;-66,48;DTM;2
800922;-2;-44,32;DTM;2
800922;-6;-132,96;DTM;2
800922;-4;-88,64;DTM;2
800922;-3;-66,48;DTM;2
800922;-30;-664,82;DIT;2
800922;-2;-44,32;DTM;2
800922;-2;-44,32;DTM;2
800922;-10;-221,61;DTM;2
800922;-1;-22,16;DTM;2
800922;-2;-44,32;DTM;2
800922;-4;-88,64;DTM;2
800922;-100;-2.216,05;DIT;2
801047;-200;-574,86;DIT;2
801112;-100;-17.970,79;DIT;2
801313;-13;-357,3;DIT;2
801313;-9;-247,36;DTM;2
801313;-30;-824,54;DTM;2
801313;-11;-302,33;DTM;2
801313;-3;-82,45;DTM;2
801313;-9;-247,36;DTM;2
801313;-9;-247,36;DTM;2
801313;-6;-164,91;DTM;2
801313;-3;-82,45;DTM;2
801313;-30;-824,54;DTM;2
801313;-12;-329,82;DTM;2
801313;-30;-824,54;DTM;2
801313;-12;-329,82;DTM;2
801313;-3;-82,45;DTM;2
801313;-24;-659,63;DTM;2
801313;-6;-164,91;DTM;2
801313;-6;-164,91;DTM;2
801313;-9;-247,36;DTM;2
801313;-12;-329,82;DTM;2
801313;-3;-82,45;DTM;2
801313;-6;-164,91;DTM;2
801373;-100;-917,7;DIT;2
400307;-3;-19,09;DTE;2
400730;-4.000;-76.534,12;DTE;2
400968;-2;-3.991,86;DTE;2
400974;-22;-30,35;DTE;2
400974;-6;-8,28;DTE;2
400974;-4;-5,52;DTE;2
400974;-6;-8,28;DTE;2
400974;-4;-5,52;DTE;2
400974;-6;-8,28;DTE;2
400974;-12;-16,55;DTE;2
400974;-6;-8,28;DTE;2
400974;-4;-5,52;DTE;2
400974;-4;-5,52;DTE;2
400974;-8;-11,04;DTE;2
400974;-6;-8,28;DTE;2
400974;-42;-57,93;DTE;2
400974;-8;-11,04;DTE;2
400974;-6;-8,28;DTE;2
400974;-20;-27,59;DTE;2
400974;-6;-8,28;DTE;2
400974;-4;-5,52;DTE;2
400974;-6;-8,28;DTE;2
400974;-6;-8,28;DTE;2
400974;-4;-5,52;DTE;2
400974;-6;-8,28;DTE;2
400974;-140;-193,12;DTE;2
400974;-48;-66,21;DTE;2
400974;-46;-63,45;DTE;2
400974;-6;-8,28;DTE;2
400974;-10;-13,79;DTE;2
400974;-6;-8,28;DTE;2
400974;-10;-13,79;DTE;2
400974;-6;-8,28;DTE;2
400974;-12;-16,55;DTE;2
400974;-6;-8,28;DTE;2
400974;-212;-292,43;DTE;2
400974;-18;-24,83;DTE;2
400974;-40;-55,18;DTE;2
400974;-4;-5,52;DTE;2
400974;-12;-16,55;DTE;2
400974;-52;-71,73;DTE;2
400974;-36;-49,66;DTE;2
400974;-4;-5,52;DTE;2
400974;-18;-24,83;DTE;2
400974;-6;-8,28;DTE;2
400974;-4;-5,52;DTE;2
400974;-42;-57,93;DTE;2
400974;-4;-5,52;DTE;2
400974;-165;-227,6;DTE;2
400974;-24;-33,11;DTE;2
400974;-6;-8,28;DTE;2
400974;-50;-68,97;DTE;2
400974;-4;-5,52;DTE;2
401239;-2;-47,14;DTE;2
401239;-1;-23,57;DTE;2
401239;-4;-94,29;DTE;2
401239;-1;-23,57;DTE;2
401239;-1;-23,57;DTE;2
401239;-3;-70,72;DTE;2
401239;-1;-23,57;DTE;2
401239;-1;-23,57;DTE;2
401239;-4;-94,29;DTE;2
401239;-1;-23,57;DTE;2
401239;-3;-70,72;DTE;2
401239;-3;-70,72;DTE;2
401239;-2;-47,14;DTE;2
401239;-3;-70,72;DTE;2
401239;-3;-70,72;DTE;2
401239;-2;-47,14;DTE;2
401239;-113;-2.663,64;DTE;2
401239;-25;-589,3;DTE;2
401239;-23;-542,16;DTE;2
401239;-1;-23,57;DTE;2
401239;-1;-23,57;DTE;2
401239;-4;-94,29;DTE;2
401239;-163;-3.842,24;DTE;2
401239;-7;-165;DTE;2
401239;-1;-23,57;DTE;2
401239;-10;-235,72;DTE;2
401239;-2;-47,14;DTE;2
401239;-3;-70,72;DTE;2
401239;-12;-282,86;DTE;2
401239;-3;-70,72;DTE;2
401239;-3;-70,72;DTE;2
401239;-4;-94,29;DTE;2
401239;-1;-23,57;DTE;2
401239;-1;-23,57;DTE;2
401239;-1;-23,57;DTE;2
401239;-1;-23,57;DTE;2
401239;-5;-117,86;DTE;2
401239;-4;-94,29;DTE;2
401239;-3;-70,72;DTE;2
401239;-1;-23,57;DTE;2
401239;-2;-47,14;DTE;2
401239;-1;-23,57;DTE;2
401239;-10;-235,72;DTE;2
401239;-2;-47,14;DTE;2
401239;-1;-23,57;DTE;2
401239;-1;-23,57;DTE;2
401239;-3;-70,72;DTE;2
401239;-1;-23,57;DTE;2
401239;-37;-872,16;DTE;2
401239;-1;-23,57;DTE;2
401239;-6;-141,43;DTE;2
401239;-1;-23,57;DTE;2
401239;-5;-117,86;DTE;2
401239;-1;-23,57;DTE;2
401239;-1;-23,57;DTE;2
401239;-114;-2.687,21;DTE;2
401239;-1;-23,57;DTE;2
401239;-1;-23,57;DTE;2
401239;-9;-212,15;DTE;2
401239;-7;-165;DTE;2
401264;-3;-79,9;DTE;2
401264;-3;-79,9;DTE;2
401264;-6;-159,79;DTE;2
401264;-15;-399,48;DTE;2
401264;-6;-159,79;DTE;2
401264;-6;-159,79;DTE;2
401264;-72;-1.917,48;DTE;2
401264;-6;-159,79;DTE;2
401264;-6;-159,79;DTE;2
401264;-18;-479,37;DTE;2
401296;-4;-8.858,35;DTE;2
402296;-3;-37,13;DTE;2
402296;-78;-965,4;DTE;2
402296;-3;-37,13;DTE;2
402296;-3;-37,13;DTE;2
402296;-9;-111,39;DTE;2
402296;-18;-222,79;DTE;2
402296;-9;-111,39;DTE;2
402296;-27;-334,18;DTE;2
402296;-45;-556,96;DTE;2
402296;-39;-482,7;DTE;2
402296;-3;-37,13;DTE;2
402296;-36;-445,57;DTE;2
402296;-3;-37,13;DTE;2
402296;-47;-581,72;DTE;2
402296;-18;-222,79;DTE;2
402296;-6;-74,26;DTE;2
402296;-3;-37,13;DTE;2
402296;-6;-74,26;DTE;2
402296;-3;-37,13;DTE;2
402296;-3;-37,13;DTE;2
402296;-3;-37,13;DTE;2
402296;-4;-49,51;DTE;2
402296;-3;-37,13;DTE;2
402296;-6;-74,26;DTE;2
402296;-91;-1.126,31;DTE;2
402296;-60;-742,62;DTE;2
402296;-42;-519,83;DTE;2
402296;-3;-37,13;DTE;2
402296;-1;-12,38;DTE;2
402296;-3;-37,13;DTE;2
402296;-3;-37,13;DTE;2
402296;-12;-148,52;DTE;2
402296;-16;-198,03;DTE;2
402296;-12;-148,52;DTE;2
402296;-3;-37,13;DTE;2
402296;-24;-297,05;DTE;2
402296;-48;-594,09;DTE;2
402296;-45;-556,96;DTE;2
402296;-30;-371,31;DTE;2
402296;-14;-173,28;DTE;2
402296;-33;-408,44;DTE;2
402296;-33;-408,44;DTE;2
402296;-33;-408,44;DTE;2
402296;-12;-148,52;DTE;2
402296;-3;-37,13;DTE;2
402296;-62;-767,37;DTE;2
402296;-3;-37,13;DTE;2
402296;-30;-371,31;DTE;2
402296;-3;-37,13;DTE;2
402296;-3;-37,13;DTE;2
402296;-21;-259,92;DTE;2
402296;-3;-37,13;DTE;2
402296;-9;-111,39;DTE;2
402296;-6;-74,26;DTE;2
402296;-9;-111,39;DTE;2
402312;-2;-22,53;DTE;2
402312;-3;-33,8;DTE;2
402312;-2;-22,53;DTE;2
402312;-1;-11,27;DTE;2
402312;-2;-22,53;DTE;2
402312;-17;-191,53;DTE;2
402312;-21;-236,59;DTE;2
402312;-44;-495,72;DTE;2
402312;-10;-112,66;DTE;2
402312;-16;-180,26;DTE;2
120065;-10;-195,69;DTM;2
120092;-10;-181,87;DTM;2
120284;-10;-189,2;DTM;2
120452;-50;-127,5;DTM;2
400011;-2;-209,5;DTE;2
400011;-2;-209,5;DTE;2
400011;-2;-209,5;DTE;2
400040;-1;-13.637,57;DIT;2
400040;-1;-13.637,57;DTM;2
400040;-1;-13.637,57;DTM;2
400072;-1;-4.012,43;DIT;2
400072;-3;-12.037,28;DIT;2
400122;-3;-6,1;DTE;2
400142;-3;-212,74;DTM;2
400142;-3;-212,74;DTM;2
400142;-6;-425,47;DTM;2
400142;-3;-212,74;DTM;2
400142;-6;-425,47;DTM;2
400142;-3;-212,74;DTM;2
400142;-3;-212,74;DTE;2
400142;-3;-212,74;DTM;2
400142;-3;-212,74;DTM;2
400142;-3;-212,74;DTM;2
400288;-2;-46.524,91;DTM;2
400288;-1;-23.262,45;DTM;2
400344;-1;-32,3;DTE;2
400375;-2;-17,6;DTE;2
400442;-21;-102,59;DTE;2
400460;-6;-147,46;DTE;2
400474;-137;-3.793,95;DTM;2
400474;-1;-27,69;DTE;2
400474;-128;-3.544,71;DTE;2
400474;-269;-7.449,44;DTE;2
400474;-63;-1.744,66;DTE;2
400474;-247;-6.840,19;DTE;2
400474;-3;-83,08;DTE;2
400474;-28;-775,41;DTE;2
400484;-1;-16,01;DTE;2
400487;-100;-5.726,10;DTM;2
400496;-2;-70,93;DTE;2
400506;-5;-53,09;DTE;2
400545;-6;-97,75;DTM;2
400594;-10;-948,56;DTM;2
400594;-19;-1.802,26;DTM;2
400594;-10;-948,56;DTM;2
400594;-10;-948,56;DTM;2
400594;-10;-948,56;DTM;2
400594;-10;-948,56;DTM;2
400594;-13;-1.233,12;DTE;2
400594;-17;-1.612,55;DTM;2
400594;-10;-948,56;DTM;2
400594;-12;-1.138,27;DTM;2
400603;-500;-14.301,44;DTM;2
400603;-550;-15.731,59;DTM;2
400665;-12;-317,77;DTE;2
400683;-6;-11,64;DTE;2
400708;-15;-89,93;DTM;2
400708;-15;-89,93;DTM;2
400708;-13;-77,94;DTM;2
400708;-15;-89,93;DTM;2
400708;-15;-89,93;DTM;2
400708;-104;-623,51;DTM;2
400708;-15;-89,93;DTM;2
400708;-9;-53,96;DTE;2
400708;-30;-179,86;DTM;2
400708;-315;-1.888,52;DTM;2
400708;-15;-89,93;DTM;2
400708;-15;-89,93;DTM;2
400708;-9;-53,96;DTE;2
400708;-54;-323,75;DTE;2
400708;-60;-359,72;DTE;2
400708;-104;-623,51;DTE;2
400708;-18;-107,92;DTE;2
400708;-208;-1.247,02;DTE;2
400708;-80;-479,62;DTM;2
400708;-30;-179,86;DTM;2
400708;-380;-2.278,22;DTM;2
400708;-15;-89,93;DTM;2
400730;-253;-4.840,78;DTE;2
400730;-103;-1.970,75;DTE;2
400730;-781;-14.943,29;DTE;2
400730;-264;-5.051,25;DTE;2
400730;-173;-3.310,10;DTE;2
400730;-2.718;-52.004,93;DTE;2
400730;-1.892;-36.200,64;DTE;2
400730;-1.159;-22.175,76;DTE;2
400730;-833;-15.938,23;DTE;2
400730;-488;-9.337,16;DTE;2
400730;-296;-5.663,52;DTE;2
400730;-40;-765,34;DTE;2
400790;-2;-37,63;DTE;2
400790;-12;-225,78;DTE;2
400805;-3;-16,51;DTM;2
400805;-3;-16,51;DTM;2
400805;-3;-16,51;DTM;2
400805;-3;-16,51;DTM;2
400805;-3;-16,51;DTM;2
400813;-10;-17,47;DTM;2
400813;-40;-69,88;DTM;2
400813;-30;-52,41;DTM;2
400813;-2;-3,49;DTM;2
400813;-10;-17,47;DTM;2
400813;-10;-17,47;DTM;2
400813;-2;-3,49;DTM;2
400813;-5;-8,74;DTE;2
400813;-20;-34,94;DTM;2
400813;-20;-34,94;DTM;2
400813;-25;-43,68;DTM;2
400813;-10;-17,47;DTM;2
400813;-30;-52,41;DTM;2
400813;-6;-10,48;DTM;2
400827;-4;-11,17;DTE;2
400827;-27;-75,38;DTE;2
400827;-2;-5,58;DTE;2
400827;-7;-19,54;DTE;2
400906;-27;-2.685,44;DTE;2
400906;-4;-397,84;DTE;2
400906;-1;-99,46;DTE;2
400906;-6;-596,76;DTE;2
400942;-2;-9,37;DTE;2
400942;-1;-4,68;DTE;2
400968;2;3.991,86;DIT;2
400974;-2;-2,76;DTM;2
400974;-8;-11,04;DTM;2
400974;-4;-5,52;DTM;2
400974;-4;-5,52;DTM;2
400974;-4;-5,52;DTM;2
400974;-6;-8,28;DTM;2
400974;-6;-8,28;DTM;2
400974;-10;-13,79;DTM;2
400974;-4;-5,52;DTM;2
400974;-6;-8,28;DTM;2
400974;-4;-5,52;DTM;2
400974;-4;-5,52;DTM;2
400974;-4;-5,52;DTM;2
400974;-4;-5,52;DTM;2
400974;-4;-5,52;DTM;2
400974;-6;-8,28;DTM;2
400974;-8;-11,04;DTM;2
400974;-4;-5,52;DTM;2
400974;-6;-8,28;DTM;2
400974;-4;-5,52;DTM;2
400974;-6;-8,28;DTM;2
400974;-4;-5,52;DTM;2
400974;-4;-5,52;DTM;2
400974;-8;-11,04;DTM;2
400974;-9;-12,41;DTM;2
400974;-9;-12,41;DTM;2
400974;-6;-8,28;DTM;2
400974;-4;-5,52;DTM;2
400974;-12;-16,55;DTM;2
400974;-10;-13,79;DTM;2
400974;-16;-22,07;DTM;2
400974;-4;-5,52;DTM;2
400974;-8;-11,04;DTM;2
400974;-12;-16,55;DTM;2
400974;-4;-5,52;DTM;2
400974;-4;-5,52;DTM;2
400974;-9;-12,41;DTM;2
400974;-9;-12,41;DTM;2
400974;-2;-2,76;DTM;2
400974;-4;-5,52;DTM;2
400974;-4;-5,52;DTM;2
400974;-6;-8,28;DTM;2
400974;-6;-8,28;DTM;2
400974;-4;-5,52;DTM;2
400974;-23;-31,73;DTM;2
401117;-6;-73,56;DTM;2
401117;-6;-73,56;DTE;2
401131;-13;-168,31;DTE;2
401131;-6;-77,68;DTE;2
401155;-3;-43,89;DTM;2
401155;-3;-43,89;DTM;2
401155;-3;-43,89;DTM;2
401155;-3;-43,89;DTM;2
401155;-3;-43,89;DTM;2
401264;-6;-159,79;DTM;2
401264;-3;-79,9;DTM;2
401264;-3;-79,9;DTM;2
401264;-3;-79,9;DTM;2
401264;-3;-79,9;DTM;2
401264;-9;-239,69;DTM;2
401264;-6;-159,79;DTM;2
401264;-6;-159,79;DTM;2
401264;-9;-239,69;DTM;2
401264;-3;-79,9;DTM;2
401264;-6;-159,79;DTM;2
401264;-3;-79,9;DTM;2
401264;-3;-79,9;DTM;2
401264;-15;-399,48;DTM;2
401264;-3;-79,9;DTM;2
401324;-1;-11.580,90;DIT;2
401396;-15;-140,6;DTM;2
401438;-1;-11,37;DTE;2
401497;-10;-19,9;DTE;2
401566;-4;-95,6;DTE;2
401566;-4;-95,6;DTE;2
401566;-4;-95,6;DTE;2
401566;-3;-71,7;DTE;2
401568;-1;-1,24;DTE;2
401568;-1;-1,24;DTE;2
401608;-3;-151,26;DTE;2
401608;-3;-151,26;DTE;2
401608;-3;-151,26;DTE;2
401629;2;61.601,07;DIT;2
401629;-1;-30.800,54;DIT;2
401656;-1;-23.843,14;DTM;2
401683;-1;-187,8;DTM;2
401683;-2;-375,6;DTM;2
401683;-1;-187,8;DTM;2
401683;-1;-187,8;DTM;2
401706;-50;-753,58;DIT;2
401823;-6;-167,18;DTE;2
401823;-4;-111,45;DTE;2
401823;-13;-362,22;DTE;2
401823;-21;-585,12;DTM;2
401823;-3;-83,59;DTE;2
401844;-2;-191,71;DTE;2
401857;-3;-970,46;DTE;2
401870;-6;-6,1;DTE;2
401870;-3;-3,05;DTE;2
401888;-3;-91,14;DTE;2
401888;-3;-91,14;DTE;2
401910;-50;-579,73;DIT;2
401937;-4;-16,37;DTE;2
401937;-2;-8,18;DTE;2
401937;-7;-28,64;DTE;2
401937;-2;-8,18;DTE;2
401941;-100;-322,04;DTE;2
402081;-6;-584,19;DTM;2
402081;-6;-584,19;DTM;2
402081;-6;-584,19;DTM;2
402081;-6;-584,19;DTM;2
402081;-6;-584,19;DTM;2
402081;-12;-1.168,37;DTM;2
402081;-6;-584,19;DTM;2
402081;-6;-584,19;DTM;2
402081;-6;-584,19;DTM;2
402081;-6;-584,19;DTM;2
402127;-6;-26,44;DTE;2
402127;-3;-13,22;DTE;2
402132;-1;-10.083,04;DIT;2
402152;-2;-127,49;DTE;2
402296;-3;-37,13;DTM;2
402296;-3;-37,13;DTM;2
402296;-3;-37,13;DTM;2
402296;-6;-74,26;DTM;2
402296;-9;-111,39;DTM;2
402296;-2;-24,75;DTM;2
402296;-12;-148,52;DTM;2
402296;-1;-12,38;DTM;2
402296;-6;-74,26;DTM;2
402296;-6;-74,26;DTM;2
402296;-6;-74,26;DTM;2
402296;-30;-371,31;DTM;2
402296;-3;-37,13;DTM;2
402296;-6;-74,26;DTM;2
402296;-6;-74,26;DTM;2
402296;-6;-74,26;DTM;2
402296;-3;-37,13;DTM;2
402296;-6;-74,26;DTM;2
402296;-6;-74,26;DTM;2
402296;-6;-74,26;DTM;2
402296;-6;-74,26;DTM;2
402296;-6;-74,26;DTM;2
402296;-18;-222,79;DTM;2
402296;-6;-74,26;DTM;2
402296;-6;-74,26;DTM;2
402296;-6;-74,26;DTM;2
402296;-6;-74,26;DTM;2
402296;-2;-24,75;DTM;2
402296;-1;-12,38;DTM;2
402296;-6;-74,26;DTM;2
402307;-32;-2.281,13;DTE;2
402307;-46;-3.279,13;DTE;2
402318;-119;-5.529,23;DTE;2
402318;-107;-4.971,66;DTE;2
402318;-128;-5.947,41;DTE;2
402318;-181;-8.410,01;DTE;2
402318;-221;-10.268,58;DTE;2
402331;-3;-124,11;DTE;2
402331;-2;-82,74;DTE;2
402331;-1;-41,37;DTE;2
402397;-41;-1.111,87;DTE;2
402397;-11;-298,31;DTM;2
402733;-3;-17,55;DTE;2
402741;-3;-25,93;DTM;2
402741;-3;-25,93;DTM;2
402741;-6;-51,86;DTM;2
402741;-3;-25,93;DTM;2
403121;-1;-6,94;DTE;2
403121;-1;-6,94;DTE;2
403121;-1;-6,94;DTE;2
403161;-50;-17.195,17;DIT;2
403323;-33;-101,4;DTE;2
403323;-18;-55,31;DTE;2
403323;-9;-27,66;DTE;2
403499;-15;-2,82;DTE;2
403499;-2;-0,38;DTE;2
403602;-39;-82,41;DTE;2
403602;-64;-135,24;DTE;2
404732;-3;-265,49;DTM;2
404732;-6;-530,99;DTM;2
404732;-6;-530,99;DTM;2
405473;-3;-402;DTE;2
405473;-6;-804,01;DTM;2
405473;-12;-1.608,01;DTE;2
405539;-12;-227,59;DTE;2
405539;-6;-113,8;DTE;2
407094;-6;-421,98;DTE;2
407094;-6;-421,98;DTE;2
407096;-7;-1.510,10;DTE;2
407096;-12;-2.588,74;DTE;2
407096;-500;-107.864,25;DPC;2
408994;-3;-78,19;DTE;2
409696;-138;-6.830,50;DTM;2
409696;-140;-6.929,49;DTM;2
409696;-160;-7.919,42;DTM;2
409696;-250;-12.374,10;DTM;2
409696;-160;-7.919,42;DTM;2
409696;-40;-1.979,86;DTM;2
409696;-300;-14.848,91;DTM;2
409696;-50;-2.474,82;DTM;2
800070;-10;-10,49;DTE;2
800541;-200;-402,83;DIT;2
800906;-5;-50,46;DTE;2
801064;-100;-180,98;DIT;2
801313;-87;-2.391,17;DIT;2
120007;-2;-64,15;DIC;2
120038;-2;-277,5;DIC;2
120089;-3;-196,69;DIC;2
120182;-1;-158,2;DIC;2
120224;-1;-5;DIC;2
120261;-1;-158,87;DIC;2
120285;-2;-27,1;DIC;2
120366;-1;-115,11;DIC;2
400011;-1;-104,75;DTM;2
400011;-1;-104,75;DTM;2
400011;-1;-104,75;DTM;2
400011;-2;-209,5;DTM;2
400011;-1;-104,75;DTM;2
400011;-2;-209,5;DTM;2
400040;-3;-40.912,72;DTE;2
400040;-1;-13.637,57;DTM;2
400040;-1;-13.637,57;DTM;2
400040;-4;0;DTM;2
400040;-1;-13.637,57;DTM;2
400040;-1;-13.637,57;DTM;2
400111;-1;-3,49;DTM;2
400111;-2;-6,99;DTM;2
400130;-6;-17,91;DTM;2
400140;-80;-603,09;DIT;2
400142;-3;-212,59;DTM;2
400177;-1;-2.179,27;DTE;2
400193;-4;-117,85;DTM;2
400193;-3;-88,39;DTM;2
400193;-5;-147,31;DTM;2
400193;-8;-235,69;DTM;2
400210;-1;-3.768,36;DTE;2
400243;-2;0;DTM;2
400288;-4;0;DTM;2
400359;-36;-869,14;DTE;2
400366;-6;-37,33;DTM;2
400366;-6;-37,33;DTM;2
400366;-5;-31,11;DTM;2
400366;-7;-43,56;DTM;2
400366;-4;-24,89;DTM;2
400366;-4;-24,89;DTM;2
400366;-3;-18,67;DTM;2
400366;-2;-12,45;DTM;2
400366;-2;-12,44;DTM;2
400366;-6;-37,34;DTM;2
400375;-4;-35,83;DTE;2
400378;-60;-72,98;DIT;2
400474;-500;-13.846,54;DIT;2
400487;-500;-28.630,50;DIT;2
400505;-6;-71,07;DTM;2
400505;-6;-71,07;DTM;2
400506;-3;-31,86;DTM;2
400506;-2;-21,24;DTM;2
400506;-3;-31,86;DTM;2
400506;-6;-63,71;DTM;2
400506;-3;-31,86;DTM;2
400506;-3;-31,86;DTM;2
400506;-2;-21,24;DTM;2
400518;-3;-28,3;DTE;2
400655;-6;-255,52;DTM;2
400655;-8;-340,69;DTM;2
400673;-25;-34,69;DTM;2
400673;-15;-20,82;DTM;2
400790;-10;-187,99;DTM;2
400790;-10;-187,99;DTM;2
400790;-18;-338,39;DTM;2
400790;-10;-187,99;DTM;2
400790;-12;-225,59;DTM;2
400790;-10;-187,99;DTM;2
400790;-10;-187,99;DTM;2
400790;-10;-187,99;DTM;2
400790;-16;-300,79;DTM;2
400813;-900;-1.572,41;DIT;2
400827;-16;-44,36;DTE;2
400827;-23;-63,77;DTE;2
400827;-13;-36,04;DTE;2
400827;-20;-55,45;DIT;2
400906;-5;-497,3;DTM;2
400906;-50;-4.973,04;DIT;2
400910;-18;-411,21;DTM;2
400910;-12;-274,14;DTM;2
400910;-12;-274,14;DTM;2
400937;-240;-24.130,51;DIT;2
400955;-4;-16,84;DTM;2
400955;-50;-210,52;DIT;2
400974;-4;-5,52;DTM;2
401056;-3;-17,24;DTM;2
401116;-3;-108,74;DTM;2
401116;-6;-217,49;DTM;2
401117;-3;-36,85;DIT;2
401117;-12;-147,39;DTM;2
401117;-4;-49,13;DTM;2
401127;-1;-2.059,32;DTE;2
401127;-1;-2.059,32;DTE;2
401127;-1;-2.059,32;DTE;2
401127;-1;-2.059,32;DTE;2
401127;-1;-2.059,32;DTE;2
401127;-3;-6.177,96;DTE;2
401127;-1;-2.059,32;DTE;2
401127;-2;-4.118,64;DTM;2
401127;-2;-4.118,64;DTE;2
401127;-2;-4.118,64;DTE;2
401127;-1;-2.059,32;DTE;2
401127;-2;-4.118,64;DTE;2
401127;-1;-2.059,32;DTE;2
401127;-1;-2.059,32;DTE;2
401127;-1;-2.059,32;DTE;2
401127;-1;-2.059,32;DTE;2
401127;-3;-6.177,96;DTE;2
401127;-1;-2.059,32;DTE;2
401127;-2;-4.118,64;DTE;2
401131;-1;-12,94;DTM;2
401264;-3;-79,38;DTM;2
401309;-3;-4.477,44;DIT;2
401349;-1;-3.612,20;DTE;2
401375;-1;-185,95;DTE;2
401385;-20;-18,71;DIT;2
401403;-1;-10,02;DTM;2
401438;-4;-45,59;DTM;2
401438;-1;-11,4;DTM;2
401485;-1;-147,41;DTE;2
401485;-1;-147,41;DTE;2
401485;-1;-147,41;DTE;2
401485;-1;-147,41;DTE;2
401566;-3;-71,68;DTM;2
401566;-5;-119,46;DTE;2
401566;-4;-95,57;DTE;2
401566;-150;-3.583,75;DPC;2
401568;-5;-6,19;DTE;2
401568;-2;-2,48;DTE;2
401568;-4;-4,95;DTE;2
401568;-3;-3,71;DTE;2
401568;-5;-6,19;DTE;2
401568;-1;-1,24;DTE;2
401574;-8;-128,45;DIT;2
401576;-1;-23,01;DTM;2
401576;-1;-23,01;DTM;2
401632;-12.000;-26.526,48;DCR;2
401678;-3;-7.597,26;DIT;2
401706;-8;-120,57;DTM;2
401763;-6;-225,41;DTM;2
401773;-1.000;-1.075,54;DCR;2
401773;-300;-322,66;DIT;2
401823;-110;-3.064,90;DIT;2
401844;-1;-95,18;DTE;2
401844;-1;-95,18;DTE;2
401844;-1;-95,18;DTE;2
401844;-1;-95,18;DTE;2
401844;-1;-95,18;DTE;2
401844;-1;-95,18;DTE;2
401857;-3;-970,35;DTM;2
401857;-3;-970,35;DTM;2
401857;-3;-970,35;DTM;2
401857;-3;-970,35;DTM;2
401857;-3;-970,35;DTM;2
401857;-3;-970,35;DTM;2
401857;-3;-970,35;DTM;2
401857;-6;-1.940,71;DTM;2
401857;-3;-970,35;DTM;2
401857;-3;-970,35;DTE;2
401864;-9;-31,45;DTM;2
401870;-3;-3,05;DTE;2
401870;-34;-34,55;DTE;2
401870;-50;-50,8;DTE;2
401870;-3;-3,05;DTE;2
401870;-6;-6,1;DTE;2
401870;-6;-6,1;DTE;2
401870;-6;-6,1;DTE;2
401888;-6;-182,28;DTM;2
401888;-3;-91,14;DTE;2
401927;-12;-251,83;DTM;2
401927;-3;-62,96;DTM;2
401927;-6;-125,91;DTM;2
401927;-9;-188,87;DTM;2
401931;-1;-4.284,28;DIT;2
401937;-4;-16,37;DIT;2
401987;-1;-21.650,30;DIT;2
402026;-3;-73,48;DTM;2
402026;-1;-24,49;DTM;2
402026;-1;-24,49;DTM;2
402027;-1.000;-1.286,77;DCR;2
402065;-3;-47,26;DTM;2
402105;-4;-185,42;DTM;2
402105;-6;-278,13;DTM;2
402105;-8;-370,84;DTM;2
402105;-8;-370,84;DTM;2
402105;-4;-185,42;DTM;2
402105;-4;-185,42;DTM;2
402105;-12;-556,26;DTM;2
402105;-4;-185,42;DTM;2
402105;-12;-556,26;DTM;2
402105;-28;-1.297,95;DTM;2
402105;-5;-231,78;DTM;2
402105;-4;-185,42;DTM;2
402105;-4;-185,42;DTM;2
402105;-20;-927,1;DTM;2
402105;-12;-556,26;DTM;2
402105;-16;-741,68;DTM;2
402105;-6;-278,13;DTM;2
402106;-8;-661,27;DIT;2
402117;-50;-294,3;DIT;2
402127;-4;-17,62;DTM;2
402127;-4;-17,62;DTM;2
402136;-41;-80,53;DIT;2
402221;-2;-80,29;DTM;2
402221;-1;-40,15;DTM;2
402221;-2;-80,29;DTM;2
402221;-3;-120,44;DTM;2
402230;-3;-32,62;DTM;2
402287;-40;-435,09;DIT;2
402287;-14;-152,28;DIT;2
402296;-12;-148,38;DTM;2
402307;-600;-42.769,26;DCR;2
402307;-64;-4.562,27;DIT;2
402307;-92;-6.557,95;DTE;2
402307;-56;-3.991,80;DTE;2
402307;-196;-13.971,29;DTE;2
402307;-100;-7.128,21;DTE;2
402312;-20;-225,36;DIT;2
402312;-15;-169,02;DIT;2
402312;-3;-33,8;DTM;2
402312;-3;-33,8;DTM;2
402324;-4;-16,21;DTE;2
402327;-8;-173,68;DIT;2
402331;-5;-206,85;DTE;2
402331;-14;-579,18;DTE;2
402365;-4;-80;DTE;2
402374;-15;-308,17;DIT;2
402401;-18;-472,96;DTM;2
402401;-12;-315,3;DTM;2
402401;-6;-157,65;DTM;2
402401;-12;-315,3;DTM;2
402433;-3;-465,11;DTM;2
402433;-3;-465,11;DTM;2
402433;-6;-930,21;DTM;2
402433;-3;-465,11;DTM;2
402433;-3;-465,11;DTM;2
402433;-3;-465,11;DTM;2
402433;-3;-465,11;DTM;2
402433;-3;-465,11;DTM;2
402433;-3;-465,11;DTM;2
402460;-2;-48.797,41;DTM;2
402460;-1;-24.398,70;DTM;2
402587;-2;-58,65;DTM;2
402592;-84;-10.246,98;DIT;2
402675;-1;-342,19;DIT;2
402689;-1;-63,32;DTM;2
402689;-1;-63,32;DTM;2
402720;-1;-11,26;DTM;2
402720;-1;-11,26;DTM;2
402741;-3;-25,92;DTE;2
402741;-3;-25,92;DTM;2
402824;-180;-10.451,71;DIT;2
403113;-20;-156;DIT;2
403113;-400;-3.120,00;DCR;2
403182;-6;-1.259,28;DTM;2
403209;-70;-404,1;DCR;2
403327;-30;-486;DIT;2
403327;-100;-1.620,00;DCR;2
403371;-49;-1.199,52;DCR;2
403390;-200;-1.731,25;DCR;2
403390;-40;-346,25;DPM;2
403499;-2;-0,38;DTE;2
403499;-1.200;-225,29;DCR;2
403499;-2;-0,38;DTE;2
403499;-12;-2,25;DTE;2
403563;-2;-339,95;DTE;2
403572;-70;-262,52;DCR;2
403594;-30;-301,24;DIT;2
403594;-200;-2.008,25;DCR;2
403602;-100;-211,32;DTE;2
403641;-100;-1.031,74;DCR;2
403642;-600;-9.161,90;DIT;2
403675;-30;-355,47;DCR;2
403682;-800;-679,98;DCR;2
403710;-3;-26,22;DTM;2
403804;-1;-8,12;DTE;2
403838;-120;-368,12;DCR;2
404009;-200;-1.174,79;DIT;2
404071;-6;-986,27;DTM;2
404071;-9;-1.479,40;DTM;2
404071;-21;-3.451,93;DTM;2
404071;-3;-493,13;DTM;2
404084;-8;-171,05;DIT;2
404232;-2;-925,39;DPM;2
404719;-1;-22,75;DTM;2
404732;-3;-265,47;DTM;2
404732;-6;-530,95;DTM;2
404732;-6;-530,95;DTE;2
404732;-12;-1.061,89;DTE;2
404740;-6;-462,25;DTM;2
404741;-3;-206,61;DTE;2
404972;-2;-972,87;DTM;2
405382;-1;-1.903,46;DIT;2
405539;-8;-151,73;DTE;2
405539;-24;-455,18;DTE;2
405539;-24;-455,18;DTE;2
405539;-30;-568,97;DTE;2
405539;-14;-265,52;DTE;2
405539;-36;-682,77;DTE;2
408995;-6;-157,89;DTM;2
408995;-6;-157,89;DTM;2
409376;-80;-5.064,84;DCR;2
800021;-12;-807,76;DIT;2
800031;-350;-9.493,14;DIT;2
800108;-4;-17,47;DTM;2
800116;-4;-23,35;DTM;2
800118;-3;-51,46;DTM;2
800223;-9;-11,78;DTM;2
800223;-14;-18,32;DTM;2
800223;-15;-19,63;DTM;2
800223;-25;-32,72;DTM;2
800256;-2;-301,06;DIT;2
800357;-4;-33,02;DTM;2
800357;-4;-33,02;DTM;2
800364;-4;-64,39;DTM;2
800435;-3;-44,47;DTM;2
800463;-1;-104,76;DIC;2
800496;-6;-141,8;DTM;2
800496;-9;-212,71;DTM;2
800499;-6;-56,52;DTM;2
800499;-6;-56,52;DTM;2
800499;-8;-75,36;DTM;2
800499;-8;-75,36;DTM;2
800541;-12;-24,17;DTM;2
800541;-8;-16,11;DTM;2
800596;-9;-19,18;DTM;2
800654;-3;-454,95;DTM;2
800654;-4;-606,6;DTM;2
800654;-6;-909,9;DTM;2
800654;-30;-4.549,50;DIT;2
800654;-3;-454,95;DTM;2
800654;-3;-454,95;DTM;2
800717;-3;-212,77;DTM;2
800717;-3;-212,77;DTM;2
800717;-6;-425,53;DTM;2
800817;-25;-8.290,71;DIT;2
800817;-3;-994,89;DTM;2
800817;-9;-2.984,66;DTM;2
800817;-9;-2.984,66;DTM;2
800817;-6;-1.989,77;DTM;2
800822;-6;-137,61;DTM;2
800825;-2;-12,32;DTM;2
800825;-2;-12,32;DTM;2
800884;-3;-37,89;DTM;2
800894;-6;-37,06;DTM;2
800904;-1;-69,93;DIC;2
800922;-1;-22,16;DTM;2
800922;-1;-22,16;DTM;2
800922;-6;-132,96;DTM;2
801010;-100;-582,23;DIT;2
801087;-9;-106,2;DTM;2
801087;-6;-70,8;DTM;2
801087;-6;-70,8;DTM;2
801087;-58;-684,39;DTM;2
801087;-3;-35,4;DTM;2
801087;-2;-23,6;DTM;2
801125;-3;-103,11;DTM;2
801125;-3;-103,11;DTM;2
801125;-3;-103,11;DTM;2
801186;-6;-91,83;DTM;2
801186;-3;-45,92;DTM;2
801186;-4;-61,22;DTM;2
801216;-3;-22,14;DTM;2
801225;-6;-175,84;DTM;2
801304;-3;-48,69;DTM;2
801313;-12;-329,82;DTM;2
801313;-200;-5.496,94;DIT;2
801313;-6;-164,91;DTM;2
801826;-6;-34,27;DTM;2
801826;-3;-17,14;DTM;2
801826;-3;-17,14;DTM;2
801834;-100;-579,29;DIT;2
801955;-100;-588,44;DIT;2
802249;-6;-1.312,02;DTM;2
803368;-4;-117,95;DTM;2
803368;-6;-176,92;DTM;2
803368;-10;-294,87;DTM;2
803452;-8;-179,57;DIT;2
804022;-2;-1.576,82;DTM;2
804079;-1;-987,02;DPM;2
804115;-50;-3.165,52;DIT;2
805459;-3;-496,13;DTM;2
805459;-3;-496,13;DTM;2
805459;-6;-992,27;DTM;2
805551;-1;-150,41;DTM;2
400040;-3;-40.912,72;DIT;2
400072;-3;-12.198,77;DIT;2
400072;-1;-4.376,42;DIT;2
400073;-1;-13.527,65;DIT;2
400142;-3;-212,59;DTM;2
400164;-6;-142,81;DTM;2
400164;-6;-142,81;DTM;2
400164;-6;-142,81;DTM;2
400164;-6;-142,81;DTM;2
400164;-6;-142,81;DTM;2
400164;-11;-261,83;DIT;2
400181;-3;-22,86;DTE;2
400193;-3;-88,39;DTE;2
400243;-2;-61.058,05;DIT;2
400288;-2;-46.613,94;DIT;2
400307;-1;-6,36;DTE;2
400344;-2;-64,58;DTM;2
400359;-8;-193,15;DTM;2
400375;-6;-53,75;DTM;2
400478;-1;-9,37;DTM;2
400478;-2;-18,73;DTM;2
400594;-8;-761,48;DTM;2
400665;-6;-158,88;DTM;2
400665;-6;-158,89;DTM;2
400708;-15;-89,93;DTM;2
400708;-50;-299,77;DIT;2
400730;-18;-344,4;DTM;2
400730;-6;-114,8;DTM;2
400730;-12;-229,6;DTM;2
400730;-33;-631,41;DTM;2
400730;-8;-153,07;DTM;2
400730;-99;-1.894,22;DTM;2
400730;-66;-1.262,81;DTM;2
400758;-3;-1.197,50;DTM;2
400813;-20;-34,94;DTM;2
400942;-2;-9,36;DTE;2
400942;-1;-4,68;DTE;2
400942;-2;-9,36;DTE;2
400955;-2;-8,42;DTE;2
400955;-7;-29,47;DTE;2
400968;-9;-17.963,39;DTE;2
400968;-10;-19.959,32;DIT;2
400974;-22;-30,35;DTE;2
401108;-9;-27,23;DTE;2
401116;-9;-326,23;DTE;2
401116;-18;-652,47;DTE;2
401116;-3;-108,74;DTE;2
401116;-3;-108,74;DTE;2
401116;-3;-108,74;DTE;2
401117;-100;-1.228,97;DIT;2
401117;-32;-393,27;DTE;2
401117;-8;-98,32;DTE;2
401117;-44;-540,75;DTE;2
401117;-4;-49,16;DTE;2
401117;-4;-49,16;DTE;2
401117;-4;-49,16;DTE;2
401117;-2;-24,58;DTE;2
401131;-1;-12,86;DTE;2
401131;-38;-488,72;DTE;2
401131;-19;-244,36;DTE;2
401131;-10;-128,61;DTE;2
401193;-2;-13.904,05;DIT;2
401239;-1;-23,57;DTE;2
401264;-9;-239,03;DTM;2
401349;-2;-7.224,41;DTE;2
401485;-4;-591,59;DTM;2
401566;-3;-71,68;DTE;2
401566;-2;-47,78;DTE;2
401608;-3;-151,26;DTE;2
401608;-3;-151,26;DTE;2
401857;-1;-323,45;DTE;2
401937;-2;-8,18;DTE;2
401937;-8;-32,73;DTE;2
401937;-2;-8,18;DTE;2
401937;-3;-12,27;DTE;2
401937;-2;-8,18;DTE;2
401937;-1;-4,09;DTE;2
401937;-5;-20,46;DTE;2
401937;-7;-28,64;DTE;2
401937;-4;-16,37;DTE;2
401937;-6;-24,55;DTE;2
402105;-4;-185,42;DTM;2
402127;-5;-22,02;DTE;2
402127;-10;-44,05;DTE;2
402127;-7;-30,83;DTE;2
402127;-2;-8,81;DTE;2
402127;-31;-136,55;DTE;2
402127;-2;-8,81;DTE;2
402152;-6;-383,42;DTM;2
402152;-6;-383,42;DTM;2
402152;-6;-383,42;DTM;2
402307;-200;-14.256,42;DIT;2
402312;-2;-22,54;DTE;2
402401;-3;-78,83;DTE;2
402401;-7;-183,93;DTE;2
402624;-2;0;DTM;2
403121;-1;-8,09;DTM;2
403121;-1;-8,09;DTM;2
403121;-1;-8,09;DTM;2
403121;-2;-16,17;DTM;2
403121;-1;-8,09;DTM;2
403121;-1;-8,09;DTM;2
403337;-1;-1.034,36;DIT;2
403390;-1;-8,66;DTE;2
404071;-24;-3.945,05;DTE;2
404084;-8;-171,05;DTM;2
404162;-1;-35.108,55;DPC;2
404732;-29;-2.566,21;DTE;2
405539;-250;-4.741,44;DIT;2
407094;-6;-421,98;DTE;2
407094;-6;-421,98;DTE;2
407094;-6;-421,98;DTE;2
407096;-32;-6.903,31;DTE;2
407096;-15;-3.235,93;DTE;2
408994;-5;-130,31;DTM;2
800021;-7;-471,19;DTM;2
800054;-30;-584,94;DIT;2
800070;-6;-6,3;DTE;2
800158;-4;-6,96;DTM;2
800158;-500;-869,38;DIT;2
800436;-3;-123,9;DTM;2
800499;-6;-56,52;DTE;2
800763;-8;-69,4;DTM;2
800763;-8;-69,4;DTM;2
800847;-100;-25.890,57;DIT;2
800922;-2;-44,32;DTE;2
800922;-3;-66,48;DTE;2
800922;-80;-1.772,84;DIT;2
800922;-3;-66,48;DTE;2
800922;-3;-66,48;DTE;2
800922;-3;-66,48;DTE;2
800982;-6;-148,16;DTM;2
800982;-3;-74,08;DTM;2
801077;-1;-11,75;DTE;2
801112;-1;-179,71;DTM;2
801112;-2;-359,42;DTM;2
801112;-3;-539,13;DTM;2
801112;-3;-539,13;DTM;2
801112;-8;-1.437,68;DTM;2
801112;-3;-539,13;DTM;2
801112;-50;0;DTM;2
801112;-3;-539,13;DTM;2
801112;-3;-539,13;DTM;2
801112;-1;-179,71;DTM;2
801112;-4;-718,84;DTM;2
801112;-2;-359,42;DTM;2
801112;-4;-718,84;DTM;2
801112;-1;-179,71;DTM;2
801112;-3;-539,13;DTM;2
801112;-4;-718,84;DTM;2
801112;-5;-898,55;DTM;2
801164;-6;-154,22;DTM;2
801233;-3;-17,59;DTE;2
801274;-10;-48,9;DTM;2
801274;-30;-146,71;DTM;2
801313;-70;-1.923,93;DIT;2
801352;-3;-17,52;DTM;2
801391;-80;-983,12;DIT;2
803452;-92;-2.065,07;DTM;2
803907;-30;-2.870,76;DIT;2
110559;-3;-650;DTM;2
110559;-2;-433,33;DIT;2
120005;-1;-241,73;DIT;2
120007;-4;-128,3;DIT;2
120038;-2;-277,5;DIT;2
120042;-2;-1.752,17;DIT;2
120050;-2;-212,95;DIT;2
120062;-1;-363,36;DIT;2
120089;-6;-393,37;DIT;2
120100;-4;-59,6;DIT;2
120114;-1;-26,98;DTE;2
120128;-2;-89,74;DIT;2
120170;-2;-102,8;DIT;2
120182;-1;-158,2;DIT;2
120188;-1;-8,59;DTE;2
120195;-2;-809,4;DIT;2
120224;-60;-300;DIT;2
120227;-2;-233,1;DIT;2
120261;-1;-158,87;DIT;2
120284;-4;-75,68;DIT;2
120336;-2;-311,18;DIT;2
120344;-2;-317,74;DIT;2
120366;-2;-230,22;DIT;2
120366;-1;-115,11;DTE;2
120392;-2;-1.039,67;DIT;2
120452;-4;-10,2;DIT;2
400011;-2;-209,5;DTE;2
400011;-6;-628,51;DTE;2
400040;-2;-27.275,14;DIT;2
400072;-5;-21.882,10;DIT;2
400072;-1;-4.376,42;DIT;2
400072;-3;-13.129,26;DIT;2
400072;-2;-8.752,84;DIT;2
400111;-1;-3,49;DTM;2
400140;-24;-180,91;DTE;2
400142;-3;-212,59;DTE;2
400142;-6;-425,19;DTE;2
400142;-9;-637,78;DTE;2
400142;-1;-70,86;DIT;2
400142;-3;-212,59;DTM;2
400142;-3;-212,59;DTM;2
400142;-3;-212,59;DTM;2
400142;-6;-425,19;DTM;2
400142;-3;-212,59;DTM;2
400142;-3;-212,59;DTM;2
400142;-6;-425,19;DTM;2
400142;-3;-212,59;DTE;2
400164;-42;-999,7;DTE;2
400164;-2;-47,6;DTE;2
400164;-6;-142,81;DTM;2
400164;-9;-214,22;DTM;2
400192;-6;-87,04;DTE;2
400193;-2;-58,92;DIT;2
400193;-30;-883,85;DIT;2
400193;-24;-707,08;DTE;2
400193;-3;-88,39;DTE;2
400193;-3;-88,39;DTE;2
400224;-1;-1.606,41;DIT;2
400288;-2;-46.613,94;DIT;2
400288;-1;-23.306,97;DTM;2
400288;-1;-23.306,97;DTM;2
400288;-1;-23.306,97;DTM;2
400288;-1;-23.306,97;DTM;2
400288;-1;-23.306,97;DTM;2
400307;-1;-6,36;DTE;2
400366;-3;-18,57;DTM;2
400366;-4;-24,76;DTM;2
400366;-6;-37,14;DTM;2
400366;-4;-24,76;DTM;2
400366;-2;-12,38;DTM;2
400366;-4;-24,76;DTM;2
400366;-2;-12,38;DTM;2
400366;-2;-12,38;DTM;2
400366;-2;-12,38;DTM;2
400366;-4;-24,76;DTM;2
400375;-12;-107,49;DTM;2
400375;-2;-17,92;DTM;2
400375;-2;-17,92;DTE;2
400375;-12;-107,49;DTE;2
400442;-29;-141,68;DTE;2
400442;-71;-346,86;DTE;2
400460;-7;-170,73;DTE;2
400474;-400;-11.077,23;DIT;2
400474;-58;-1.606,20;DTE;2
400474;-97;-2.686,23;DTE;2
400474;-41;-1.135,42;DTE;2
400474;-41;-1.135,42;DTE;2
400474;-100;-2.769,31;DTE;2
400484;-1;-16,01;DTE;2
400505;-6;-71,07;DTM;2
400505;-3;-35,54;DTM;2
400506;-3;-31,86;DIT;2
400506;-5;-53,09;DTE;2
400506;-15;-159,28;DTE;2
400506;-10;-106,19;DTE;2
400506;-6;-63,71;DTM;2
400506;-3;-31,86;DTM;2
400506;-3;-31,86;DTM;2
400506;-2;-21,24;DTM;2
400506;-6;-63,71;DTM;2
400518;-3;-28,3;DTE;2
400518;-3;-28,3;DTE;2
400545;-1;-16,29;DTM;2
400588;-12;-684,89;DTM;2
400594;-7;-666,29;DIT;2
400594;-13;-1.237,40;DTE;2
400594;-36;-3.426,64;DTE;2
400594;-3;-285,55;DTE;2
400594;-19;-1.808,51;DTE;2
400594;-30;-2.855,54;DIT;2
400655;-6;-256,48;DTM;2
400655;-6;-256,48;DTM;2
400655;-8;-341,97;DTM;2
400678;-1;-1,09;DTE;2
400683;-2;-3,88;DTE;2
400708;-328;-1.966,46;DTE;2
400708;-18;-107,92;DTE;2
400708;-344;-2.062,39;DTE;2
400708;-6;-35,97;DTE;2
400708;-47;-281,78;DTE;2
400708;-27;-161,87;DTE;2
400708;-18;-107,92;DTE;2
400708;-91;-545,57;DTE;2
400771;-1;-23,22;DTM;2
400790;-12;-230,66;DTE;2
400790;-16;-307,55;DTE;2
400790;-2;-38,44;DTE;2
400790;-8;-153,78;DIT;2
400790;-34;-653,54;DTE;2
400790;-50;-961,09;DIT;2
400805;-9;-49,53;DTE;2
400805;-3;-16,51;DTM;2
400805;-3;-16,51;DTM;2
400813;-5;-8,74;DTE;2
400813;-5;-8,74;DTE;2
400813;-9;-15,72;DTE;2
400813;-3;-5,24;DTE;2
400813;-3;-5,24;DTE;2
400827;-2;-5,55;DIT;2
400851;-4;-89,7;DTM;2
400851;-3;-67,28;DTM;2
400855;-3;-57,4;DTM;2
400906;-1;-99,46;DTE;2
400906;-8;-795,69;DTE;2
400906;-6;-596,76;DTE;2
400906;-4;-397,84;DIT;2
400906;-17;-1.690,83;DTE;2
400942;-73;-341,62;DTE;2
400955;-4;-16,84;DTE;2
400968;-2;-3.991,86;DIT;2
400968;-5;-9.979,66;DIT;2
400968;-6;-11.975,59;DIT;2
400974;-10;-13,79;DTE;2
400974;-14;-19,31;DTE;2
400974;-40;-55,18;DTE;2
400974;-30;-41,38;DIT;2
400989;-4;-31,26;DTM;2
401056;-3;-17,24;DTM;2
401116;-3;-108,74;DTE;2
401116;-12;-434,98;DTE;2
401116;-9;-326,23;DTE;2
401116;-82;-2.972,34;DTE;2
401116;-2;-72,5;DIT;2
401117;-10;-122,9;DTE;2
401117;-32;-393,27;DTE;2
401117;-12;-147,48;DTE;2
401127;-10;-20.593,20;DIT;2
401131;-50;-643,06;DIT;2
401131;-6;-77,17;DIT;2
401131;-134;-1.723,39;DTE;2
401131;-23;-295,81;DTE;2
401131;-33;-424,42;DTE;2
401131;-30;-385,83;DTE;2
401155;-3;-43,89;DTM;2
401155;-3;-43,89;DTM;2
401155;-3;-43,89;DTM;2
401193;-2;-13.904,05;DIT;2
401239;-2;-47,14;DTE;2
401239;-3;-70,72;DTE;2
401239;-7;-165;DTE;2
401260;-1;-2.964,49;DTM;2
401264;-3;-79,68;DTE;2
401264;-30;-796,76;DIT;2
401349;-2;-7.224,41;DTM;2
401349;-6;-21.673,23;DIT;2
401403;-1;-10,02;DTE;2
401438;-2;-22,8;DTM;2
401463;-1;-6,27;DTM;2
401471;-15;-475,94;DTM;2
401471;-3;-95,19;DTM;2
401471;-3;-95,19;DTM;2
401485;-28;-3.717,93;DTE;2
401500;-1;-11,35;DTM;2
401566;-4;-95,57;DTE;2
401566;-20;-477,84;DTE;2
401566;-26;-621,19;DTE;2
401566;-4;-95,57;DTE;2
401566;-47;-1.122,92;DTE;2
401568;-11;-13,62;DTE;2
401568;-1;-1,24;DTE;2
401568;-9;-11,14;DTE;2
401568;-2;-2,48;DTE;2
401576;-3;-69,04;DTE;2
401576;-2;-46,03;DTE;2
401608;-9;-453,79;DTE;2
401608;-3;-151,26;DTE;2
401608;-3;-151,26;DTE;2
401620;-3;-8,73;DTE;2
401683;-1;-187,8;DTM;2
401683;-1;-187,8;DTM;2
401686;-9;-107,14;DTM;2
401686;-3;-35,71;DIT;2
401753;-5;-45,55;DTM;2
401753;-2;-18,22;DTM;2
401753;-8;-72,88;DTM;2
401753;-2;-18,22;DTE;2
401753;-8;-72,88;DTE;2
401753;-6;-54,66;DTE;2
401753;-3;-27,33;DTE;2
401753;-2;-18,22;DTE;2
401753;-2;-18,22;DTE;2
401753;-2;-18,22;DTE;2
401753;-2;-18,22;DTE;2
401753;-1;-9,11;DTE;2
401753;-8;-72,88;DTE;2
401753;-6;-54,66;DTE;2
401753;-7;-63,77;DTE;2
401753;-4;-36,44;DTE;2
401753;-3;-27,33;DTE;2
401753;-12;-109,32;DTE;2
401753;-2;-18,22;DTM;2
401753;-9;-81,99;DTM;2
401753;-1;-9,11;DTM;2
401753;-2;-18,22;DTM;2
401753;-2;-18,22;DTM;2
401753;-6;-54,66;DTM;2
401753;-2;-18,22;DTM;2
401753;-6;-54,66;DTM;2
401753;-6;-54,66;DTM;2
401753;-4;-36,44;DTM;2
401753;-2;-18,22;DTM;2
401783;-4;-46,15;DTE;2
401783;-4;-46,15;DTE;2
401783;-2;-23,07;DTE;2
401783;-1;-11,54;DTE;2
401786;-6;-85,22;DTE;2
401803;-3;-39,7;DTE;2
401823;-23;-640,84;DTE;2
401823;-7;-195,04;DTE;2
401823;-19;-529,39;DTE;2
401844;-1;-97,51;DTE;2
401844;-3;-292,51;DTE;2
401844;-8;-780,04;DTE;2
401857;-1;-323,46;DIT;2
401857;-3;-970,37;DTM;2
401857;-3;-970,37;DTM;2
401857;-3;-970,37;DTM;2
401857;-3;-970,37;DTM;2
401857;-3;-970,37;DTM;2
401857;-3;-970,37;DTM;2
401857;-3;-970,37;DTM;2
401857;-6;-1.940,74;DTM;2
401857;-3;-970,37;DTE;2
401857;-9;-2.911,11;DTE;2
401857;-6;-1.940,74;DTE;2
401857;-3;-970,37;DTE;2
401870;-8;-8,13;DTE;2
401870;-12;-12,19;DTE;2
401927;-6;-125,92;DTM;2
401927;-12;-251,83;DTM;2
401927;-6;-125,91;DTM;2
401927;-3;-62,96;DTE;2
401927;-12;-251,83;DTE;2
401927;-9;-188,87;DTE;2
401927;-82;-1.720,84;DTE;2
401927;-2;-41,97;DIT;2
401937;-66;-270,04;DTE;2
401937;-11;-45,01;DTE;2
401937;-14;-57,28;DTE;2
401937;-4;-16,37;DTE;2
402026;-2;-48,99;DTE;2
402065;-1;-15,75;DTE;2
402105;-12;-556,26;DTM;2
402105;-4;-185,42;DTM;2
402105;-8;-370,84;DTM;2
402105;-8;-370,84;DTM;2
402105;-12;-556,26;DTM;2
402105;-16;-741,68;DTM;2
402105;-4;-185,42;DTM;2
402105;-16;-741,68;DTM;2
402105;-8;-370,84;DTM;2
402105;-16;-741,68;DTM;2
402106;-1;-82,63;DTM;2
402106;-28;-2.313,76;DTE;2
402106;-1;-82,63;DTM;2
402106;-1;-82,63;DTM;2
402111;-3;-16,21;DTM;2
402111;-3;-16,21;DTM;2
402127;-16;-70,48;DTE;2
402127;-72;-317,14;DTE;2
402127;-14;-61,67;DTE;2
402127;-4;-17,62;DTE;2
402152;-3;-191,71;DIT;2
402152;-30;-1.917,11;DIT;2
402202;-2;-76,15;DTE;2
402202;-3;-114,22;DTE;2
402221;-6;-240,9;DTE;2
402221;-2;-80,3;DTM;2
402221;-1;-40,15;DTM;2
402221;-2;-80,3;DTM;2
402221;-4;-160,6;DTM;2
402221;-1;-40,15;DTM;2
402221;-2;-80,3;DTM;2
402221;-7;-281,04;DTM;2
402265;-3;-17,19;DTE;2
402296;-6;-74,19;DTM;2
402296;-12;-148,38;DTM;2
402296;-6;-74,19;DTM;2
402296;-2;-24,73;DIT;2
402296;-6;-74,19;DTM;2
402307;-51;-3.635,39;DTE;2
402307;-53;-3.777,95;DTE;2
402312;-133;-1.498,79;DTE;2
402312;-18;-202,84;DTE;2
402312;-19;-214,11;DTE;2
402312;-24;-270,46;DTE;2
402318;-171;-7.923,90;DTE;2
402318;-192;-8.897,01;DTE;2
402318;-259;-12.001,69;DTE;2
402318;-110;-5.097,24;DTE;2
402318;-8;-370,71;DTE;2
402318;-64;-2.965,67;DTE;2
402397;-12;-316,65;DTE;2
402401;-141;-3.704,87;DTE;2
402401;-9;-236,48;DTE;2
402401;-6;-157,65;DTE;2
402433;-3;-465,07;DTM;2
402433;-3;-465,07;DTM;2
402433;-3;-465,07;DTM;2
402433;-3;-465,07;DTM;2
402433;-3;-465,07;DTM;2
402433;-3;-465,07;DTM;2
402433;-6;-930,15;DTM;2
402433;-3;-465,07;DTM;2
402433;-3;-465,07;DTM;2
402433;-1;-155,02;DIT;2
402733;-1;-5,85;DIT;2
402741;-3;-25,92;DTE;2
402741;-3;-25,92;DTM;2
402741;-3;-25,92;DTM;2
402741;-3;-25,92;DTM;2
402741;-3;-25,92;DTM;2
402741;-3;-25,92;DTM;2
402847;-1;-1.080,29;DTM;2
402847;-1;-1.080,29;DTM;2
403121;-1;-8,09;DTM;2
403499;-12;-2,25;DTE;2
403499;-5;-0,94;DTE;2
403499;-3;-0,56;DTE;2
403563;-1;-169,98;DTE;2
403676;-2;-302,08;DTM;2
403804;-7;-56,86;DTE;2
403804;-9;-73,11;DTE;2
403804;-56;-454,88;DTE;2
404071;-68;-11.177,64;DTE;2
404071;-3;-493,13;DTM;2
404071;-3;-493,13;DTM;2
404071;-3;-493,13;DTM;2
404071;-3;-493,13;DTM;2
404071;-16;-2.630,03;DTE;2
404071;-3;-493,13;DTE;2
404084;-12;-256,46;DTE;2
404719;-2;-45,5;DTM;2
404719;-2;-45,5;DTM;2
404719;-1;-22,75;DTE;2
404719;-1;-22,75;DTE;2
404719;-3;-68,24;DTE;2
404719;-1;-22,75;DTE;2
404719;-4;-90,99;DTE;2
404732;-12;-1.061,88;DTM;2
404732;-3;-265,47;DTM;2
404732;-6;-530,94;DTM;2
404732;-4;-353,96;DTE;2
404732;-45;-3.982,04;DTE;2
404741;-6;-413,22;DTE;2
404741;-6;-413,22;DTE;2
405537;-2;-97,47;DTE;2
405539;-16;-303,45;DTE;2
405539;-14;-265,52;DTE;2
407094;-6;-421,98;DTE;2
407094;-6;-421,98;DTE;2
407096;-16;-3.451,66;DTE;2
408995;-8;-210,51;DTM;2
408995;-8;-210,51;DTM;2
800031;-150;-4.068,49;DIT;2
800499;-50;-470,97;DIT;2
800541;-4;-8,06;DTE;2
800541;-4;-8,06;DTE;2
800541;-4;-8,06;DTE;2
800541;-6;-12,08;DTE;2
800630;-1;-3,5;DTE;2
800654;-20;-3.033,00;DIT;2
800717;-3;-212,77;DTE;2
800817;-20;-6.632,57;DIT;2
800847;-100;-25.890,57;DIT;2
800897;-2;-12,17;DTE;2
800904;-2;-139,86;DIT;2
801047;-16;-45,99;DTE;2
801112;-24;-4.313,03;DIT;2
801112;-150;-26.956,42;DIT;2
801112;-50;-8.985,47;DIT;2
801313;-24;-659,68;DTM;2
801346;-1;-16,24;DTE;2
801400;-30;-2.989,68;DIT;2
802405;-2;-16,7;DTE;2
110559;-1;-216,66;DIT;2
120052;-1;-65;DAG;2
120284;-1;-18,92;DAG;2
400011;-6;-628,51;DTE;2
400040;-1;-13.637,57;DTE;2
400072;-8;0;DTM;2
400072;-2;0;DTM;2
400073;-2;-26.658,81;DTE;2
400137;-4;-12,6;DIT;2
400137;-21;-66,16;DIT;2
400140;-36;-271,34;DIT;2
400140;-18;-135,67;DIT;2
400140;-16;-120,6;DIT;2
400142;-3;-212,59;DIT;2
400142;-12;-850,38;DTE;2
400142;-100;0;DTM;2
400193;-12;-353,54;DIT;2
400224;-1;-1.606,41;DTE;2
400224;-1;-1.606,41;DTE;2
400224;-4;-6.425,64;DTE;2
400224;-1;-1.606,41;DTE;2
400224;-1;-1.606,41;DTE;2
400224;-2;-3.212,82;DTE;2
400224;-2;-3.212,82;DTE;2
400224;-1;-1.606,41;DTE;2
400224;-2;-3.212,82;DTE;2
400224;-3;-4.819,23;DTE;2
400224;-2;-3.212,82;DTE;2
400344;-1;-37,68;DTE;2
400375;-12;-107,49;DIT;2
400460;-25;-609,74;DIT;2
400474;-9;-249,24;DTE;2
400474;-9;-249,24;DTE;2
400474;-20;-553,86;DTE;2
400474;-20;-553,86;DTE;2
400474;-450;-12.461,89;DIT;2
400474;-300;-8.307,92;DIT;2
400478;-1;-8,65;DTE;2
400484;-1;-16,01;DTE;2
400496;-1;-36,45;DTE;2
400506;-15;-159,28;DTE;2
400506;-5;-53,09;DIT;2
400594;-7;-666,29;DIT;2
400594;-24;-2.284,43;DTE;2
400665;-18;-426,72;DTE;2
400708;-36;-215,83;DTE;2
400708;-810;-4.856,20;DTE;2
400708;-154;-923,28;DTE;2
400730;-500;0;DTM;2
400790;-8;-153,78;DIT;2
400790;-26;-499,77;DTE;2
400805;-3;-16,51;DTE;2
400813;-9;-15,72;DTE;2
400827;-71;-196,85;DTE;2
400827;-55;-152,51;DIT;2
400827;-14;-38,82;DTE;2
400827;-14;-38,82;DIT;2
400827;-26;-72,1;DIT;2
400827;-10;-27,73;DIT;2
400880;-10;-19,07;DIT;2
400906;-4;-397,84;DIT;2
400906;-13;-1.292,99;DTE;2
400930;-18;-35,52;DIT;2
400930;-4;-7,5;DIT;2
400930;-8;-15,7;DTE;2
400930;-2;-3,93;DTE;2
400942;-5;-23,4;DTE;2
400974;-4;-5,52;DIT;2
400974;-26;-35,86;DIT;2
400974;-8;-11,04;DTE;2
400974;-16;-22,07;DIT;2
400974;-14;-19,31;DIT;2
401056;-150;-862,14;DIT;2
401102;-3;-3,99;DIT;2
401116;-18;-652,6;DTE;2
401116;-15;-543,86;DIT;2
401117;-4;-49,16;DIT;2
401117;-18;-221,22;DIT;2
401117;-8;-98,32;DTE;2
401127;-4;-8.237,28;DTE;2
401127;-2;0;DTM;2
401131;-14;-180,04;DIT;2
401131;-80;-1.028,79;DIT;2
401131;-64;-823,11;DTE;2
401131;-18;-231,48;DIT;2
401131;-26;-334,36;DIT;2
401131;-1;-12,86;DIT;2
401239;-3;-70,72;DIT;2
401239;-6;-141,43;DTE;2
401264;-9;-239,06;DIT;2
401375;-2;-371,89;DTE;2
401438;-2;-22,82;DTE;2
401465;-12;-145,9;DTE;2
401465;-15;-182,38;DTE;2
401465;-15;-182,38;DTE;2
401465;-9;-109,43;DTE;2
401465;-10;-121,59;DTE;2
401465;-9;-109,43;DTE;2
401465;-9;-109,43;DTE;2
401465;-12;-145,9;DTE;2
401465;-9;-109,43;DTE;2
401485;-5;-683,21;DTE;2
401566;-5;-119,46;DTE;2
401566;-5;-119,46;DTE;2
401566;-3;-71,68;DTE;2
401566;-3;-71,68;DTE;2
401566;-3;-71,68;DTE;2
401566;-3;-71,68;DTE;2
401566;-3;-71,68;DTE;2
401566;-14;-334,49;DTE;2
401566;-7;-167,24;DTE;2
401568;-1;-1,24;DTE;2
401608;-9;-453,79;DTE;2
401686;-40;-476,18;DIT;2
401711;-40;-872,64;DIT;2
401711;-3;-65,45;DTE;2
401711;-72;-1.570,75;DTE;2
401711;-3;-65,45;DTE;2
401753;-2;-18,22;DTE;2
401753;-10;-91,34;DTE;2
401823;-48;-1.337,41;DTE;2
401823;-33;-919,47;DIT;2
401844;-3;-293,4;DTE;2
401844;-2;-195,17;DTE;2
401857;-6;-1.940,74;DIT;2
401857;-6;-1.940,74;DIT;2
401857;-12;-3.881,49;DTE;2
401864;-12;-41,93;DIT;2
401864;-12;-41,93;DIT;2
401927;-18;-377,74;DTE;2
401927;-12;-251,45;DIT;2
401927;-12;-251,45;DIT;2
401937;-25;-102,29;DTE;2
401959;-4;-712,61;DTE;2
401959;-1;-178,15;DTE;2
401964;-1;-4.534,00;DTM;2
402065;-2;-31,51;DTE;2
402092;-1;-15.762,63;DIT;2
402092;-1;-15.762,63;DIT;2
402127;-30;-132,02;DTE;2
402152;-36;-2.300,53;DTE;2
402152;-6;-383,42;DTE;2
402152;-6;-383,42;DTE;2
402152;-6;-383,42;DTE;2
402152;-12;-766,84;DTE;2
402152;-6;-383,42;DTE;2
402202;-2;-79,54;DTE;2
402221;-4;-160,61;DIT;2
402265;-6;-34,38;DTE;2
402287;-24;-261,05;DIT;2
402287;-12;-130,53;DIT;2
402296;-18;-222,58;DTE;2
402307;-108;-7.698,47;DTE;2
402307;-24;-1.710,77;DIT;2
402307;-48;-3.421,54;DIT;2
402312;-6;-67,64;DIT;2
402312;-3;-33,82;DIT;2
402312;-76;-856,45;DTE;2
402318;-202;-9.360,39;DTE;2
402324;-2;-12,19;DIT;2
402331;-6;-248,22;DTE;2
402331;-14;-579,18;DTE;2
402365;-1;-20;DTE;2
402365;-2;-40;DTE;2
402397;-4;-105,55;DTE;2
402401;-15;-394,14;DTE;2
402433;-9;-1.395,22;DTE;2
402433;-3;-465,07;DTE;2
402433;-3;-464,6;DIT;2
402490;-3;-1.020,91;DTE;2
402587;-7;-205,29;DTE;2
402627;-3;-72.173,97;DIT;2
402741;-3;-25,92;DTE;2
402847;-1;-1.080,29;DTE;2
402847;-2;-2.160,58;DTE;2
402847;-1;-1.080,29;DTE;2
402847;-1;-1.080,29;DTE;2
403121;-13;-105,12;DTE;2
403121;-5;-40,43;DTE;2
403121;-4;-32,35;DTE;2
403121;-2;-16,17;DTE;2
403121;-11;-88,95;DTE;2
403121;-4;-32,35;DTE;2
403323;-66;-205,32;DTE;2
403323;-24;-74,66;DTE;2
403323;-21;-65,33;DTE;2
403323;-24;-74,66;DTE;2
403337;-1;-1.034,36;DIT;2
403337;-1;-1.034,36;DIT;2
403353;-500;0;DTM;2
403602;-25;-52,83;DTE;2
403602;-44;-114,4;DTE;2
403602;-64;-166,4;DTE;2
403602;-278;-722,78;DTE;2
403642;-200;-3.053,97;DIT;2
403804;-15;-121,84;DTE;2
404084;-32;-673,69;DTE;2
404112;-1;-350,08;DIT;2
404112;-1;-350,08;DIT;2
404112;-1;-350,08;DIT;2
404112;-1;-350,08;DIT;2
404112;-1;-350,08;DIT;2
404112;-1;-350,08;DIT;2
404719;-2;-45,49;DTE;2
404719;-3;-68,49;DTE;2
404740;-9;-693,37;DTE;2
404741;-6;-413,22;DTE;2
405539;-44;-834,49;DTE;2
407094;-18;-1.265,93;DTE;2
407096;-38;-8.197,68;DTE;2
408994;-12;-312,75;DIT;2
408994;-15;-390,94;DTE;2
800031;-100;-2.712,32;DIT;2
800031;-30;-813,7;DIT;2
800054;-8;-155,98;DIT;2
800058;-450;-20.695,04;DIT;2
800116;-2;-11,67;DIT;2
800158;-5;-8,69;DIT;2
800163;-500;0;DTM;2
800362;-100;-681,88;DIT;2
800499;-4;-37,69;DIT;2
800541;-4;-8,06;DIT;2
800654;-50;0;DTM;2
800817;-3;-994,89;DIT;2
800847;-2;-517,81;DIT;2
800872;-600;0;DTM;2
800889;-3;-58,99;DIT;2
800894;-150;-926,44;DIT;2
801047;-10;-28,74;DIT;2
801064;-4;-7,25;DIT;2
801114;-100;-583,14;DIT;2
801233;-100;-586,44;DIT;2
801233;-3;-17,59;DIT;2
801303;-100;-586,43;DIT;2
801373;-12;-110,12;DIT;2
801400;-4;-398,62;DIT;2
801834;-200;-1.158,58;DIT;2
803907;-7;-669,84;DIT;2
804894;-500;0;DTM;2
400011;-1;-104,75;DTM;2
400011;-1;-104,75;DTM;2
400011;-2;-209,5;DTM;2
400011;-1;-104,75;DTM;2
400011;-2;-209,5;DTM;2
400011;-2;-209,5;DTM;2
400111;-1;-3,49;DTM;2
400130;-5;-14,92;DTM;2
400130;-5;-14,92;DTM;2
400140;-4;-30,15;DTM;2
400140;-8;-60,3;DTM;2
400140;-16;-120,6;DTM;2
400140;-8;-60,3;DTM;2
400140;-28;-211,04;DTM;2
400140;-2;-15,07;DTM;2
400140;-8;-60,3;DTM;2
400140;-4;-30,15;DTM;2
400140;-6;-45,22;DTM;2
400140;-4;-30,15;DTM;2
400140;-8;-60,3;DTM;2
400142;-3;-212,59;DTM;2
400193;-6;-176,77;DTM;2
400193;-3;-88,39;DTM;2
400307;-2;-12,72;DTM;2
400307;-4;-25,45;DTM;2
400307;-4;-25,45;DTM;2
400344;-1;-37,68;DTM;2
400375;-4;-35,83;DTM;2
400484;-1;-16,01;DTM;2
400484;-1;-16,01;DTM;2
400518;-3;-28,3;DTM;2
400673;-24;-33,31;DTM;2
400673;-7;-9,71;DTM;2
400673;-11;-15,27;DTM;2
400673;-16;-22,2;DTM;2
400673;-30;-41,63;DTM;2
400673;-6;-8,33;DTM;2
400673;-9;-12,49;DTM;2
400673;-13;-18,04;DTM;2
400673;-4;-5,55;DTM;2
400673;-10;-13,88;DTM;2
400673;-2;-2,78;DTM;2
400673;-16;-22,2;DTM;2
400673;-12;-16,65;DTM;2
400673;-13;-18,04;DTM;2
400673;-13;-18,04;DTM;2
400673;-18;-24,98;DTM;2
400673;-3;-4,16;DTM;2
400790;-12;-230,66;DTM;2
400790;-2;-38,44;DTM;2
400790;-2;-38,44;DTM;2
400790;-2;-38,44;DTM;2
400790;-4;-76,89;DTM;2
400790;-10;-192,22;DTM;2
400790;-10;-192,22;DTM;2
400790;-14;-269,11;DTM;2
400906;-1;-99,46;DTM;2
400906;-5;-497,3;DTM;2
400906;-7;-696,23;DTM;2
400906;-1;-99,46;DTM;2
400906;-4;-397,84;DTM;2
400906;-6;-596,77;DTM;2
400906;-5;-497,3;DTM;2
400906;-1;-99,46;DTM;2
400908;-4;-355,9;DTM;2
400930;-4;-7,89;DTE;2
400955;-2;-8,42;DTM;2
400974;-8;-11,04;DTM;2
400974;-4;-5,52;DTM;2
400974;-6;-8,28;DTM;2
400974;-4;-5,52;DTM;2
400974;-10;-13,79;DTM;2
400974;-8;-11,03;DTM;2
400974;-4;-5,52;DTM;2
400989;-12;-93,77;DTM;2
401102;-6;-7,98;DTM;2
401108;-2;-6,05;DTM;2
401108;-9;-27,23;DTM;2
401116;-3;-108,77;DTM;2
401116;-6;-217,54;DTM;2
401116;-6;-217,54;DTM;2
401116;-6;-217,54;DTM;2
401117;-2;-24,58;DTM;2
401117;-2;-24,58;DTM;2
401117;-4;-49,16;DTM;2
401117;-2;-24,58;DTM;2
401117;-4;-49,16;DTM;2
401117;-4;-49,16;DTM;2
401117;-10;-122,9;DTM;2
401117;-4;-49,16;DTM;2
401117;-4;-49,16;DTM;2
401117;-6;-73,74;DTM;2
401131;-5;-64,3;DTM;2
401131;-2;-25,72;DTM;2
401131;-3;-38,58;DTM;2
401131;-18;-231,48;DTM;2
401131;-10;-128,6;DTM;2
401131;-4;-51,44;DTM;2
401131;-12;-154,32;DTM;2
401131;-16;-205,76;DTM;2
401131;-2;-25,72;DTM;2
401131;-4;-51,44;DTM;2
401131;-2;-25,72;DTM;2
401131;-6;-77,16;DTM;2
401131;-2;-25,72;DTM;2
401131;-7;-90,02;DTM;2
401131;-8;-102,88;DTM;2
401131;-4;-51,44;DTM;2
401131;-6;-77,16;DTM;2
401131;-5;-64,3;DTM;2
401131;-4;-51,44;DTM;2
401131;-2;-25,72;DTM;2
401131;-6;-77,16;DTM;2
401155;-2;-29,26;DTM;2
401155;-1;-14,63;DTM;2
401239;-6;-141,43;DTM;2
401264;-3;-79,69;DTM;2
401264;-3;-79,69;DTM;2
401264;-6;-159,38;DTM;2
401264;-6;-159,38;DTM;2
401264;-9;-239,06;DTM;2
401264;-3;-79,69;DTM;2
401403;-1;-10,02;DTM;2
401451;-3;-70,94;DTM;2
401451;-6;-141,88;DTM;2
401471;-3;-95,19;DTM;2
401546;-3;-21,3;DTM;2
401566;-3;-71,68;DTM;2
401566;-3;-71,68;DTM;2
401566;-3;-71,68;DTM;2
401655;-4;-49,37;DTM;2
401655;-4;-49,37;DTM;2
401763;-3;-112,71;DTM;2
401834;-4;-42,56;DTE;2
401834;-2;-21,28;DTE;2
401927;-9;-188,59;DTM;2
401927;-6;-125,73;DTM;2
401927;-3;-62,86;DTM;2
401937;-2;-8,18;DTM;2
401937;-2;-8,18;DTM;2
402026;-2;-48,99;DTM;2
402065;-1;-15,75;DTM;2
402105;-10;-463,55;DTM;2
402105;-12;-556,26;DTM;2
402106;-2;-165,27;DTM;2
402127;-2;-8,8;DTM;2
402127;-8;-35,21;DTM;2
402127;-4;-17,6;DTM;2
402127;-8;-35,21;DTM;2
402127;-4;-17,6;DTM;2
402127;-10;-44,01;DTM;2
402152;-6;-383,42;DTE;2
402152;-6;-383,42;DTE;2
402152;-6;-383,42;DTE;2
402202;-1;-39,77;DTE;2
402221;-2;-80,31;DTM;2
402287;-2;-21,75;DTM;2
402287;-6;-65,26;DTM;2
402296;-9;-111,29;DTM;2
402296;-3;-37,1;DTM;2
402307;-12;-855,39;DTM;2
402307;-16;-1.140,51;DTM;2
402307;-64;-4.562,05;DTM;2
402307;-4;-285,13;DTM;2
402307;-20;-1.425,64;DTM;2
402307;-8;-570,26;DTM;2
402307;-39;-2.780,00;DTE;2
402307;-36;-2.566,16;DTM;2
402307;-39;-2.780,00;DTE;2
402307;-30;-2.138,46;DTM;2
402307;-38;-2.708,72;DTM;2
402307;-62;-4.419,49;DTM;2
402307;-10;-712,82;DTM;2
402312;-1;-11,27;DTM;2
402312;-9;-101,47;DTM;2
402312;-1;-11,27;DTM;2
402312;-8;-90,19;DTM;2
402312;-1;-11,27;DTM;2
402312;-3;-33,82;DTM;2
402312;-2;-22,55;DTM;2
402312;-3;-33,82;DTM;2
402312;-4;-45,1;DTM;2
402401;-3;-78,83;DTM;2
402401;-3;-78,83;DTM;2
402401;-3;-78,83;DTM;2
402401;-3;-78,83;DTM;2
402401;-3;-78,83;DTM;2
402401;-6;-157,65;DTM;2
402401;-3;-78,83;DTM;2
402433;-3;-464,6;DTM;2
402587;-2;-58,65;DTM;2
403121;-4;-32,35;DTE;2
403121;-8;-64,69;DTE;2
403121;-9;-72,78;DTE;2
403182;-4;-851,38;DTM;2
403182;-8;-1.702,75;DTM;2
403182;-6;-1.277,07;DTM;2
403323;-36;-111,99;DTE;2
403323;-45;-139,99;DTE;2
403602;-15;-35,49;DTE;2
404732;-2;-176,98;DTM;2
404732;-3;-265,47;DTM;2
404732;-3;-265,47;DTM;2
404732;-6;-530,94;DTM;2
408994;-36;-938,25;DTM;2
408994;-9;-234,56;DTM;2
408994;-3;-78,19;DTM;2
408994;-3;-78,19;DTM;2
408994;-6;-156,38;DTM;2
408994;-1;-26,06;DTM;2
408994;-12;-312,75;DTM;2
408994;-6;-156,38;DTM;2
408994;-2;-52,13;DTM;2
408994;-18;-469,13;DTM;2
408994;-3;-78,19;DTM;2
408994;-3;-78,19;DTM;2
408994;-3;-78,19;DTM;2
408994;-3;-78,19;DTM;2
408994;-3;-78,19;DTM;2
408994;-3;-78,19;DTM;2
408994;-6;-156,38;DTM;2
408994;-3;-78,19;DTM;2
408995;-6;-157,89;DTM;2
408995;-6;-157,88;DTM;2
800654;-3;-454,94;DTM;2
800715;-1;-1,49;DTM;2
800717;-3;-212,77;DTM;2
800817;-3;-994,89;DTM;2
800817;-3;-994,89;DTM;2
800822;-3;-68,81;DTM;2
801826;-3;-17,14;DTM;2
803344;-9;-829,27;DTM;2
400019;-3;-250,57;DTE;2
400072;-10;-44.653,92;DIT;2
400111;-1;-3,49;DTE;2
400140;-16;-120,6;DTE;2
400140;-70;-527,61;DIT;2
400142;-1;-70,86;DIT;2
400142;-1;-70,86;DIT;2
400142;-3;-212,59;DTE;2
400142;-3;-212,59;DTE;2
400142;-3;-212,59;DTE;2
400142;-3;-212,59;DTE;2
400192;-2;-29,01;DTE;2
400193;-6;-176,77;DIT;2
400193;-13;-383;DIT;2
400193;-3;-88,39;DTE;2
400193;-5;-147,31;DTE;2
400193;-3;-88,39;DTE;2
400375;-9;-80,62;DTE;2
400378;-40;-48,65;DIT;2
400478;-1;-8,7;DTE;2
400478;-4;-34,81;DTE;2
400478;-29;-252,38;DTE;2
400478;-10;-87,03;DTE;2
400478;-5;-43,51;DTE;2
400496;-3;-109,36;DTE;2
400496;-10;-364,54;DTE;2
400506;-3;-31,86;DIT;2
400506;-5;-53,09;DTE;2
400506;-3;-31,86;DIT;2
400594;-7;-666,29;DTE;2
400594;-14;-1.332,58;DIT;2
400594;-7;-666,29;DIT;2
400655;-75;-3.205,97;DTE;2
400665;-3;-71,16;DTE;2
400665;-3;-71,16;DTE;2
400665;-3;-71,16;DTE;2
400665;-3;-71,16;DTE;2
400665;-3;-71,16;DTE;2
400665;-9;-213,47;DTE;2
400665;-87;-2.063,57;DTE;2
400665;-6;-142,32;DTE;2
400665;-12;-284,63;DTE;2
400665;-3;-71,16;DTE;2
400665;-2;-47,44;DTE;2
400665;-15;-355,79;DTE;2
400665;-3;-71,16;DTE;2
400665;-3;-71,16;DTE;2
400665;-3;-71,16;DTE;2
400665;-1;-23,72;DTE;2
400665;-9;-213,47;DTE;2
400665;-6;-142,32;DTE;2
400665;-3;-71,16;DTE;2
400665;-3;-71,16;DTE;2
400665;-4;-94,88;DTE;2
400665;-4;-94,88;DTE;2
400665;-6;-142,32;DTE;2
400665;-3;-71,16;DTE;2
400665;-6;-142,32;DTE;2
400665;-6;-142,32;DTE;2
400665;-9;-213,47;DTE;2
400665;-3;-71,16;DTE;2
400708;-989;-5.929,36;DTE;2
400708;-27;-161,87;DTE;2
400708;-76;-455,64;DTE;2
400708;-9;-53,96;DTE;2
400758;-9;-4.248,02;DIT;2
400790;-30;-576,66;DIT;2
400790;-8;-153,78;DIT;2
400790;-8;-153,78;DTE;2
400790;-4;-76,89;DTE;2
400790;-8;-153,78;DIT;2
400813;-5;-8,74;DTE;2
400813;-900;-1.572,41;DIT;2
400827;-59;-163,6;DTE;2
400827;-10;-27,73;DIT;2
400827;-53;-146,97;DTE;2
400827;-292;-809,7;DTE;2
400827;-52;-144,19;DTE;2
400827;-25;-69,32;DTE;2
400906;-2;-198,92;DTE;2
400906;-50;-4.973,04;DIT;2
400906;-4;-397,84;DTE;2
400906;-4;-397,84;DIT;2
400906;-8;-795,69;DIT;2
400930;-3;-5,92;DTE;2
400930;-56;-110,49;DTE;2
400930;-48;-94,71;DTE;2
400930;-66;-130,22;DTE;2
400930;-10;-19,73;DTE;2
400930;-10;-19,73;DTE;2
400937;-120;-12.065,26;DIT;2
400942;-6;-28,08;DTE;2
400951;-18;-463,72;DTE;2
400955;-5;-21,05;DTE;2
400974;-8;-11,03;DTE;2
400974;-6;-8,28;DTE;2
400974;-20;-27,59;DIT;2
400974;-2;-2,76;DIT;2
400974;-6;-8,28;DTE;2
401116;-15;-543,86;DTE;2
401116;-3;-108,77;DTE;2
401116;-3;-108,77;DTE;2
401116;-18;-652,63;DIT;2
401116;-12;-435,09;DIT;2
401117;-2;-24,58;DIT;2
401117;-12;-147,48;DIT;2
401117;-4;-49,16;DTE;2
401117;-4;-49,16;DTE;2
401117;-10;-122,9;DTE;2
401131;-13;-167,18;DTE;2
401131;-30;-385,8;DTE;2
401131;-1;-12,86;DTE;2
401131;-121;-1.556,04;DIT;2
401131;-11;-141,46;DIT;2
401155;-6;-87,77;DIT;2
401239;-1;-23,57;DTE;2
401239;-1;-23,57;DTE;2
401264;-3;-79,69;DIT;2
401264;-3;-79,69;DTE;2
401308;-3;-4.322,23;DIT;2
401375;-3;-557,84;DTE;2
401385;-30;-28,07;DIT;2
401438;-2;-22,82;DTE;2
401438;-5;-57,06;DTE;2
401465;-35;-425,58;DTE;2
401465;-15;-182,39;DTE;2
401485;-4;-546,56;DTE;2
401500;-3;-34,04;DTE;2
401500;-1;-11,35;DTE;2
401566;-3;-71,68;DTE;2
401574;-4;-64,22;DTE;2
401574;-4;-64,22;DTE;2
401576;-3;-69,04;DTE;2
401632;-200;-442,11;DIT;2
401686;-66;-785,7;DIT;2
401773;-180;-193,6;DIT;2
401834;-1;-10,64;DTE;2
401834;-8;-85,12;DTE;2
401834;-1;-10,64;DTE;2
401834;-5;-53,2;DTE;2
401834;-4;-42,56;DTE;2
401834;-14;-148,96;DTE;2
401834;-4;-42,56;DTE;2
401834;-4;-42,56;DTE;2
401844;-3;-293,4;DTE;2
401857;-1;-323,46;DIT;2
401857;-3;-970,37;DTE;2
401857;-3;-970,37;DTE;2
401857;-3;-970,37;DTE;2
401857;-3;-970,37;DIT;2
401870;-6;-6,1;DTE;2
401888;-3;-91,14;DTE;2
401910;-3;-34,78;DTE;2
401910;-3;-34,78;DTE;2
401927;-12;-251,45;DIT;2
401927;-3;-62,86;DTE;2
401927;-15;-314,32;DTE;2
401927;-3;-62,86;DTE;2
401927;-18;-377,18;DIT;2
401937;-1;-4,09;DTE;2
401937;-16;-65,46;DTE;2
401937;-1;-4,09;DTE;2
402026;-3;-73,48;DTE;2
402106;-4;-330,54;DTE;2
402106;-3;-247,9;DTE;2
402127;-23;-101,22;DTE;2
402127;-1;-4,4;DTE;2
402152;-3;-191,71;DIT;2
402152;-3;-191,71;DIT;2
402191;-40;-53,34;DIT;2
402221;-4;-160,61;DTE;2
402247;-1;-19,05;DTE;2
402287;-60;-652,64;DIT;2
402296;-18;-222,58;DIT;2
402296;-12;-148,38;DIT;2
402296;-3;-37,1;DTE;2
402296;-15;-185,48;DTE;2
402296;-3;-37,1;DTE;2
402296;-82;-1.013,96;DTE;2
402296;-9;-111,29;DTE;2
402296;-12;-148,38;DTE;2
402296;-2;-24,73;DTE;2
402296;-4;-49,46;DTE;2
402303;-200;-637,65;DIT;2
402312;-30;-338,23;DIT;2
402312;-18;-202,94;DTE;2
402312;-2;-22,55;DTE;2
402312;-23;-259,31;DTE;2
402312;-3;-33,82;DTE;2
402312;-6;-67,65;DIT;2
402312;-5;-56,37;DIT;2
402324;-7;-43,29;DTE;2
402324;-5;-30,92;DTE;2
402324;-4;-24,74;DTE;2
402324;-4;-24,74;DTE;2
402324;-2;-12,37;DTE;2
402324;-4;-24,74;DTE;2
402324;-2;-12,37;DTE;2
402324;-13;-80,4;DTE;2
402331;-13;-537,81;DTE;2
402331;-5;-206,85;DTE;2
402331;-2;-82,74;DTE;2
402373;-4;-49,85;DTE;2
402373;-4;-49,85;DTE;2
402401;-9;-236,48;DTE;2
402401;-23;-604,34;DTE;2
402404;-3;-23,01;DTE;2
402404;-3;-23,01;DTE;2
402433;-1;-154,87;DIT;2
402433;-7;-1.084,06;DIT;2
402433;-3;-464,6;DTE;2
402433;-3;-464,6;DTE;2
402433;-3;-464,6;DTE;2
402433;-3;-464,6;DTE;2
402433;-9;-1.393,80;DTE;2
402433;-3;-464,6;DTE;2
402433;-3;-464,6;DTE;2
402490;-4;-1.361,22;DTE;2
402490;-1;-340,3;DTE;2
402587;-2;-58,65;DTE;2
402587;-2;-58,65;DTE;2
402587;-3;-87,98;DTE;2
402587;-2;-58,65;DTE;2
402587;-2;-58,65;DTE;2
402733;-1;-5,85;DIT;2
402733;-1;-5,85;DIT;2
402824;-200;-11.613,01;DCR;2
402824;-306;-17.767,90;DIT;2
403113;-30;-234;DIT;2
403121;-2;-16,17;DTE;2
403121;-2;-16,17;DTE;2
403121;-2;-16,17;DTE;2
403121;-2;-16,17;DTE;2
403121;-1;-8,09;DTE;2
403121;-1;-8,09;DTE;2
403121;-8;-64,69;DTE;2
403121;-1;-8,09;DTE;2
403121;-1;-8,09;DTE;2
403121;-5;-40,43;DTE;2
403182;-24;-5.108,26;DIT;2
403327;-50;-810;DCR;2
403327;-20;-324;DIT;2
403337;-20;-20.687,25;DCR;2
403409;-1;-57.529,13;DIT;2
403594;-20;-200,83;DIT;2
403642;-400;-6.107,93;DIT;2
403642;-2.000;-30.539,66;DCR;2
403656;-80;-1.923,08;DCR;2
403804;-1;-8,12;DTE;2
403804;-1;-8,12;DTE;2
403804;-9;-73,11;DTE;2
404009;-400;-2.349,58;DIT;2
404009;-200;-1.174,79;DIT;2
404071;-3;-493,13;DTE;2
404084;-51;-1.074,18;DTE;2
404719;-1;-22,83;DTE;2
404740;-6;-462,25;DTE;2
404740;-3;-231,12;DTE;2
404741;-15;-1.033,04;DTE;2
404741;-3;-206,61;DTE;2
405537;-20;-974,65;DTE;2
405539;-6;-113,79;DTE;2
800007;-3;-13,77;DTE;2
800344;-1;-28,31;DTE;2
800536;-50;-1.156,27;DIT;2
800817;-3;-994,89;DTE;2
800876;-3;-66,41;DTE;2
801112;-100;-18.076,77;DIT;2
801313;-3;-82,46;DTE;2
804115;-50;-3.165,53;DIT;2
400040;-3;-43.337,79;DIT;2
400040;-2;-28.891,86;DIT;2
400072;-1;-4.465,39;DIT;2
400072;-3;-13.396,18;DIT;2
400072;-3;-13.396,18;DIT;2
400142;-2;-141,73;DIT;2
400193;-6;-176,77;DIT;2
400243;-2;-61.058,05;DIT;2
400288;-2;-46.613,94;DIT;2
400288;-2;-46.613,94;DIT;2
400292;-3;-1.225,92;DIT;2
400459;-101;-508,13;DTE;2
400506;-6;-63,73;DIT;2
400594;-28;-2.665,17;DIT;2
400730;-100;-1.915,75;DIT;2
400730;-3.404;-65.212,17;DTE;2
400730;-580;-11.111,36;DTE;2
400730;-2.460;-47.127,47;DTE;2
400730;-5.846;-111.994,81;DTE;2
400730;-574;-10.996,41;DTE;2
400758;-18;-8.496,04;DIT;2
400790;-16;-307,53;DIT;2
400906;-16;-1.591,37;DIT;2
400937;-132;-13.271,78;DIT;2
400968;-5;-9.979,66;DIT;2
400974;-28;-38,62;DIT;2
401116;-12;-435,1;DIT;2
401116;-30;-1.087,74;DIT;2
401117;-100;-1.228,97;DIT;2
401117;-16;-196,64;DIT;2
401131;-20;-257,19;DIT;2
401131;-50;-642,99;DIT;2
401155;-12;-175,55;DIT;2
401239;-50;-1.178,37;DIT;2
401264;-100;-2.654,69;DIT;2
401451;-100;-2.364,60;DIT;2
401465;-12;-145,97;DTE;2
401465;-54;-656,89;DTE;2
401465;-8;-97,32;DTE;2
401465;-26;-316,28;DTE;2
401711;-11;-238,97;DIT;2
401857;-20;-6.468,52;DIT;2
401927;-12;-251,45;DIT;2
402152;-6;-383,42;DIT;2
402191;-80;-106,68;DIT;2
402296;-12;-148,38;DIT;2
402307;-100;-7.128,21;DIT;2
402312;-6;-67,59;DIT;2
402433;-30;-4.645,98;DIT;2
402433;-14;-2.168,13;DIT;2
402592;-90;-10.978,91;DIT;2
402733;-2;-11,7;DIT;2
402824;-126;-7.316,20;DIT;2
403182;-48;-10.216,52;DIT;2
403409;-2;-115.058,25;DIT;2
110029;-1;-42,04;DAG;2
110052;-1;-58;DAG;2
114230;-1;-67,31;DAG;2
114240;-1;-35,87;DAG;2
114241;-1;-141,01;DAG;2
120007;-4;-128,3;DIC;2
120038;-2;-277,5;DIC;2
120050;-1;-106,47;DIC;2
120089;-3;-196,68;DIC;2
120092;-5;-90,93;DIC;2
120099;-2;-1.260,75;DPC;2
120100;-1;-14,9;DIC;2
120141;-1;-158,87;DIC;2
120167;-1;-106,48;DIC;2
120170;-1;-51,4;DIC;2
120182;-1;-158,2;DIC;2
120182;-1;-158,2;DIC;2
120224;-29;-145;DIC;2
120284;-2;-37,84;DIC;2
120334;-2;-318,17;DIC;2
120343;-2;-317,74;DTM;2
120366;-1;-115,11;DIC;2
120366;-1;-115,11;DIC;2
400040;-1;-14.445,93;DTM;2
400040;-1;-14.445,93;DTM;2
400072;-2;-8.930,78;DIT;2
400072;-8;-35.723,14;DIT;2
400072;-8;-35.723,14;DIT;2
400072;-2;-8.930,79;DIT;2
400193;-30;-883,85;DIT;2
400224;-1;-1.606,41;DTM;2
400243;-1;-30.076,04;DTM;2
400243;-1;-30.076,04;DTM;2
400366;-3;-18,49;DTM;2
400366;-2;-12,33;DTM;2
400366;-3;-18,49;DTM;2
400460;-1;-24,39;DTM;2
400460;-72;-1.756,04;DTM;2
400474;-63;-1.744,66;DIT;2
400474;-40;-1.107,72;DTM;2
400487;-80;-4.573,79;DTM;2
400487;-170;-9.719,30;DTM;2
400487;-60;-3.430,34;DTM;2
400487;-192;-10.977,09;DTM;2
400496;-1;-36,73;DTM;2
400496;-5;-183,66;DTM;2
400594;-30;-2.855,54;DIT;2
400594;-7;-666,29;DTM;2
400594;-3;-285,55;DTM;2
400594;-16;-1.522,95;DTM;2
400594;-10;-951,85;DTM;2
400594;-4;-380,74;DTM;2
400594;-10;-951,85;DTM;2
400594;-3;-285,55;DTM;2
400594;-13;-1.237,40;DTM;2
400603;-1;-28,32;DTM;2
400708;-2;-11,99;DTM;2
400708;-12;-71,94;DTM;2
400708;-170;-1.019,20;DTM;2
400708;-15;-89,93;DTM;2
400708;-15;-89,93;DTM;2
400708;-12;-71,94;DTM;2
400708;-15;-89,93;DTM;2
400708;-15;-89,93;DTM;2
400708;-26;-155,88;DTM;2
400708;-96;-575,55;DTM;2
400708;-137;-821,36;DTM;2
400730;-330;-6.321,98;DTM;2
400730;-15;-287,36;DTM;2
400730;-500;-9.578,76;DTM;2
400730;-300;-5.747,25;DTM;2
400758;-20;-9.440,05;DIT;2
400758;-3;-1.416,01;DTM;2
400790;-100;-1.917,78;DIT;2
400813;-2;-3,49;DTM;2
400813;-400;-698,85;DIT;2
400813;-6;-10,48;DTM;2
400813;-20;-34,94;DTM;2
400813;-10;-17,47;DTM;2
400813;-30;-52,41;DTM;2
400813;-6;-10,48;DTM;2
400813;-10;-17,47;DTM;2
400813;-10;-17,47;DTM;2
400813;-10;-17,47;DTM;2
400827;-48;-132,65;DIT;2
400906;-100;-9.946,08;DIT;2
400910;-24;-558,26;DTM;2
400910;-2;-46,52;DTM;2
400930;-8;-15,84;DTM;2
400930;-4;-7,92;DTM;2
400942;-60;-280,79;DPC;2
400968;-10;-19.810,06;DIT;2
400968;-1;-1.981,01;DTM;2
400968;-10;-19.810,06;DIT;2
401116;-30;-1.087,74;DIT;2
401127;-7;-14.417,85;DIT;2
401127;-7;-14.417,85;DIT;2
401259;-4;-40,93;DTM;2
401264;-62;-1.645,91;DPC;2
401463;-3;-18,82;DTM;2
401544;-6;-51,54;DTM;2
401711;-30;-654,1;DIT;2
401753;-1;-9,14;DTM;2
401857;-1;-323,43;DIT;2
401959;-2;-363,6;DTE;2
401959;-2;-363,6;DTE;2
401959;-2;-363,6;DTE;2
401959;-4;-727,2;DTE;2
401959;-1;-181,8;DTE;2
401959;-2;-363,6;DTE;2
401959;-4;-727,2;DTE;2
401959;-2;-363,6;DTE;2
401959;-4;-727,2;DTE;2
401959;-4;-727,2;DTE;2
401959;-2;-363,6;DTE;2
401959;-2;-363,6;DTE;2
401959;-2;-363,6;DTE;2
401959;-2;-363,6;DTE;2
401959;-2;-363,6;DTE;2
401959;-9;-1.636,21;DTM;2
401959;-6;-1.090,81;DTM;2
401959;-1;-181,8;DTE;2
401959;-5;-909;DTM;2
401959;-2;-363,6;DTE;2
401959;-2;-363,6;DTE;2
401959;-4;-727,2;DTE;2
401959;-2;-363,6;DTE;2
401959;-2;-363,6;DTE;2
401959;-2;-363,6;DTE;2
401959;-2;-363,6;DTE;2
401959;-2;-363,6;DTE;2
401959;-3;-545,4;DTE;2
401959;-2;-363,6;DTE;2
401959;-2;-363,6;DTE;2
401959;-3;-545,4;DTE;2
401959;-4;-727,2;DTE;2
401959;-2;-363,6;DTE;2
401959;-2;-363,6;DTE;2
401959;-4;-727,2;DTE;2
401959;-22;-3.999,62;DTE;2
401959;-16;-2.908,81;DTE;2
401959;-16;-2.908,81;DTE;2
401959;-11;-1.999,81;DTE;2
401959;-6;-1.090,81;DTE;2
401959;-6;-1.090,80;DTE;2
401959;-6;-1.090,81;DTE;2
401959;-6;-1.090,80;DTE;2
401959;-5;-909;DTE;2
401959;-5;-909;DTE;2
401959;-1;-181,8;DTE;2
401959;-2;-363,6;DTE;2
401981;-1.000;-1.789,15;DIT;2
402041;-100;-97,47;DIT;2
402081;-6;-584,19;DTM;2
402081;-2;-194,73;DTM;2
402081;-6;-584,19;DTM;2
402081;-6;-584,19;DTM;2
402081;-6;-584,19;DTM;2
402081;-6;-584,19;DTM;2
402081;-6;-584,19;DTM;2
402303;-355;-1.131,83;DIT;2
402318;-60;-2.780,32;DTM;2
402318;-3;-139,02;DTM;2
402318;-200;-9.267,72;DTM;2
402318;-17;-787,76;DTM;2
402324;-1;-6,04;DTM;2
402324;-8;-48,28;DTM;2
402397;-155;-4.090,00;DTM;2
402397;-5;-131,94;DTM;2
402448;-3;-84,41;DTM;2
402592;-245;-29.887,03;DIT;2
402592;245;29.887,03;DIT;2
402592;-90;-10.978,91;DIT;2
403113;-12;-93,6;DIT;2
403327;-12;-194,4;DIT;2
404071;-3;-493,71;DTM;2
404084;-3;-63,21;DTM;2
404112;-1;-350,08;DIT;2
404112;-1;-350,08;DIT;2
404112;-1;-350,08;DIT;2
404114;-1;-587,02;DIT;2
405473;-6;-804,01;DTM;2
405473;-6;-804,01;DTM;2
405473;-6;-804,01;DTM;2
405473;-6;-804,01;DTM;2
407095;-31;-1.409,35;DTE;2
407095;-29;-1.318,43;DTE;2
407095;-22;-1.000,19;DTE;2
408994;-2;-52,13;DTM;2
409696;-155;-7.671,94;DTM;2
409696;-102;-5.048,63;DTM;2
409696;-235;-11.631,65;DTM;2
409696;-30;-1.484,89;DTM;2
409696;-60;-2.969,78;DTM;2
800021;-50;-3.365,65;DIT;2
800119;-2;-25,49;DTM;2
800158;-600;-1.043,26;DIT;2
800158;-6;-10,43;DTM;2
800291;-3;-32,89;DTM;2
800344;-15;-424,61;DIT;2
800499;-50;-471,15;DIT;2
800499;-50;-471,15;DIT;2
800541;-100;-201,41;DIT;2
800654;-30;-4.549,39;DIT;2
800654;-3;-454,94;DTM;2
800682;-3;-84,82;DTM;2
800717;-3;-212,77;DTM;2
800717;-30;-2.127,67;DIT;2
800741;-5;-480,69;DTM;2
800817;-3;-994,89;DTM;2
800824;-50;-388,26;DIT;2
800872;-100;-4.972,06;DIT;2
800889;-100;-1.966,28;DIT;2
800894;-3;-18,53;DTM;2
800922;-40;-886,42;DIT;2
800959;-40;-4.378,29;DIT;2
800959;-30;-3.283,72;DIT;2
801010;-100;-582,23;DIT;2
801047;-200;-574,86;DIT;2
801114;-50;-291,57;DIT;2
801215;-3;-32,39;DTM;2
801215;-3;-32,39;DTM;2
801215;-9;-97,17;DTM;2
801233;-50;-293,22;DIT;2
801303;-50;-293,21;DIT;2
801313;-50;-1.374,33;DIT;2
801313;-50;-1.374,33;DIT;2
801826;-100;-571,21;DIT;2
120092;-5;-90,94;DIC;2
120100;-1;-14,9;DIC;2
120334;-2;-318,18;DIC;2
400040;-1;-14.445,93;DTE;2
400072;-10;-44.653,93;DIT;2
400072;8;35.723,14;DIT;2
400072;-8;-35.723,14;DIT;2
400130;-8;-23,87;DTM;2
400140;-4;-30,19;DTM;2
400288;-4;0;DTM;2
400366;-1;-6,16;DTM;2
400375;-6;-53,75;DTE;2
400442;-340;-1.661,02;DTE;2
400442;-68;-332,2;DTE;2
400474;-125;-3.461,64;DTE;2
400478;-1;-8,7;DTM;2
400594;-6;-571,11;DTE;2
400594;-3;-285,55;DTE;2
400673;-4;-5,55;DTM;2
400678;-4;-4,36;DTE;2
400683;-8;-15,51;DTE;2
400683;-2;-3,88;DTE;2
400790;-4;-76,71;DTE;2
400790;-2;-38,36;DTE;2
400813;-3;-5,24;DTE;2
400813;-3;-5,24;DTE;2
400813;-3;-5,24;DTE;2
400827;-7;-19,34;DTE;2
400906;-2;-198,92;DTE;2
400906;-1;-99,46;DTE;2
400930;-4;-9,57;DTM;2
400930;-4;-9,57;DTM;2
400930;-4;-9,57;DTM;2
400930;-4;-9,57;DTM;2
400930;-4;-9,57;DTM;2
400930;-4;-9,57;DTM;2
400930;-16;-38,26;DTM;2
400930;-12;-28,7;DTM;2
400930;-8;-19,13;DTM;2
400930;-6;-14,35;DTM;2
400930;-6;-14,35;DTM;2
400930;-8;-19,13;DTM;2
400930;-4;-9,57;DTM;2
400930;-4;-9,57;DTM;2
400930;-4;-9,57;DTM;2
400930;-4;-9,57;DTM;2
400930;-18;-43,04;DTM;2
400930;-4;-9,57;DTM;2
400930;-4;-9,57;DTM;2
400930;-12;-28,7;DTM;2
400930;-4;-9,57;DTM;2
400930;-6;-14,35;DTM;2
400930;-6;-14,35;DTM;2
400930;-4;-9,57;DTM;2
400930;-4;-9,57;DTM;2
400930;-6;-14,35;DTM;2
400930;-4;-9,57;DTM;2
400930;-10;-23,91;DTM;2
400930;-4;-9,57;DTM;2
400930;-4;-9,57;DTE;2
400930;-4;-9,57;DTM;2
400930;-16;-38,26;DTE;2
400930;-32;-76,52;DTE;2
400930;-4;-9,57;DTE;2
400930;-22;-52,61;DTE;2
400930;-4;-9,57;DTM;2
400930;-4;-9,57;DTE;2
400930;-8;-19,13;DTE;2
400930;-4;-9,57;DTM;2
400930;-38;-90,87;DTE;2
400930;-4;-9,57;DTM;2
400930;-42;-100,44;DTE;2
400930;-32;-76,52;DTE;2
400930;-4;-9,57;DTE;2
400930;-2;-4,78;DTM;2
400930;-4;-9,57;DTM;2
400930;-4;-9,57;DTM;2
400930;-20;-47,83;DTE;2
400930;-4;-9,57;DTM;2
400930;-6;-14,35;DTE;2
400930;-12;-28,7;DTE;2
400930;-10;-23,91;DTM;2
400930;-4;-9,56;DTM;2
400930;-6;-14,35;DTM;2
400930;-4;-9,57;DTE;2
400930;-4;-9,57;DTM;2
400930;-6;-14,35;DTM;2
400930;-8;-19,13;DTM;2
400930;-2;-4,78;DTM;2
400930;-4;-9,57;DTM;2
400930;-4;-9,57;DTM;2
400930;-4;-9,57;DTM;2
400930;-6;-14,35;DTM;2
400930;-17;-40,65;DTM;2
400930;-6;-14,35;DTM;2
400930;-8;-19,13;DTM;2
400930;-8;-19,13;DTM;2
400930;-4;-9,57;DTM;2
400930;-4;-9,57;DTM;2
400930;-6;-14,35;DTM;2
400930;-4;-9,57;DTM;2
400930;-4;-9,57;DTM;2
400930;-4;-9,57;DTM;2
400930;-4;-9,57;DTM;2
400930;-6;-14,35;DTM;2
400930;-2;-4,78;DTM;2
400930;-6;-14,35;DTM;2
400930;-4;-9,57;DTM;2
400930;-4;-9,57;DTM;2
400930;-6;-14,35;DTM;2
400930;-2;-4,78;DTM;2
400930;-4;-9,57;DTM;2
400930;-4;-9,57;DTM;2
400930;-4;-9,57;DTM;2
400930;-4;-9,57;DTM;2
400930;-6;-14,35;DTM;2
400930;-4;-9,57;DTM;2
400930;-4;-9,57;DTM;2
400930;-6;-14,35;DTM;2
400930;-4;-9,57;DTM;2
400930;-6;-14,35;DTM;2
400942;-1;-4,68;DTE;2
400968;-3;-5.943,02;DIT;2
400968;-5;-9.905,03;DIT;2
400968;-5;-9.905,03;DIT;2
400968;-15;-29.715,09;DIT;2
401079;-78;-1.536,59;DTE;2
401131;-4;-51,44;DTM;2
401131;-16;-205,76;DTE;2
401131;-15;-192,9;DTE;2
401131;-16;-205,76;DTE;2
401324;-2;-23.200,58;DTE;2
401438;-1;-11,43;DTE;2
401485;-11;-1.477,85;DTE;2
401485;-1;-134,35;DTE;2
401485;-3;-398,99;DTM;2
401485;-12;-1.595,96;DTM;2
401485;-8;-1.074,80;DTE;2
401485;-3;-398,99;DTE;2
401485;-4;-531,99;DTE;2
401566;-8;-191,13;DTE;2
401566;-29;-692,86;DTE;2
401566;-2;-47,78;DTE;2
401568;-4;-4,95;DTE;2
401568;-3;-3,71;DTE;2
401608;-3;-151,26;DTE;2
401608;-3;-151,26;DTE;2
401608;-3;-151,26;DTE;2
401711;-6;-130,82;DTE;2
401711;-8;-174,43;DTE;2
401711;-12;-261,64;DTE;2
401711;-7;-152,62;DTE;2
401753;-2;-18,28;DTE;2
401786;-247;-3.508,32;DTE;2
401834;-3;-31,92;DTE;2
401834;-3;-31,92;DTE;2
401834;-3;-31,92;DTE;2
401844;-1;-112,9;DTM;2
401844;-2;-225,8;DTM;2
401844;-1;-112,9;DTM;2
401844;-1;-112,9;DTM;2
401844;-4;-451,6;DTM;2
401844;-1;-112,9;DTM;2
401844;-2;-225,8;DTM;2
401844;-2;-225,8;DTM;2
401844;-2;-225,8;DTM;2
401844;-3;-338,7;DTM;2
401844;-2;-225,8;DTM;2
401892;-1;-14,81;DTE;2
401937;-6;-24,54;DTE;2
401937;-8;-32,72;DTE;2
401937;-6;-24,54;DTE;2
401959;-3;-545,4;DTM;2
401959;-2;-363,6;DTM;2
401959;-2;-363,6;DTM;2
401959;-4;-727,2;DTM;2
401959;-2;-363,6;DTM;2
401959;-2;-363,6;DTM;2
401959;-3;-545,4;DTM;2
401959;-2;-363,6;DTM;2
401959;-2;-363,6;DTM;2
401959;-2;-363,6;DTM;2
401959;-2;-363,6;DTM;2
401959;-3;-545,4;DTM;2
401959;-2;-363,6;DTM;2
401959;-3;-545,4;DTM;2
401959;-4;-727,2;DTM;2
401959;-2;-363,6;DTM;2
401959;-3;-545,4;DTM;2
401959;-3;-545,4;DTM;2
401959;-2;-363,6;DTM;2
401959;-2;-363,6;DTM;2
401959;-2;-363,6;DTE;2
402105;-8;-370,84;DTM;2
402127;-10;-44,01;DTE;2
402127;-3;-13,2;DTE;2
402152;-6;-383,42;DTE;2
402152;-12;-766,84;DTE;2
402152;-6;-383,42;DTE;2
402161;-1;-6,76;DTE;2
402202;-1;-39,77;DTE;2
402221;-1;-40,17;DTM;2
402307;-12;-855,39;DTE;2
402307;-72;-5.132,31;DTE;2
402307;-40;-2.851,28;DTM;2
402307;-4;-285,13;DTM;2
402312;-24;-269,34;DTE;2
402312;-14;-157,11;DTE;2
402312;-9;-101;DTE;2
402318;-117;-5.421,61;DTE;2
402331;-5;-206,85;DTE;2
402331;-7;-289,59;DTE;2
402331;-6;-248,22;DTE;2
402365;-4;-80;DTE;2
402365;-22;-440,01;DTE;2
402365;-16;-320,01;DTE;2
402433;-3;-464,6;DTE;2
402490;-5;-1.701,52;DTE;2
402650;-1;-1.439,15;DTE;2
403121;-5;-40,02;DTE;2
403121;-5;-40,02;DTE;2
403121;-5;-40,02;DTE;2
403121;-1;-8;DTM;2
403182;-6;-1.277,07;DTE;2
403323;-66;-205,32;DTE;2
403323;-30;-93,33;DTE;2
403323;-54;-167,99;DTE;2
403337;-1;-1.034,36;DIT;2
403602;-17;-40,22;DTE;2
403602;-116;-274,42;DTE;2
403602;-95;-224,74;DTE;2
403642;-30;0;DTM;2
404071;-3;-493,71;DTM;2
404084;-49;-1.054,93;DTE;2
404732;-100;-8.848,85;DIT;2
405537;-2;-97,47;DTE;2
405539;-20;-379,32;DTE;2
405539;-22;-417,25;DTE;2
405539;-18;-341,38;DTE;2
407094;-8;-562,64;DTE;2
407094;-8;-562,64;DTE;2
407094;-8;-562,64;DTE;2
407096;-16;-3.451,66;DTE;2
407096;-26;-5.608,94;DTE;2
407096;-12;-2.588,74;DTE;2
408994;-8;-203,87;DTM;2
408994;-9;-229,08;DTE;2
408994;-2;-50,91;DTE;2
408994;-1;-25,45;DTE;2
408994;-135;-3.436,25;DTE;2
408994;-51;-1.298,14;DTE;2
408994;-6;-152,72;DTE;2
408994;-9;-229,08;DTE;2
408994;-23;-585,43;DTE;2
800054;-2;-39;DTM;2
800223;-1;-1,31;DTM;2
800223;-10;-13,1;DTM;2
800344;-1;-28,31;DTM;2
800364;-1;-16,07;DTM;2
800436;-1;-41,3;DTM;2
800499;-2;-18,85;DTM;2
800499;-4;-37,69;DTM;2
800541;-4;-8,06;DTM;2
800654;-3;-454,94;DTM;2
800654;-3;-454,94;DTM;2
800654;-3;-454,94;DTM;2
800654;-3;-454,94;DTM;2
800654;-3;-454,94;DTM;2
800717;-3;-212,77;DTM;2
800717;-3;-212,77;DTM;2
800717;-6;-425,53;DTM;2
800817;-6;-1.989,77;DTM;2
800817;-3;-994,89;DTM;2
800817;-3;-994,89;DTM;2
800817;-3;-994,89;DTM;2
800822;-6;-137,61;DTM;2
800825;-1;-6,16;DTM;2
800825;-2;-12,32;DTM;2
800889;-1;-19,66;DTM;2
800982;-3;-74,29;DTM;2
801064;-2;-4,95;DTM;2
801064;-4;-9,9;DTM;2
801064;-12;-29,71;DTM;2
801064;-4;-9,9;DTM;2
801064;-2;-4,95;DTM;2
801064;-10;-24,76;DTM;2
801064;-4;-9,9;DTM;2
801064;-8;-19,81;DTM;2
801064;-2;-4,95;DTM;2
801064;-2;-4,95;DTM;2
801064;-6;-14,86;DTM;2
801064;-8;-19,81;DTM;2
801064;-16;-39,62;DTM;2
801064;-6;-14,86;DTM;2
801064;-4;-9,9;DTM;2
801064;-6;-14,86;DTM;2
801064;-8;-19,81;DTM;2
801064;-4;-9,9;DTM;2
801064;-12;-29,71;DTM;2
801064;-4;-9,9;DTM;2
801064;-4;-9,9;DTM;2
801064;-8;-19,81;DTM;2
801064;-4;-9,9;DTM;2
801064;-6;-14,86;DTM;2
801064;-6;-14,86;DTM;2
801064;-4;-9,9;DTM;2
801064;-12;-29,71;DTM;2
801064;-8;-19,81;DTM;2
801064;-8;-19,81;DTM;2
801064;-6;-14,86;DTM;2
801064;-12;-29,71;DTM;2
801064;-4;-9,9;DTM;2
801064;-8;-19,81;DTM;2
801064;-12;-29,71;DTM;2
801064;-4;-9,9;DTM;2
801064;-12;-29,71;DTM;2
801064;-12;-29,71;DTM;2
801064;-10;-24,76;DTM;2
801064;-4;-9,9;DTM;2
801064;-4;-9,9;DTM;2
801064;-38;-94,09;DTM;2
801064;-4;-9,9;DTE;2
801064;-4;-9,9;DTM;2
801064;-8;-19,81;DTM;2
801112;-50;-9.079,33;DIT;2
801125;-3;-103,11;DTM;2
801313;-12;-329,84;DTM;2
801375;-3;-17,1;DTM;2
801375;-3;-17,1;DTM;2
801400;-1;-99,66;DTM;2
801826;-3;-17,14;DTM;2
801826;-6;-34,27;DTM;2
802138;-2;-106,88;DTM;2
803344;-18;-1.658,53;DTM;2
805459;-3;-496,13;DTM;2
805459;-3;-496,13;DTM;2
805478;-6;-93,56;DTM;2
400011;-4;-419;DTE;2
400011;-6;-628,51;DTE;2
400011;-2;-209,5;DTE;2
400011;-2;-209,5;DTE;2
400072;-1;-4.483,02;DIT;2
400140;-55;-415,07;DTE;2
400140;-18;-135,84;DTE;2
400142;-3;-212,59;DTE;2
400142;-3;-212,59;DTE;2
400142;-6;-425,19;DTE;2
400142;-15;-1.062,97;DTE;2
400142;-3;-212,59;DTE;2
400142;-3;-212,59;DTE;2
400192;-3;-43,52;DTE;2
400193;-6;-176,77;DIT;2
400193;-3;-88,39;DTE;2
400193;-3;-88,39;DTE;2
400193;-18;-530,31;DTE;2
400193;-6;-176,77;DTE;2
400193;-3;-88,39;DTE;2
400224;-7;-11.281,11;DTE;2
400224;-2;-3.223,17;DTE;2
400292;-3;-1.225,92;DIT;2
400307;-15;-95,43;DTE;2
400307;-1;-6,36;DTE;2
400307;-2;-12,72;DTE;2
400375;-9;-80,62;DTE;2
400442;-372;-1.817,35;DTE;2
400442;-166;-810,97;DTE;2
400474;-89;-2.464,68;DTE;2
400474;-56;-1.550,81;DTE;2
400474;-101;-2.797,00;DTE;2
400474;-302;-8.363,31;DTE;2
400506;-5;-53,11;DTE;2
400506;-3;-31,87;DIT;2
400594;-6;-571,11;DTE;2
400594;-7;-666,29;DIT;2
400594;-600;-57.110,74;DIT;2
400594;-10;-951,85;DTE;2
400594;-120;-11.422,15;DIT;2
400594;-43;-4.092,94;DTE;2
400594;-37;-3.521,83;DTE;2
400594;-6;-571,11;DTE;2
400594;-3;-285,55;DTE;2
400594;-10;-951,85;DTE;2
400683;-6;-11,64;DTE;2
400683;-2;-3,88;DTE;2
400708;-9;-53,96;DTE;2
400708;-9;-53,96;DTE;2
400708;-15;-89,93;DTE;2
400708;-44;-263,79;DTE;2
400708;-9;-53,96;DTE;2
400708;-10;-59,95;DTE;2
400708;-18;-107,92;DTE;2
400708;-545;-3.267,45;DTE;2
400708;-180;-1.079,16;DTE;2
400708;-45;-269,79;DTE;2
400758;-18;-8.496,04;DIT;2
400758;-9;-4.248,02;DIT;2
400790;-10;-191,78;DTE;2
400790;-4;-76,71;DTE;2
400790;-2;-38,36;DTE;2
400790;-4;-76,71;DTE;2
400790;-240;-4.602,67;DIT;2
400790;-8;-153,42;DIT;2
400790;-28;-536,98;DTE;2
400790;-38;-728,76;DTE;2
400790;-10;-191,78;DTE;2
400790;-232;-4.449,24;DIT;2
400805;-3;-16,51;DTE;2
400805;-6;-33,02;DTE;2
400813;-3;-5,24;DTE;2
400813;-8;-13,98;DTE;2
400813;-3;-5,24;DTE;2
400813;-3;-5,24;DTE;2
400813;-12;-20,97;DTE;2
400813;-221;-386,11;DTE;2
400827;-15;-41,6;DTE;2
400827;-6;-16,64;DTE;2
400827;-37;-102,61;DTE;2
400827;-16;-44,37;DTE;2
400827;-16;-44,37;DTE;2
400827;-4;-11,09;DTE;2
400906;-4;-398,17;DIT;2
400906;-120;-11.945,13;DIT;2
400906;-2;-199,09;DTE;2
400906;-1;-99,54;DTE;2
400906;-2;-199,09;DTE;2
400906;-24;-2.389,03;DIT;2
400906;-5;-497,71;DTE;2
400930;-8;-18,99;DTE;2
400930;-8;-18,99;DIT;2
400942;-1;-4,68;DTE;2
400942;-1;-4,68;DTE;2
400955;-2;-8,42;DTE;2
400955;-28;-117,86;DTE;2
400968;-9;-17.829,05;DTE;2
400974;-10;-13,94;DTE;2
400974;-8;-11,15;DIT;2
401108;-30;-90,75;DTE;2
401116;-9;-326,32;DTE;2
401116;-18;-652,65;DTE;2
401116;-21;-761,42;DTE;2
401116;-3;-108,77;DTE;2
401116;-3;-108,77;DTE;2
401117;-4;-49,16;DTE;2
401117;-12;-147,48;DTE;2
401117;-20;-245,79;DTE;2
401117;-8;-98,32;DIT;2
401117;-4;-49,16;DTE;2
401117;-8;-98,32;DTE;2
401117;-4;-49,16;DTE;2
401117;-2;-24,58;DTE;2
401131;-24;-308,63;DTE;2
401131;-6;-77,16;DTE;2
401131;-22;-282,91;DTE;2
401131;-4;-51,44;DIT;2
401155;-6;-87,77;DIT;2
401193;-3;-21.183,50;DIT;2
401239;-10;-238,48;DTE;2
401239;-69;-1.645,52;DTE;2
401239;-1;-23,85;DTE;2
401239;-2;-47,7;DIT;2
401239;-1;-23,85;DTE;2
401239;-3;-71,54;DTE;2
401239;-4;-95,39;DTE;2
401349;-1;-3.612,20;DTE;2
401349;-1;-3.612,20;DTE;2
401372;-8;-90,5;DIT;2
401375;-2;-371,89;DTE;2
401438;-1;-11,43;DTE;2
401449;-12;-52,03;DIT;2
401471;-6;-190,38;DTE;2
401500;-1;-11,35;DTE;2
401500;-5;-56,74;DTE;2
401500;-2;-22,69;DTE;2
401566;-2;-47,78;DTE;2
401566;-1;-23,89;DTE;2
401566;-1;-23,89;DTE;2
401566;-6;-143,35;DTE;2
401566;-9;-215,03;DIT;2
401568;-4;-4,95;DTE;2
401568;-2;-2,48;DTE;2
401568;-4;-4,95;DTE;2
401568;-1;-1,24;DTE;2
401568;-8;-9,9;DTE;2
401568;-2;-2,48;DTE;2
401608;-3;-151,26;DTE;2
401608;-3;-151,26;DTE;2
401608;-3;-151,26;DTE;2
401656;-1;-23.843,14;DTM;2
401656;-1;-23.843,13;DTM;2
401656;-1;-23.843,13;DTM;2
401711;-9;-196,41;DIT;2
401753;-4;-36,83;DTE;2
401834;-3;-33,75;DTE;2
401834;-3;-33,75;DTE;2
401834;-4;-45;DTE;2
401834;-1;-11,25;DTE;2
401834;-2;-22,5;DTE;2
401870;-6;-6,1;DTE;2
401870;-40;-40,64;DTE;2
401870;-10;-10,16;DTE;2
401870;-6;-6,1;DTE;2
401870;-8;-8,13;DTE;2
401927;-9;-193,56;DTE;2
401927;-18;-387,11;DTE;2
401927;-3;-64,52;DTE;2
401927;-21;-451,63;DTE;2
401927;-3;-64,52;DTE;2
401937;-15;-61,35;DTE;2
401937;-3;-12,27;DTE;2
401937;-4;-16,36;DTE;2
401937;-6;-24,54;DTE;2
401937;-2;-8,18;DTE;2
401937;-10;-40,9;DTE;2
401937;-9;-36,81;DTE;2
401937;-1;-4,09;DTE;2
401941;-100;-322,03;DTE;2
401959;-4;-727,2;DIT;2
402026;-2;-48,97;DTE;2
402041;-24;-23,39;DIT;2
402127;-6;-26,4;DTE;2
402127;-12;-52,81;DTE;2
402127;-45;-198,03;DTE;2
402127;-4;-17,6;DTE;2
402127;-3;-13,2;DTE;2
402132;-1;-10.083,04;DIT;2
402152;-6;-383,42;DTE;2
402152;-12;-766,84;DTE;2
402152;-6;-383,42;DTE;2
402152;-18;-1.150,27;DIT;2
402202;-1;-37,7;DTE;2
402287;-2;-21,76;DTE;2
402287;-55;-598,34;DTE;2
402296;-3;-37,02;DTE;2
402307;-12;-860,85;DTE;2
402307;-112;-8.034,64;DTE;2
402307;-95;-6.815,10;DTE;2
402312;-10;-112,22;DTE;2
402312;-31;-347,9;DTE;2
402312;-2;-22,44;DTE;2
402318;-33;-1.529,17;DTE;2
402318;-209;-9.684,76;DTE;2
402318;-275;-12.743,11;DTE;2
402331;-4;-165,48;DTE;2
402331;-7;-289,59;DTE;2
402331;-8;-330,96;DTE;2
402397;-3;-79,16;DTE;2
402397;-158;-4.169,16;DTE;2
402401;-11;-287,41;DTE;2
402401;-1;-26,13;DTE;2
402407;-3;-1.726,65;DIT;2
402407;-3;-1.726,65;DIT;2
402433;-1;-154,87;DTE;2
402433;-3;-464,6;DTE;2
402433;-12;-1.858,39;DTE;2
402433;-6;-929,2;DIT;2
402433;-15;-2.322,99;DTE;2
402443;-1;-105,18;DTE;2
402587;-20;-586,54;DTE;2
402650;-1;-1.443,49;DTE;2
402650;-1;-1.443,49;DTE;2
402650;-1;-1.443,49;DTE;2
402660;-6;-35,02;DTE;2
402675;-1;-342,19;DIT;2
402675;-1;-342,19;DIT;2
402675;-1;-342,19;DIT;2
402741;-3;-25,92;DTE;2
403121;-8;-64,04;DTE;2
403121;-1;-8;DTE;2
403121;-2;-16,01;DTE;2
403121;-1;-8;DTE;2
403121;-10;-80,04;DTE;2
403121;-6;-48,03;DTE;2
403121;-6;-48,03;DTE;2
403121;-2;-16,01;DTE;2
403121;-10;-80,04;DTE;2
403161;-50;-17.195,17;DIT;2
403182;-6;-1.277,07;DTE;2
403323;-21;-65,33;DTE;2
403323;-40;-124,43;DTE;2
403323;-66;-205,32;DTE;2
403323;-36;-111,99;DTE;2
403323;-36;-111,99;DTE;2
403337;-1;-1.034,41;DIT;2
403337;-1;-1.034,41;DIT;2
403337;-1;-1.034,41;DIT;2
403337;-1;-1.034,41;DIT;2
403337;-1;-1.034,41;DIT;2
403337;-2;-2.068,82;DIT;2
403337;-1;-1.034,41;DIT;2
403409;-1;-57.529,13;DIT;2
403499;-15;-2,82;DTE;2
403499;-2;-0,38;DTE;2
403602;-60;-153,57;DTE;2
404157;-13;-301,04;DTE;2
404741;-3;-206,61;DTE;2
404741;-9;-619,83;DTE;2
405382;-1;-1.903,46;DIT;2
405382;-1;-1.903,46;DIT;2
405382;-1;-1.903,46;DIT;2
405473;-6;-804,01;DTE;2
405539;-44;-834,49;DTE;2
405539;-24;-455,18;DTE;2
405539;-26;-493,11;DTE;2
405539;-28;-531,04;DTE;2
405539;-24;-455,18;DTE;2
405539;-20;-379,32;DTE;2
407094;-8;-562,64;DTE;2
407094;-8;-562,64;DTE;2
407094;-8;-562,64;DTE;2
407096;-20;-4.314,57;DTE;2
407096;-24;-5.177,48;DTE;2
407096;-10;-2.157,29;DTE;2
407096;-22;-4.746,03;DTE;2
408994;-3;-76,45;DTE;2
408994;-80;-2.038,67;DTE;2
408994;-7;-178,38;DTE;2
408994;-1;-25,48;DTE;2
408994;-12;-305,8;DTE;2
408994;-11;-280,32;DTE;2
408994;-9;-229,35;DTE;2
408994;-141;-3.593,15;DTE;2
408994;-9;-229,35;DTE;2
800007;-3;-13,77;DTE;2
800541;-4;-7,43;DTE;2
800817;-3;-994,89;DTE;2
801164;-1;-25,7;DTE;2
803470;-100;-34.500,00;DIT;2
803470;-50;-17.250,00;DIT;2
803470;100;34.500,00;DIT;2
804115;96;6.077,81;DIT;2
804115;-96;-6.077,81;DIT;2
804115;-96;-6.077,81;DIT;2
804421;-1;-25,66;DTE;2
120332;-1;-159,09;DIC;2
120366;-1;-115,11;DIC;2
400111;-1;-3,49;DTE;2
400111;-6;-20,96;DTE;2
400111;-1;-3,49;DTE;2
400140;-4;-30,19;DTE;2
400142;-20;-1.417,29;DIT;2
400142;-3;-212,59;DTE;2
400192;-40;-580,29;DIT;2
400192;-21;-304,65;DTE;2
400193;-6;-176,77;DIT;2
400193;6;176,77;DIT;2
400193;-4;-117,85;DIT;2
400193;-3;-88,39;DTE;2
400224;-2;-3.223,17;DTE;2
400224;-1;-1.611,59;DTE;2
400292;-30;-12.259,22;DPC;2
400473;-500;0;DTM;2
400506;-3;-31,87;DIT;2
400506;3;31,87;DIT;2
400518;-12;-113,19;DTE;2
400518;-3;-28,3;DTE;2
400594;-5;-475,92;DIT;2
400594;-7;-666,29;DIT;2
400594;-20;-1.903,69;DIT;2
400594;-140;-13.325,84;DIT;2
400594;7;666,29;DIT;2
400665;-6;-141,94;DTE;2
400665;-18;-425,81;DTE;2
400665;-6;-141,94;DTE;2
400665;-12;-283,87;DTE;2
400708;-50;-299,77;DIT;2
400708;-50;-299,77;DIT;2
400708;-50;-299,77;DIT;2
400708;-50;-299,77;DIT;2
400708;-50;-299,77;DIT;2
400708;-100;-599,53;DIT;2
400730;-50;-957,88;DIT;2
400730;-50;-957,88;DIT;2
400758;-18;-8.496,04;DIT;2
400758;-9;-4.248,02;DIT;2
400758;-9;-4.248,02;DIT;2
400758;-9;-4.248,02;DIT;2
400758;-18;-8.496,04;DIT;2
400758;-9;-4.248,02;DIT;2
400758;-9;-4.248,02;DIT;2
400758;18;8.496,04;DIT;2
400758;9;4.248,02;DIT;2
400758;-9;-4.248,02;DIT;2
400758;-9;-4.248,02;DIT;2
400790;-56;-1.073,96;DIT;2
400790;-8;-153,42;DIT;2
400790;8;153,42;DIT;2
400790;-30;-575,33;DIT;2
400790;-8;-153,42;DIT;2
400827;-327;-906,82;DTE;2
400827;-4;-11,09;DTE;2
400827;-6;-16,64;DTE;2
400827;-50;-138,66;DIT;2
400855;-3;-57,4;DTE;2
400906;-5;-497,71;DTE;2
400906;-4;-398,17;DIT;2
400906;-22;-2.189,94;DTE;2
400906;-28;-2.787,20;DIT;2
400906;-19;-1.891,31;DTE;2
400906;-4;-398,17;DIT;2
400906;4;398,17;DIT;2
400906;-20;-1.990,86;DIT;2
400908;-27;-2.402,36;DTE;2
400930;-4;-9,49;DTE;2
400930;-4;-9,5;DTE;2
400930;8;18,99;DIT;2
400930;-2;-4,75;DTE;2
400930;-20;-47,48;DTE;2
400930;-12;-28,48;DTE;2
400930;-4;-9,49;DTE;2
400930;-4;-9,5;DTE;2
400930;-4;-9,49;DTE;2
400930;-32;-75,96;DTE;2
400930;-8;-18,99;DIT;2
400930;-4;-9,49;DTE;2
400930;-4;-9,49;DTE;2
400930;-4;-9,49;DTE;2
400930;-6;-14,24;DTE;2
400930;-14;-33,23;DTE;2
400930;-6;-14,24;DTE;2
400930;-4;-9,49;DTE;2
400930;-4;-9,49;DTE;2
400930;-2;-4,75;DTE;2
400930;-8;-18,99;DTE;2
400930;-8;-18,99;DTE;2
400930;-4;-9,49;DTE;2
400930;-8;-18,99;DTE;2
400930;-4;-9,49;DTE;2
400930;-12;-28,48;DTE;2
400930;-8;-18,99;DTE;2
400930;-36;-85,45;DTE;2
400930;-6;-14,24;DTE;2
400930;-4;-9,49;DTE;2
400930;-4;-9,49;DTE;2
400930;-8;-18,99;DTE;2
400930;-4;-9,49;DTE;2
400930;-8;-18,99;DTE;2
400930;-8;-18,99;DTE;2
400930;-4;-9,49;DTE;2
400930;-4;-9,49;DTE;2
400930;-4;-9,49;DTE;2
400930;-12;-28,48;DTE;2
400930;-4;-9,49;DTE;2
400930;-44;-104,44;DTE;2
400930;-4;-9,49;DTE;2
400930;-4;-9,5;DTE;2
400937;-120;-12.065,26;DIT;2
400937;-132;-13.271,78;DIT;2
400955;-6;-25,26;DTE;2
400955;-40;-168,37;DIT;2
400974;-8;-11,15;DIT;2
400974;-6;-8,36;DTE;2
400974;-86;-119,87;DTE;2
400974;-22;-30,66;DTE;2
400974;-6;-8,36;DTE;2
400974;-4;-5,58;DTE;2
400974;-6;-8,36;DTE;2
400974;8;11,15;DIT;2
401004;-1;-21.987,01;DIT;2
401056;-3;-17,24;DTE;2
401056;-3;-17,24;DTE;2
401116;-3;-108,77;DTE;2
401117;-4;-49,16;DTE;2
401117;-8;-98,32;DIT;2
401117;8;98,32;DIT;2
401127;-1;-2.059,98;DTE;2
401131;4;51,44;DIT;2
401131;-6;-77,16;DIT;2
401131;-12;-154,32;DIT;2
401131;-40;-514,39;DIT;2
401131;-6;-77,16;DIT;2
401131;-2;-25,72;DTE;2
401131;-6;-77,16;DIT;2
401131;-6;-77,16;DIT;2
401131;-1;-12,86;DTE;2
401131;-6;-77,16;DIT;2
401131;-50;-642,99;DIT;2
401131;-5;-64,3;DTE;2
401131;-53;-681,56;DTE;2
401131;-3;-38,58;DTE;2
401131;-6;-77,16;DIT;2
401131;-4;-51,44;DTE;2
401131;-4;-51,44;DTE;2
401131;-17;-218,62;DTE;2
401131;-4;-51,44;DIT;2
401155;-6;-87,77;DIT;2
401155;6;87,77;DIT;2
401213;-1;-69,55;DTE;2
401239;-1;-23,85;DTE;2
401239;-2;-47,7;DIT;2
401239;2;47,7;DIT;2
401264;-3;-79,64;DTE;2
401264;-33;-876,05;DTE;2
401309;-9;-13.432,33;DPC;2
401356;-6;-8.691,16;DPC;2
401449;-12;-52,03;DIT;2
401449;12;52,03;DIT;2
401566;-120;-2.867,02;DPC;2
401566;-9;-215,03;DIT;2
401566;9;215,03;DIT;2
401566;-32;-764,54;DTE;2
401566;-16;-382,27;DTE;2
401566;-8;-191,13;DTE;2
401566;-1;-23,89;DTE;2
401575;-3;-192,63;DIT;2
401608;-3;-151,26;DTE;2
401608;-6;-302,52;DTE;2
401620;-9;-26,2;DTE;2
401620;-6;-17,46;DTE;2
401735;-27;-11.033,29;DPC;2
401743;-9;-6.428,98;DPC;2
401753;-2;-18,42;DTE;2
401834;-3;-33,75;DTE;2
401834;-3;-33,75;DTE;2
401834;-2;-22,5;DTE;2
401927;-3;-65,46;DTE;2
401937;-1;-4,09;DTE;2
401937;-2;-8,18;DTE;2
401937;-2;-8,18;DTE;2
401937;-4;-16,36;DTE;2
401959;4;727,2;DIT;2
401959;-4;-727,2;DIT;2
402026;-6;-146,92;DTE;2
402027;-4.593;-5.910,13;DPC;2
402041;-24;-23,39;DIT;2
402041;24;23,39;DIT;2
402065;-2;-31,51;DTE;2
402111;-3;-16,21;DTE;2
402152;-18;-1.150,27;DIT;2
402152;18;1.150,27;DIT;2
402296;-3;-37,02;DTE;2
402296;-21;-259,11;DTE;2
402296;-18;-222,09;DTE;2
402296;-9;-111,05;DTE;2
402296;-3;-37,02;DTE;2
402307;-400;-28.695,14;DPC;2
402310;-200;-144,36;DPC;2
402312;-8;-89,78;DTE;2
402312;-2;-22,44;DTE;2
402312;-3;-33,67;DTE;2
402312;-2;-22,44;DTE;2
402312;-17;-190,78;DTE;2
402312;-32;-359,12;DTE;2
402312;-2;-22,44;DTE;2
402401;-3;-78,39;DTE;2
402407;-21;-12.086,55;DPC;2
402433;-6;-929,2;DIT;2
402433;6;929,2;DIT;2
402592;-72;-8.783,13;DIT;2
402592;-60;-7.319,27;DIT;2
402627;-3;-72.173,97;DIT;2
402650;-1;-1.443,49;DTE;2
402650;-1;-1.443,49;DTE;2
402675;-20;-6.843,72;DPC;2
402701;-10;0;DTM;2
402733;-1;-5,85;DTE;2
402741;-3;-25,92;DTE;2
402824;-126;-7.316,20;DIT;2
402824;-126;-7.316,20;DIT;2
403121;-30;-240,13;DIT;2
403121;-2;-16,01;DTE;2
403168;-14;-2.629,64;DTE;2
403182;-18;-3.831,20;DIT;2
403182;-18;-3.823,00;DIT;2
403182;-18;-3.823,00;DIT;2
403182;-36;-7.646,01;DIT;2
403182;-18;-3.831,20;DIT;2
403182;-18;-3.831,20;DIT;2
403209;-300;-1.731,84;DPC;2
403337;-20;-20.688,15;DPC;2
403390;-1.500;-12.984,41;DPC;2
403409;-1;-57.529,13;DIT;2
403409;-1;-57.529,13;DIT;2
403409;-1;-57.529,13;DIT;2
403409;-4;-230.116,50;DIT;2
403409;1;57.529,13;DIT;2
403409;-1;-57.529,13;DIT;2
403409;-1;-57.529,13;DIT;2
403499;-5.000;-938,69;DPC;2
403499;-950;-178,35;DPC;2
403513;-1.200;-5.982,41;DPC;2
403513;-25;-124,63;DPC;2
403513;-20;-99,71;DIT;2
403594;-400;-4.016,51;DPC;2
403641;-400;-4.126,97;DPC;2
403642;-500;0;DTM;2
403642;-20.002;-305.427,14;DPC;2
403656;-5.039;-121.129,84;DPC;2
403804;-2;-16,25;DTE;2
403804;-4;-32,49;DTE;2
403804;-1;-8,12;DTE;2
403804;-18;-146,21;DTE;2
403804;-17;-138,09;DTE;2
403804;-3;-24,37;DTE;2
403804;-1;-8,12;DTE;2
404740;-6;-462,25;DTE;2
407096;-1.200;-258.874,20;DPC;2
408994;-60;-1.529,00;DPC;2
408994;-3;-76,45;DTE;2
410212;-2;-42,4;DTE;2
410212;-2;-42,4;DTE;2
410212;-1;-21,2;DTE;2
410212;-2;-42,41;DTE;2
800021;-30;-2.019,39;DIT;2
800021;-30;-2.019,39;DIT;2
800021;-30;-2.019,39;DIT;2
800021;-30;-2.019,39;DIT;2
800021;-30;-2.019,39;DIT;2
800021;-30;-2.019,39;DIT;2
800021;-60;-4.038,78;DIT;2
800054;-5;-97,49;DIT;2
800054;-10;-194,98;DIT;2
800054;-5;-97,49;DIT;2
800054;-5;-97,49;DIT;2
800054;-5;-97,49;DIT;2
800054;-5;-97,49;DIT;2
800054;-5;-97,49;DIT;2
800118;-6;-102,92;DIT;2
800118;-6;-102,92;DIT;2
800118;-6;-102,92;DIT;2
800118;-6;-102,92;DIT;2
800118;-12;-205,83;DIT;2
800118;-6;-102,92;DIT;2
800118;-6;-102,92;DIT;2
800262;-30;0;DTM;2
800398;-60;-47.100,00;DTM;2
800499;-6;-56,54;DTE;2
800499;-50;-471,15;DIT;2
800515;-6;-225,68;DIT;2
800515;-50;-1.880,64;DIT;2
800654;-6;-909,88;DIT;2
800654;-20;-3.032,93;DIT;2
800654;-12;-1.819,76;DIT;2
800654;-6;-909,88;DIT;2
800654;-6;-909,88;DIT;2
800654;-50;0;DTM;2
800654;-6;-909,88;DIT;2
800654;-6;-909,88;DIT;2
800654;-6;-909,88;DIT;2
800817;-20;-6.632,57;DIT;2
800817;-40;0;DTM;2
800822;-50;-1.146,79;DIT;2
800872;-300;0;DTM;2
800922;-50;-1.118,08;DIT;2
800922;-3;-67,08;DTE;2
800959;-90;0;DTM;2
801047;-30;-86,23;DIT;2
801047;-100;-287,43;DIT;2
801047;-16;-45,99;DTE;2
801064;-6;-14,86;DTE;2
801064;-6;-14,86;DTE;2
801064;-200;0;DTM;2
801064;-6;-14,86;DTE;2
801081;-6;-155,57;DIT;2
801087;-6;-70,79;DIT;2
801112;-5;-907,93;DIT;2
801112;-100;-18.158,66;DIT;2
801112;-5;-907,93;DIT;2
801128;-50;-23.250,00;DTM;2
801135;-10;-114,19;DIT;2
801135;-50;0;DTM;2
801186;-4;-61,22;DIT;2
801186;-3;-45,92;DIT;2
801186;-3;-45,92;DIT;2
801186;-6;-91,83;DIT;2
801186;-3;-45,92;DIT;2
801186;-3;-45,92;DIT;2
801186;-3;-45,92;DIT;2
801186;-3;-45,92;DIT;2
801206;-100;0;DTM;2
801223;-40;-4.840,00;DTM;2
801313;-30;-813,55;DIT;2
801313;-2;-54,24;DTE;2
801313;-3;-81,36;DTE;2
801375;-100;-569,89;DIT;2
801391;-20;-266,51;DIT;2
801400;-5;-498,28;DIT;2
801400;-5;-498,28;DIT;2
801400;-5;-498,28;DIT;2
801400;-5;-498,28;DIT;2
801400;-5;-498,28;DIT;2
801400;-10;-996,56;DIT;2
801400;-5;-498,28;DIT;2
802249;-30;-6.560,11;DIT;2
802249;-18;-3.936,06;DIT;2
803344;-200;0;DTM;2
803470;-50;-17.250,00;DIT;2
803535;-50;-3.250,00;DTM;2
803907;-20;-1.913,84;DIT;2
803907;-14;-1.339,69;DIT;2
803907;-20;-1.913,84;DIT;2
803907;-20;-1.913,84;DIT;2
804421;-50;-1.283,18;DIT;2
804483;-10;-3.665,33;DTM;2
804484;-10;-9.243,33;DTM;2
804487;-40;-2.280,00;DTM;2
804490;-30;-3.795,00;DTM;2
805264;-20;-2.310,00;DTM;2
805268;-20;-2.040,00;DTM;2
400072;-5;-22.415,09;DIT;2
400072;-3;-13.449,06;DIT;2
400072;-3;-13.449,06;DIT;2
400072;5;22.415,09;DIT;2
400072;-2;-8.966,04;DIT;2
400072;-5;-22.415,09;DIT;2
400142;-50;-3.543,23;DIT;2
400192;-150;-2.176,08;DIT;2
400193;-3;-88,39;DIT;2
400193;-6;-176,77;DIT;2
400193;-3;-88,39;DIT;2
400193;-3;-88,39;DIT;2
400193;-3;-88,39;DIT;2
400224;-2;-3.225,06;DTM;2
400224;-1;-1.612,53;DTM;2
400224;-3;-4.837,59;DTM;2
400224;-1;-1.612,53;DTM;2
400375;-37;-331,44;DIT;2
400474;-500;-13.846,54;DIT;2
400594;-20;-1.903,69;DIT;2
400594;-40;-3.807,38;DIT;2
400594;-50;-4.759,23;DIT;2
400908;-12;-1.067,71;DIT;2
401056;-100;-574,76;DIT;2
401131;-160;-2.057,55;DIT;2
401239;-150;-3.577,23;DIT;2
401375;-8;-1.487,57;DIT;2
401435;-55;-307,65;DIT;2
402087;-100;-681,88;DIT;2
402117;-53;-311,96;DIT;2
402221;-100;-4.017,12;DIT;2
402265;-100;-573,02;DIT;2
402312;-150;-1.683,37;DIT;2
402646;-1.000;-464,46;DTM;2
402733;-100;-584,99;DIT;2
402741;-100;-864,02;DIT;2
403409;-1;-57.529,13;DIT;2
403875;-50;-5.398,68;DIT;2
404040;-1.000;-138,68;DTM;2
404114;-1;-587,02;DIT;2
405382;-3;-5.710,39;DIT;2
800654;-2;0;DTM;2
800654;-12;0;DTM;2
800894;-100;-617,63;DIT;2
801010;-100;-582,23;DIT;2
801112;-5;-907,93;DIT;2
801112;-50;-9.079,33;DIT;2
801112;-25;0;DTM;2
801112;-5;-907,93;DIT;2
801375;-41;-233,66;DIT;2
801826;-100;-571,21;DIT;2
802249;-48;0;DTM;2
120344;-2;-317,74;DTM;2
400040;-2;-29.032,51;DTE;2
400140;-30;-226,4;DIT;2
400142;-1;-70,86;DIT;2
400142;-1;-70,86;DIT;2
400142;-1;-70,86;DIT;2
400142;-1;-70,86;DIT;2
400142;-1;-70,86;DIT;2
400164;-2;-47,6;DIT;2
400164;-2;-47,6;DIT;2
400164;-2;-47,6;DIT;2
400164;-2;-47,6;DIT;2
400164;-2;-47,6;DIT;2
400193;-2;-58,92;DIT;2
400193;-3;-88,39;DIT;2
400193;-2;-58,92;DIT;2
400193;-30;-883,85;DIT;2
400193;-2;-58,92;DIT;2
400193;-2;-58,92;DIT;2
400193;-2;-58,92;DIT;2
400193;-33;-972,24;DIT;2
400210;-1;-3.768,36;DTE;2
400224;-1;-1.613,02;DTE;2
400243;-1;-30.076,04;DTM;2
400288;-1;-23.306,97;DTM;2
400288;-1;-23.306,97;DTM;2
400442;-337;-1.644,80;DIT;2
400460;-716;-17.462,82;DIT;2
400473;-602;-12.552,42;DIT;2
400474;-300;-8.307,93;DIT;2
400506;-3;-31,87;DIT;2
400506;-3;-31,87;DIT;2
400506;-3;-31,87;DIT;2
400506;-3;-31,87;DIT;2
400506;-3;-31,87;DIT;2
400594;-20;-1.903,69;DIT;2
400594;-7;-666,29;DIT;2
400594;-7;-666,29;DIT;2
400594;-7;-666,29;DIT;2
400594;-7;-666,29;DIT;2
400594;-7;-666,29;DIT;2
400708;-30;-179,84;DIT;2
400790;-8;-153,41;DIT;2
400790;-8;-153,41;DIT;2
400790;-8;-153,41;DIT;2
400790;-8;-153,41;DIT;2
400790;-8;-153,41;DIT;2
400827;-165;-455,75;DIT;2
400827;-1;-2,76;DTE;2
400827;-2;-5,51;DTE;2
400827;-50;-138,11;DIT;2
400906;-4;-398,17;DIT;2
400906;-4;-398,17;DIT;2
400906;-4;-398,17;DIT;2
400906;-4;-398,17;DIT;2
400906;-4;-398,17;DIT;2
400930;-14;-33,23;DIT;2
400930;-50;-118,69;DIT;2
400930;-73;-173,28;DIT;2
400974;-50;-69,69;DIT;2
400974;-2;-2,79;DIT;2
400974;-2;-2,79;DIT;2
400974;-2;-2,79;DIT;2
400974;-2;-2,79;DIT;2
400974;-2;-2,79;DIT;2
400974;-62;-86,42;DIT;2
401036;-249;-5.992,68;DTE;2
401079;-60;-1.300,55;DTE;2
401102;-223;-296,76;DIT;2
401116;-54;-1.957,93;DIT;2
401116;-2;-72,52;DIT;2
401116;-2;-72,52;DIT;2
401116;-2;-72,52;DIT;2
401116;-2;-72,52;DIT;2
401116;-50;-1.812,90;DIT;2
401116;-2;-72,52;DIT;2
401117;-50;-614,49;DIT;2
401117;-192;-2.359,63;DIT;2
401131;-2;-25,72;DIT;2
401131;-2;-25,72;DIT;2
401131;-2;-25,72;DIT;2
401131;-2;-25,72;DIT;2
401131;-2;-25,72;DIT;2
401131;-156;-2.006,10;DIT;2
401193;-1;-7.061,17;DTE;2
401239;-50;-1.192,41;DIT;2
401239;-10;-238,48;DIT;2
401264;-243;-6.450,89;DIT;2
401264;-30;-796,41;DIT;2
401436;-4;-23,1;DTE;2
401485;-3;-411,74;DTE;2
401632;-500;-1.105,27;DPM;2
401711;-3;-65,48;DTE;2
401753;-2;-18,41;DIT;2
401753;-2;-18,41;DIT;2
401753;-2;-18,41;DIT;2
401753;-2;-18,41;DIT;2
401753;-2;-18,41;DIT;2
401753;-49;-451,09;DIT;2
401786;-100;-1.420,37;DIT;2
401786;-400;-5.681,50;DIT;2
401844;-5;-564,51;DTE;2
401864;-2;-6,99;DIT;2
401864;-54;-188,7;DIT;2
401892;-7;-141,15;DTE;2
401916;-3;-9,25;DIT;2
401927;-54;-1.173,47;DIT;2
402247;-2;-38,1;DTE;2
402296;-2;-24,68;DIT;2
402296;-2;-24,68;DIT;2
402296;-2;-24,68;DIT;2
402296;-2;-24,68;DIT;2
402303;-200;-637,65;DIT;2
402307;-30;-2.152,03;DIT;2
402312;-21;-235,7;DIT;2
402324;-7;-43,11;DTE;2
402397;-15;-395,81;DIT;2
402397;-12;-316,65;DIT;2
402397;-15;-395,81;DIT;2
402397;-15;-395,81;DIT;2
402397;-15;-395,81;DIT;2
402433;-1;-154,87;DIT;2
402433;-1;-154,87;DIT;2
402433;-1;-154,87;DIT;2
402433;-1;-154,87;DIT;2
402433;-1;-154,87;DIT;2
402592;-200;-24.397,58;DPM;2
402733;-1;-5,85;DIT;2
402733;-1;-5,85;DIT;2
402733;-1;-5,85;DIT;2
402733;-1;-5,85;DIT;2
402733;-1;-5,85;DIT;2
402847;-3;-3.253,38;DTM;2
402847;-2;-2.168,92;DTM;2
403121;-40;-320,15;DIT;2
403337;-1;-1.034,41;DIT;2
403337;-1;-1.034,41;DIT;2
404084;-6;-129,06;DTE;2
404732;-6;-530,93;DTE;2
410212;-2;-42,41;DTE;2
410212;-2;-42,41;DTE;2
410212;-2;-42,4;DTE;2
410212;-1;-21,2;DTE;2
800054;-5;-97,49;DIT;2
800499;-14;-131,92;DIT;2
800654;-3;-454,94;DIT;2
800717;-3;-212,77;DIT;2
800817;-1;-331,63;DIT;2
800817;-1;-331,63;DIT;2
800817;-1;-331,63;DIT;2
800817;-1;-331,63;DIT;2
800817;-1;-331,63;DIT;2
800817;-3;-994,89;DIT;2
800922;-15;-335,42;DIT;2
801112;-10;-1.815,87;DIT;2
801373;-30;-275,31;DIT;2
801400;-5;-498,28;DIT;2
801826;-199;-1.136,70;DIT;2
110418;-100;-527;DTM;2
400142;-6;-425,19;DTE;2
400210;-1;-3.768,36;DTE;2
400487;-16;-914,76;DTM;2
400506;-20;-212,44;DTE;2
400594;-13;-1.237,40;DTM;2
400594;-8;-761,48;DTM;2
400594;-3;-285,55;DTM;2
400708;-15;-89,92;DTM;2
400708;-15;-89,92;DTM;2
400708;-15;-89,92;DTM;2
400730;-540;-10.335,84;DTM;2
400730;-300;-5.742,13;DTM;2
400771;-4;-92,89;DTE;2
400813;-20;-34,94;DTM;2
400813;-3;-5,24;DTM;2
400813;-15;-26,21;DTM;2
400855;-4;-76,53;DTM;2
400942;-1;-4,68;DTE;2
401079;-7;-151,73;DTE;2
401079;-23;-498,55;DTE;2
401296;-1;-2.425,27;DTE;2
401438;-2;-22,85;DTE;2
401576;-3;-69,39;DTE;2
401711;-1;-21,83;DTM;2
401753;-9;-82,85;DTE;2
401753;-5;-46,03;DTM;2
401783;-8;-101,64;DTE;2
401844;-1;-112,9;DTE;2
401844;-28;-3.161,23;DTE;2
401844;-4;-451,6;DTE;2
401844;-4;-451,6;DTE;2
401857;-3;-985,61;DTM;2
401857;-3;-985,61;DTM;2
401857;-3;-985,61;DTM;2
401888;-6;-182,08;DTE;2
401937;-1;-4,09;DTE;2
401959;-4;-727,2;DTE;2
402026;-2;-48,97;DTM;2
402026;-2;-48,97;DTE;2
402065;-2;-31,51;DTM;2
402081;-6;-584,19;DTM;2
402098;-1;-2.994,18;DTE;2
402105;-24;-1.112,52;DTE;2
402105;-10;-463,55;DTE;2
402105;-50;-2.317,76;DTE;2
402185;-3;-123,2;DTE;2
402221;-2;-80,34;DTM;2
402265;-3;-17,19;DTE;2
402307;-6;-430,41;DTM;2
402324;-6;-40,4;DTE;2
402359;-2;-12,41;DTE;2
402397;-3;-79,16;DTM;2
402490;-1;-340,3;DTE;2
402587;-2;-58,65;DTE;2
402587;-4;-117,31;DTE;2
402650;-1;-1.443,49;DTE;2
402847;-3;-3.253,39;DTM;2
402867;-1;-6.603,00;DTM;2
403182;-36;-7.645,88;DTE;2
403676;-1;-151,04;DTE;2
404719;-4;-91,19;DTE;2
404732;-30;-2.654,65;DTE;2
404732;-45;-3.981,98;DTE;2
404732;-12;-1.061,86;DTE;2
405473;-6;-804,01;DTM;2
800158;-2;-3,48;DTM;2
800158;-4;-6,96;DTM;2
800158;-10;-17,39;DTM;2
800158;-10;-17,39;DTM;2
800364;-2;-32,15;DTM;2
800454;-50;-23.908,50;DTM;2
800654;-6;-909,88;DTM;2
800717;-6;-425,53;DTM;2
800763;-4;-34,7;DTM;2
800817;-6;-1.989,77;DTM;2
800822;-6;-137,61;DTM;2
801186;-3;-45,92;DTM;2
801826;-6;-34,27;DTM;2
803160;-500;-81.043,52;DTM;2
120136;-1;-106,93;DRA;3
400011;-4;-419;DTE;3
400040;-3;-43.548,77;DIT;3
400069;-3;-4.483,63;DIT;3
400072;-2;-8.966,04;DIT;3
400072;-5;-22.422,39;DIT;3
400142;-15;-1.062,97;DIT;3
400193;-3;-88,39;DTE;3
400210;-1;-3.768,36;DTE;3
400224;-7;-11.291,10;DIT;3
400375;-12;-108,12;DIT;3
400478;-6;-53,45;DTE;3
400547;-50;-584,56;DIT;3
400594;-13;-1.237,40;DTM;3
400594;-7;-666,29;DTM;3
400708;-10;-59,95;DTM;3
400708;-300;-1.798,45;DTM;3
400708;-15;-89,92;DTM;3
400708;-9;-53,95;DTE;3
400708;-62;-371,68;DTM;3
400730;-40;-765,62;DTE;3
400758;-6;-2.832,01;DIT;3
400758;-3;-1.416,01;DTE;3
400790;-8;-163,38;DTE;3
400813;-6;-10,48;DTE;3
400827;-33;-90,52;DTE;3
400827;-20;-54,86;DTE;3
400827;-4;-10,97;DTE;3
400889;-6;-396,3;DIT;3
400906;-4;-398,17;DTE;3
400930;-100;-242,91;DIT;3
400930;-4;-9,72;DTE;3
400937;-84;-8.445,68;DIT;3
400937;-144;-14.478,31;DIT;3
400974;-6;-8,36;DTE;3
400988;-1;-1.815,79;DTM;3
400988;-1;-1.815,79;DTM;3
401116;-6;-217,55;DTE;3
401117;-4;-49,16;DTE;3
401131;-5;-64,3;DTE;3
401239;-1;-23,85;DTE;3
401372;-2;-22,63;DTE;3
401531;-2;-17,4;DTM;3
401566;-2;-47,78;DTE;3
401632;-100;-221,05;DIT;3
401678;-3;-7.597,26;DIT;3
401834;-1;-11,25;DTE;3
401870;-12;-12,19;DTE;3
401927;-6;-130,39;DTE;3
401937;-4;-16,36;DTE;3
401959;-50;-9.161,53;DIT;3
401992;-3;-1.225,92;DIT;3
402081;-6;-584,19;DTM;3
402081;-6;-584,19;DTM;3
402098;-1;-2.994,18;DTE;3
402152;-18;-1.150,27;DTE;3
402152;-12;-766,84;DTE;3
402152;-13;-830,75;DTE;3
402152;-1;-63,9;DTE;3
402247;-1;-19,05;DTE;3
402296;-6;-74,03;DTE;3
402296;-4;-49,35;DTE;3
402312;-6;-67,34;DTE;3
402331;-1;-41,37;DTE;3
402401;-3;-78,39;DTE;3
402433;-6;-929,2;DTE;3
402587;-3;-87,98;DTE;3
402592;-120;-14.638,54;DIT;3
402592;-72;-8.783,13;DIT;3
402592;-108;-13.174,69;DIT;3
402650;-1;-1.443,49;DTE;3
402675;-1;-342,19;DIT;3
402824;-180;-10.451,71;DIT;3
403121;-2;-16,01;DTE;3
403182;-12;-2.548,63;DIT;3
403182;-12;-2.548,63;DTE;3
403323;-4;-12,43;DTE;3
403337;-1;-1.034,41;DIT;3
403409;-1;-57.529,13;DTE;3
403807;-12;-769,62;DTE;3
404084;-16;-342,45;DTE;3
404732;-18;-1.592,79;DTE;3
405382;-1;-1.903,46;DIT;3
405539;-24;-455,16;DTE;3
407130;-7;-104.617,92;DIT;3
408994;-3;-76,46;DTE;3
409696;-140;-6.929,49;DTM;3
800216;-40;-61,18;DIT;3
800223;-20;-26,2;DTM;3
800364;-1;-16,07;DTM;3
800499;-20;-188,46;DIT;3
800499;-8;-75,38;DTM;3
800541;-6;-11,14;DTM;3
800623;-5;-97,84;DIT;3
800654;-10;-1.516,46;DIT;3
800654;-3;-454,94;DTM;3
800717;-3;-212,77;DTM;3
800763;-25;-216,87;DTM;3
800808;-20;-188,61;DIT;3
800817;-3;-994,89;DTM;3
800817;-10;-3.316,29;DIT;3
800822;-3;-68,81;DTM;3
800876;-3;-66,4;DTM;3
800922;-3;-67,08;DTM;3
801064;-8;-19,81;DTM;3
801066;-13;-475,59;DIT;3
801112;-50;-9.079,33;DIT;3
801199;-20;-150,6;DIT;3
801313;-6;-162,71;DTM;3
801313;-20;-542,37;DIT;3
801391;-50;-666,27;DIT;3
801400;-10;-996,56;DIT;3
801826;-3;-17,14;DTM;3
120100;-1;-14,9;DTE;3
120182;-1;-158,2;DTE;3
120254;-1;-106,48;DTE;3
400072;-5;-22.422,39;DIT;3
400072;-5;-22.422,39;DIT;3
400072;-5;-22.422,39;DIT;3
400111;-2;-6,99;DTE;3
400140;-1;-7,55;DTM;3
400140;-8;-60,37;DTM;3
400140;-20;-150,93;DTM;3
400142;-3;-212,59;DTM;3
400142;-3;-212,59;DTM;3
400142;-3;-212,59;DIT;3
400181;-2;-15,24;DTM;3
400221;-2;-4.304,46;DIT;3
400221;-10;-21.522,29;DIT;3
400221;-6;-12.913,37;DIT;3
400288;-1;-23.306,97;DTM;3
400366;-4;-25,54;DTM;3
400366;-4;-25,54;DTM;3
400366;-3;-19,16;DTM;3
400375;-2;-18,02;DTE;3
400527;-3;-24,86;DTM;3
400594;-7;-666,29;DIT;3
400665;-18;-426,25;DTM;3
400673;-12;-16,65;DTM;3
400673;-10;-13,88;DTM;3
400790;-4;-81,66;DTE;3
400790;-12;-244,97;DTM;3
400790;-8;-163,31;DIT;3
400790;-8;-163,31;DTM;3
400827;-9;-24,65;DTE;3
400906;-4;-398,17;DTM;3
400906;-2;-199,08;DTE;3
400906;-6;-597,26;DTM;3
400906;-4;-398,17;DIT;3
400930;-4;-9,72;DTM;3
400930;-4;-9,72;DTM;3
400942;-16;-74,88;DTM;3
400942;-2;-9,36;DTM;3
400955;-2;-8,42;DTM;3
400955;-2;-8,42;DTM;3
400974;-4;-5,58;DTM;3
401116;-18;-652,7;DTM;3
401117;-4;-49,16;DTM;3
401117;-4;-49,16;DTM;3
401131;-2;-25,72;DTM;3
401239;-2;-47,7;DTM;3
401239;-45;-1.073,17;DTE;3
401360;-10;-16.388,01;DIT;3
401375;-2;-371,89;DTE;3
401403;-2;-20,03;DTM;3
401438;-2;-22,86;DTM;3
401465;-15;-182,59;DTE;3
401465;-15;-182,59;DTE;3
401465;-46;-559,95;DTE;3
401465;-3;-36,52;DTE;3
401465;-15;-182,59;DTE;3
401465;-15;-182,59;DTE;3
401465;-3;-36,52;DTE;3
401465;-3;-36,52;DTE;3
401465;-6;-73,04;DTE;3
401465;-2;-24,35;DTE;3
401465;-9;-109,55;DTE;3
401465;-6;-73,04;DTE;3
401465;-9;-109,55;DTE;3
401465;-6;-73,04;DTE;3
401465;-9;-109,55;DTE;3
401465;-9;-109,55;DTE;3
401465;-12;-146,07;DTE;3
401465;-28;-340,84;DTE;3
401471;-3;-95,19;DTM;3
401485;-2;-275,1;DTM;3
401505;-3;-293,53;DIT;3
401576;-8;-185,2;DTM;3
401608;-3;-151,26;DTE;3
401706;-2;-30,14;DTM;3
401711;-6;-130,97;DTE;3
401753;-6;-55,24;DTM;3
401834;-3;-33,75;DTE;3
401844;-2;-225,8;DTM;3
401844;-2;-225,8;DTE;3
401857;-3;-985,56;DTM;3
401857;-3;-985,56;DTM;3
401864;-18;-62,9;DTM;3
401927;-18;-386,81;DTM;3
401931;-2;-8.580,25;DIT;3
401937;-22;-89,98;DTE;3
401937;-4;-16,36;DTM;3
402026;-7;-171,56;DTE;3
402026;-7;-171,56;DTM;3
402065;-7;-110,27;DTE;3
402065;-2;-31,51;DTM;3
402065;-2;-31,51;DTM;3
402105;-12;-556,25;DTM;3
402105;-16;-741,66;DTM;3
402106;-1;-78,56;DTM;3
402106;-1;-78,56;DTM;3
402127;-2;-8,8;DTM;3
402127;-28;-123,22;DTM;3
402127;-6;-26,4;DTE;3
402127;-6;-26,4;DTM;3
402221;-5;-201;DTM;3
402277;-1;-17.562,99;DIT;3
402287;-1;-10,88;DTM;3
402292;-1;-49,12;DTM;3
402307;-24;-1.721,56;DTM;3
402307;-40;-2.869,27;DTM;3
402307;-43;-3.084,46;DTE;3
402312;-24;-269,7;DTM;3
402312;-26;-292,17;DTE;3
402324;-4;-27,03;DTE;3
402397;-15;-389,6;DTM;3
402401;-3;-78,39;DTM;3
402401;-10;-261,31;DTM;3
402433;-3;-464,59;DTM;3
402433;-3;-464,59;DTM;3
402452;-1;-98,14;DTM;3
402689;-1;-63,32;DTM;3
402720;-1;-11,26;DTM;3
402741;-3;-25,92;DTM;3
402741;-3;-25,92;DTM;3
402847;-1;-1.084,46;DTM;3
402847;-1;-1.084,46;DTM;3
403121;-4;-32,01;DTE;3
403337;-1;-1.034,41;DIT;3
403602;-54;-122,5;DTE;3
403602;-29;-65,79;DTE;3
403602;-194;-440,09;DTE;3
403602;-12;-27,22;DTE;3
403602;-1.000;-2.268,52;DPC;3
403602;-44;-99,81;DTE;3
403602;-57;-129,31;DTE;3
403602;-124;-281,3;DTE;3
403602;-47;-106,62;DTE;3
403602;-125;-283,56;DTE;3
403602;-102;-231,39;DTE;3
403647;-10;-204,9;DTE;3
403804;-10;-81,23;DTE;3
404719;-2;-45,58;DTM;3
404719;-2;-45,58;DTE;3
404732;-9;-796,4;DTM;3
404741;-3;-206,61;DTM;3
405539;-12;-227,58;DTE;3
407094;-8;-562,64;DTE;3
408994;-3;-76,46;DTM;3
408994;-10;-254,88;DTM;3
410212;-200;-4.305,19;DPC;3
410213;-2;-42,12;DTE;3
410213;-1;-21,06;DTE;3
410213;-1;-21,06;DTE;3
410213;-2;-42,12;DTE;3
410213;-2;-42,12;DTE;3
410213;-2;-42,12;DTE;3
410213;-2;-42,12;DTE;3
410213;-4;-84,24;DTE;3
410213;-10;-210,6;DPC;3
800108;-6;-26,33;DTM;3
800116;-2;-11,67;DTM;3
800158;-20;-34,78;DTM;3
800223;-56;-73,35;DTM;3
800223;-10;-13,1;DTM;3
800337;-24;-1.606,41;DTM;3
800357;-12;-99,07;DTM;3
800435;-2;-29,64;DTM;3
800499;-8;-75,38;DTM;3
800499;-24;-226,15;DTM;3
800541;-4;-7,43;DTM;3
800541;-28;-51,99;DTM;3
800654;-15;-2.274,70;DTM;3
800717;-18;-1.276,61;DTM;3
800817;-18;-5.969,31;DTM;3
800876;-12;-265,62;DTM;3
800889;-6;-117,98;DTM;3
800894;-6;-37,04;DTM;3
800922;-6;-134,17;DTM;3
800922;-5;-111,81;DTM;3
801044;-1;-8,6;DTM;3
801064;-8;-19,81;DTM;3
801087;-21;-247,77;DTM;3
801125;-6;-206,23;DTM;3
801186;-10;-153,06;DTM;3
801304;-2;-32,46;DTM;3
801313;-18;-488,13;DTM;3
801313;-12;-325,42;DTM;3
801346;-2;-32,49;DTM;3
801826;-3;-17,14;DTM;3
803368;-6;-176,92;DTM;3
120051;-1;-108,28;DTO;3
120170;-1;-51,4;DTO;3
120259;-2;-317,74;DTO;3
120332;-2;-318,17;DTO;3
400011;-2;-209,5;DTE;3
400040;-2;-29.032,51;DTE;3
400072;-1;-4.484,48;DIT;3
400072;-1;-4.484,48;DIT;3
400072;-1;-4.484,48;DIT;3
400072;-1;-4.484,48;DIT;3
400072;-1;-4.484,48;DIT;3
400072;-1;-4.484,48;DIT;3
400072;-1;-4.484,48;DIT;3
400072;-1;-4.484,48;DIT;3
400116;-1;-24,34;DIT;3
400142;-1;-70,86;DIT;3
400142;-3;-212,59;DIT;3
400142;-9;-637,78;DTE;3
400164;-2;-47,6;DIT;3
400192;-50;-725,36;DIT;3
400193;-2;-58,92;DIT;3
400193;-3;-88,39;DTE;3
400221;-1;-2.152,23;DIT;3
400221;-1;-2.152,23;DIT;3
400221;-7;-15.065,60;DTE;3
400221;-1;-2.152,23;DIT;3
400221;-1;-2.152,23;DIT;3
400221;-2;-4.304,46;DIT;3
400224;-3;-4.839,04;DTE;3
400224;-2;-3.226,03;DTE;3
400243;-1;-35.156,71;DTM;3
400243;-1;-35.156,71;DTM;3
400288;-1;-23.306,97;DTM;3
400288;-1;-23.306,97;DTM;3
400344;-1;-37,67;DTE;3
400344;-1;-37,67;DTE;3
400344;-4;-150,67;DTE;3
400375;-8;-72,08;DTE;3
400375;-2;-18,02;DTE;3
400375;-2;-18,02;DTE;3
400375;-10;-90,1;DTE;3
400375;-16;-144,16;DTE;3
400442;-294;-1.429,79;DTE;3
400459;-6;-30,21;DTM;3
400459;-15;-75,52;DTM;3
400459;-15;-75,52;DTM;3
400474;-21;-576,8;DTE;3
400474;-70;-1.922,66;DTE;3
400474;-3;-82,4;DTE;3
400474;-150;-4.119,98;DTE;3
400474;-474;-13.019,14;DTE;3
400474;-32;-878,93;DTE;3
400484;-1;-16;DTE;3
400484;-4;-64,01;DTE;3
400484;-1;-16;DTE;3
400594;-19;-1.808,51;DTE;3
400594;-7;-666,29;DTM;3
400594;-7;-666,29;DTM;3
400594;-29;-2.760,35;DTE;3
400594;-30;-2.855,54;DIT;3
400594;-3;-285,55;DTM;3
400594;-13;-1.237,40;DTE;3
400594;-7;-666,29;DIT;3
400594;-7;-666,29;DIT;3
400594;-9;-856,66;DTM;3
400594;-6;-571,11;DTE;3
400665;-15;-355,21;DTE;3
400683;-4;-7,76;DTE;3
400708;-13;-77,92;DTM;3
400708;-636;-3.812,31;DTE;3
400708;-353;-2.115,95;DTM;3
400708;-92;-551,47;DTM;3
400708;-455;-2.727,36;DTM;3
400708;-15;-89,91;DTM;3
400708;-27;-161,84;DTE;3
400708;-15;-89,91;DTM;3
400708;-240;-1.438,61;DTM;3
400730;-495;-9.474,52;DTM;3
400730;-276;-5.282,76;DTM;3
400790;-12;-244,97;DTE;3
400790;-8;-163,31;DIT;3
400790;-8;-163,31;DIT;3
400790;-10;-204,14;DIT;3
400790;-14;-285,8;DTE;3
400790;-16;-326,62;DTE;3
400790;-26;-530,77;DTE;3
400805;-9;-49,53;DTE;3
400813;-3;-5,24;DTE;3
400813;-15;-26,21;DTM;3
400813;-8;-13,98;DTE;3
400813;-3;-5,24;DTE;3
400813;-8;-13,98;DTM;3
400813;-40;-69,88;DTM;3
400813;-6;-10,48;DTE;3
400813;-8;-13,98;DTE;3
400906;-13;-1.294,05;DTE;3
400906;-6;-597,25;DTE;3
400906;-8;-796,34;DTE;3
400906;-10;-995,42;DIT;3
400906;-4;-398,17;DIT;3
400906;-4;-398,17;DIT;3
400906;-7;-696,79;DTE;3
400930;-10;-24,29;DTE;3
400930;-12;-29,15;DTE;3
400930;-2;-4,86;DIT;3
400930;-12;-29,15;DIT;3
400930;-6;-14,57;DIT;3
400930;-4;-9,72;DIT;3
400937;-240;-24.130,51;DIT;3
400942;-14;-65,52;DTE;3
400942;-7;-32,76;DTE;3
400942;-2;-9,36;DTE;3
400955;-4;-16,84;DTE;3
400974;-4;-5,58;DIT;3
400974;-12;-16,73;DTE;3
400974;-2;-2,79;DIT;3
400974;-4;-5,58;DTE;3
401108;-1;-3,03;DIT;3
401116;-3;-108,78;DIT;3
401116;-12;-435,13;DTE;3
401116;-2;-72,52;DIT;3
401117;-6;-73,74;DIT;3
401117;-12;-147,48;DTE;3
401117;-4;-49,16;DIT;3
401117;-10;-122,9;DTE;3
401127;-1;-2.059,81;DTM;3
401127;-1;-2.059,81;DTM;3
401131;-6;-77,14;DIT;3
401131;-1;-12,86;DIT;3
401131;-5;-64,29;DTE;3
401131;-150;-1.928,55;DIT;3
401131;-63;-809,99;DTE;3
401131;-4;-51,43;DIT;3
401131;-1;-12,86;DTE;3
401131;-35;-450;DTE;3
401131;-1;-12,86;DTE;3
401213;-1;-69,55;DTE;3
401239;-3;-71,54;DIT;3
401239;-6;-143,08;DIT;3
401239;-5;-119,23;DTE;3
401264;-9;-239,02;DTE;3
401264;-6;-159,35;DIT;3
401360;-3;-4.916,40;DIT;3
401375;-7;-1.301,62;DTE;3
401375;-1;-185,95;DTE;3
401438;-8;-91,45;DTE;3
401438;-1;-11,43;DTE;3
401438;-2;-22,86;DTE;3
401438;-5;-57,16;DTE;3
401438;-8;-91,45;DTE;3
401465;-9;-109,55;DTE;3
401465;-18;-219,11;DTE;3
401465;-18;-219,11;DTE;3
401465;-14;-170,42;DTE;3
401465;-36;-438,22;DTE;3
401465;-14;-170,42;DTE;3
401485;-3;-428,95;DTE;3
401485;-1;-142,98;DTM;3
401485;-3;-428,95;DTM;3
401505;-2;-195,69;DIT;3
401505;-3;-293,53;DIT;3
401505;-2;-195,69;DIT;3
401547;-6;-1.709,38;DIT;3
401556;-1.127;-764.561,89;DIT;3
401556;-1.019;-691.294,20;DIT;3
401556;-537;-364.303,22;DIT;3
401566;-2;-47,78;DTE;3
401566;-5;-119,46;DTE;3
401566;-11;-262,81;DTE;3
401566;-5;-119,46;DTE;3
401566;-4;-95,57;DTE;3
401566;-14;-334,49;DTE;3
401568;-2;-2,48;DTE;3
401574;-2;-32,11;DTE;3
401576;-12;-277,81;DTE;3
401608;-6;-302,52;DTE;3
401608;-3;-151,26;DTE;3
401608;-3;-151,26;DTE;3
401608;-3;-151,26;DTE;3
401608;-3;-151,26;DTE;3
401632;-100;-221,05;DPC;3
401686;-1;-11,9;DIT;3
401711;-10;-218,47;DIT;3
401753;-2;-18,41;DIT;3
401786;-100;-1.420,37;DIT;3
401803;-2;-31,36;DTE;3
401803;-1;-15,68;DTE;3
401803;-3;-47,03;DTE;3
401834;-6;-69;DTE;3
401834;-7;-80,5;DTE;3
401834;-3;-34,5;DTE;3
401844;-3;-387,28;DTE;3
401857;-9;-2.956,67;DTE;3
401857;-3;-985,56;DIT;3
401864;-2;-6,99;DIT;3
401870;-3;-3,05;DTE;3
401870;-3;-3,05;DTE;3
401888;-3;-91,04;DTE;3
401888;-3;-91,04;DTE;3
401927;-3;-64,47;DIT;3
401927;-12;-257,87;DTE;3
401937;-2;-8,18;DTE;3
401937;-24;-98,16;DTE;3
401937;-8;-32,72;DTE;3
401937;-10;-40,9;DTE;3
401937;-6;-24,54;DTE;3
401959;-2;-366,47;DTM;3
401959;-2;-366,47;DTM;3
401959;-2;-366,47;DIT;3
401959;-1;-183,23;DIT;3
402027;-2.635;-3.390,64;DPC;3
402041;-10;-9,75;DIT;3
402041;-12;-11,7;DIT;3
402041;-2;-1,95;DIT;3
402081;-6;-584,19;DTM;3
402081;-6;-584,19;DTM;3
402081;-6;-584,19;DTM;3
402081;-6;-584,19;DTM;3
402106;-2;-157,11;DTE;3
402127;-29;-127,62;DTE;3
402127;-49;-215,64;DTE;3
402127;-17;-74,81;DTE;3
402127;-57;-250,84;DTE;3
402127;-4;-17,6;DTE;3
402247;-2;-38,1;DTE;3
402247;-1;-19,05;DTE;3
402247;-3;-57,15;DTE;3
402247;-2;-38,1;DTE;3
402277;-1;-17.562,99;DIT;3
402287;-1;-10,88;DTE;3
402296;-12;-148,02;DTE;3
402296;-3;-37;DIT;3
402307;-1.000;-71.731,66;DPC;3
402307;-32;-2.295,41;DTE;3
402307;-136;-9.755,51;DTE;3
402307;-5;-358,66;DTE;3
402307;-12;-860,78;DTE;3
402307;-56;-4.016,97;DTE;3
402307;-60;-4.303,90;DTE;3
402312;-12;-134,86;DTE;3
402312;-12;-134,86;DTE;3
402312;-2;-22,48;DTE;3
402312;-83;-932,79;DTE;3
402312;-37;-415,82;DTE;3
402312;-40;-449,54;DTE;3
402318;-419;-19.707,64;DTE;3
402318;-357;-16.791,48;DTE;3
402318;-223;-10.488,79;DTE;3
402324;-2;-13,51;DTM;3
402324;-4;-27,03;DTE;3
402331;-22;-910,14;DTE;3
402331;-11;-455,07;DTE;3
402331;-5;-206,85;DTE;3
402331;-10;-413,7;DTE;3
402331;-11;-455,07;DTE;3
402373;-2;-24,92;DTE;3
402397;-30;-779,21;DIT;3
402401;-9;-235,17;DTE;3
402433;-3;-464,59;DIT;3
402433;-1;-154,86;DIT;3
402433;-3;-464,59;DTE;3
402433;-3;-464,59;DTE;3
402433;-6;-929,17;DTE;3
402433;-3;-464,59;DTE;3
402443;-1;-105,18;DTE;3
402587;-2;-58,65;DTE;3
402592;-144;-17.566,25;DIT;3
402624;-1;-2.626,22;DTM;3
402650;-1;-1.443,49;DTM;3
402650;-1;-1.443,50;DTE;3
402733;-1;-5,85;DIT;3
402824;-180;-10.451,71;DIT;3
402824;-180;-10.451,71;DIT;3
402847;-2;-2.168,92;DTE;3
402847;-1;-1.084,46;DTE;3
403121;-16;-128,05;DTE;3
403121;-7;-56,02;DTE;3
403121;-8;-64,03;DTE;3
403121;-4;-32,01;DTE;3
403121;-1;-8;DTE;3
403121;-8;-64,03;DTE;3
403323;-6;-18,65;DTE;3
403323;-93;-289,05;DTE;3
403323;-45;-139,86;DTE;3
403323;-45;-139,86;DTE;3
403323;-21;-65,27;DTE;3
403390;-1.647;-14.256,88;DPC;3
403499;-300;-56,32;DPC;3
403563;-1;-169,98;DTE;3
403574;-21;-1.351,05;DTE;3
403574;-152;-9.779,01;DTE;3
403579;-17.026;-657.203,88;DPC;3
403580;-200;-3.139,36;DPC;3
403602;-180;-395,96;DTE;3
403602;-62;-136,38;DTE;3
403602;-100;-219,97;DPC;3
403602;-30;-65,99;DTE;3
403647;-6;-122,94;DTE;3
403656;-24.383;-586.129,95;DPC;3
403675;-1.000;-11.849,00;DPC;3
403682;-5.569;-4.733,50;DPC;3
403804;-9;-73,11;DTE;3
403804;-8;-64,98;DTE;3
403838;-745;-2.285,44;DPC;3
404719;-3;-68,46;DTE;3
404740;-3;-231,12;DTE;3
404741;-6;-413,22;DTE;3
405473;-6;-804,01;DTM;3
405473;-6;-804,01;DTM;3
405487;-16.259;-12.070,06;DPC;3
405491;-12.286;-12.040,28;DPC;3
405539;-14;-265,51;DTE;3
405539;-32;-606,88;DTE;3
405539;-30;-568,95;DTE;3
405539;-62;-1.175,83;DTE;3
405539;-30;-568,95;DTE;3
407094;-8;-562,64;DTE;3
407094;-6;-421,98;DTE;3
407094;-6;-421,98;DTE;3
407094;-8;-562,64;DTE;3
407094;-6;-421,98;DTE;3
407094;-300;-21.098,88;DPC;3
407094;-16;-1.125,27;DTE;3
407094;-303;-21.309,87;DPC;3
407096;-324;-69.896,03;DPC;3
407096;-29;-6.256,13;DTE;3
407096;-10;-2.157,28;DTE;3
407096;-26;-5.608,94;DTE;3
407096;-28;-6.040,40;DTE;3
407096;-56;-12.080,80;DTE;3
408291;-257;-4.498,78;DPC;3
408994;-9;-229,39;DTE;3
408994;-9;-229,39;DTE;3
408994;-100;-2.548,76;DIT;3
409696;-250;-12.373,29;DTM;3
409696;-59;-2.920,10;DTM;3
409696;-80;-3.959,45;DTM;3
409696;-270;-13.363,15;DTM;3
409696;-180;-8.908,77;DTM;3
410147;-13;-5.412,63;DPC;3
410147;-2;-832,71;DPC;3
410152;-2;-933,9;DPC;3
410152;-11;-5.136,42;DPC;3
410153;-2;-933,9;DPC;3
410212;-2;-47,13;DTE;3
410212;-3;-70,7;DTE;3
410212;-3;-70,7;DTE;3
410212;-3;-70,7;DTE;3
410212;-52;-1.225,49;DPC;3
410212;-58;-1.366,89;DPC;3
410212;-6;-141,4;DTE;3
410212;-14;-329,94;DTE;3
800158;-4;-6,96;DTM;3
800158;-2;-3,48;DTM;3
800158;-2;-3,48;DTM;3
800327;-75;-2.128,01;DIT;3
800499;-150;-1.413,44;DIT;3
800541;-104;-193,09;DIT;3
800630;-15;-52,47;DIT;3
800682;-1;-28,27;DTM;3
800763;-2;-17,35;DTM;3
800763;-6;-52,05;DTM;3
800817;-1;-331,63;DIT;3
800922;-80;-1.788,93;DIT;3
800959;-30;-3.276,78;DIT;3
801064;-300;-742,84;DIT;3
801112;-4;-726,35;DTM;3
801112;-5;-907,93;DIT;3
801186;-15;-229,58;DIT;3
801274;-10;-48,9;DTM;3
801274;-10;-48,9;DTM;3
801313;-150;-4.067,76;DIT;3
801400;-15;-1.494,84;DIT;3
802249;-40;-8.746,81;DIT;3
802405;-60;-501;DIT;3
803102;-2;-22;DIT;3
120007;-2;-64,15;DIT;3
120038;-1;-138,75;DIT;3
120068;-1;-8,41;DIT;3
120089;-3;-196,69;DIT;3
120092;-5;-90,93;DIT;3
120284;-2;-37,84;DIT;3
120334;-2;-318,18;DIT;3
120343;-2;-317,74;DIT;3
120366;-1;-115,11;DIT;3
400011;-8;-838,01;DTE;3
400011;-2;-209,5;DTM;3
400072;-7;-31.391,35;DIT;3
400072;-4;-17.937,91;DIT;3
400111;-1;-3,49;DTM;3
400111;-1;-3,49;DTM;3
400122;-3;-6,1;DTE;3
400140;-4;-30,18;DTM;3
400140;-1;-7,55;DTE;3
400142;-3;-212,59;DTM;3
400164;-15;-357,04;DIT;3
400192;-24;-348,17;DTE;3
400193;-3;-88,39;DTM;3
400193;-3;-88,36;DTE;3
400193;-3;-88,36;DIT;3
400193;-24;-706,89;DTE;3
400193;-3;-88,36;DTE;3
400221;-5;-10.761,14;DIT;3
400221;-6;-12.913,37;DIT;3
400221;-10;-21.522,29;DIT;3
400224;-2;-3.226,03;DIT;3
400288;-1;-23.306,97;DTE;3
400307;-4;-25,45;DTM;3
400307;-4;-25,45;DTM;3
400344;-1;-37,67;DTE;3
400344;-1;-37,67;DTE;3
400359;-9;-180,73;DTE;3
400359;-2;-40,16;DTE;3
400359;-10;-200,82;DTE;3
400375;-4;-36,04;DTE;3
400375;-16;-144,16;DTE;3
400375;-2;-18,02;DTE;3
400375;-7;-63,07;DTE;3
400459;-630;-3.171,93;DIT;3
400474;300;8.239,96;DIT;3
400474;-300;-8.239,96;DIT;3
400474;-230;-6.317,30;DTE;3
400478;-1;-9,04;DTE;3
400484;-2;-31,99;DTE;3
400484;-1;-15,99;DTE;3
400484;-1;-15,99;DTE;3
400506;-5;-53,11;DTE;3
400518;-1;-9,43;DTE;3
400518;-6;-56,59;DTE;3
400518;-1;-9,43;DTE;3
400594;-6;-571,11;DTE;3
400594;-16;-1.522,95;DTE;3
400594;-6;-571,11;DTE;3
400594;-3;-285,55;DTE;3
400594;-3;-285,55;DTE;3
400594;-46;-4.378,49;DTE;3
400673;-24;-33,31;DTM;3
400683;-2;-3,88;DTE;3
400708;-9;-53,95;DTE;3
400708;-25;-149,86;DTE;3
400708;-9;-53,95;DTE;3
400708;-81;-485,53;DTE;3
400708;-9;-53,95;DTE;3
400790;-2;-40,83;DTE;3
400790;-8;-163,31;DTM;3
400790;-44;-898,22;DTE;3
400790;-2;-40,83;DTE;3
400790;-4;-81,66;DTE;3
400790;-4;-81,66;DTE;3
400805;-100;-550,37;DIT;3
400805;-100;-550,37;DIT;3
400805;-100;-550,37;DIT;3
400805;100;550,37;DIT;3
400813;-12;-20,97;DTE;3
400813;-8;-13,98;DTE;3
400813;-300;-524,14;DIT;3
400813;-3;-5,24;DTE;3
400813;-3;-5,24;DTE;3
400827;-10;-27,21;DTE;3
400827;-3;-8,16;DTE;3
400827;-4;-10,89;DTE;3
400827;-15;-40,82;DTE;3
400827;-14;-38,1;DTE;3
400827;-7;-19,05;DTE;3
400827;-5;-13,61;DTE;3
400855;-3;-57,4;DTE;3
400906;-2;-199,08;DTE;3
400906;-2;-199,08;DTE;3
400906;-4;-398,17;DTM;3
400930;-44;-107,59;DTE;3
400930;-6;-14,67;DTE;3
400930;-8;-19,56;DTM;3
400930;-100;-244,52;DIT;3
400930;-4;-9,78;DTE;3
400930;-4;-9,78;DIT;3
400937;-144;-14.478,31;DIT;3
400942;-15;-70,2;DTE;3
400942;-8;-37,44;DIT;3
400955;-4;-16,84;DTE;3
400968;-1;-1.981,01;DIT;3
400974;-6;-8,36;DTE;3
400974;-6;-8,36;DTE;3
400974;-4;-5,58;DIT;3
400974;-100;-139,38;DIT;3
400974;-56;-78,05;DTE;3
400974;-12;-16,73;DTM;3
401056;-100;-574,76;DIT;3
401079;-3;-58,94;DIT;3
401116;-6;-217,58;DIT;3
401116;-15;-543,96;DIT;3
401117;-8;-98,32;DTM;3
401117;-5;-61,45;DIT;3
401131;-100;-1.285,59;DIT;3
401131;-100;-1.285,59;DIT;3
401131;-120;-1.542,71;DIT;3
401131;-5;-64,28;DTE;3
401131;-7;-89,99;DTE;3
401131;-4;-51,42;DTE;3
401131;-4;-51,42;DTE;3
401131;-6;-77,14;DTE;3
401131;-8;-102,86;DTM;3
401131;-4;-51,42;DTM;3
401131;-38;-488,53;DTE;3
401131;-19;-244,26;DIT;3
401131;-1;-12,86;DTE;3
401131;-2;-25,71;DTE;3
401239;-3;-71,54;DTE;3
401239;-12;-286,15;DTE;3
401239;-100;-2.384,59;DIT;3
401239;-1;-23,85;DTE;3
401239;-1;-23,85;DTE;3
401239;-3;-71,54;DTM;3
401264;-3;-79,69;DTE;3
401264;-15;-398,43;DTE;3
401296;-2;-3.620,04;DTM;3
401360;-3;-4.916,40;DIT;3
401375;-2;-371,89;DTE;3
401438;-1;-11,43;DTE;3
401438;-3;-34,29;DTE;3
401438;-3;-34,29;DTE;3
401451;-3;-70,94;DTM;3
401465;-9;-109,55;DTE;3
401465;-30;-365,18;DTE;3
401485;-1;-142,96;DIT;3
401485;-5;-714,78;DTE;3
401485;-1;-142,96;DTE;3
401485;-1;-142,96;DTE;3
401485;-3;-428,87;DTE;3
401485;-3;-428,87;DTE;3
401485;-1;-142,96;DTE;3
401485;-7;-1.000,70;DTE;3
401485;-1;-142,96;DTE;3
401485;-2;-285,91;DTE;3
401485;-3;-428,87;DTE;3
401485;-2;-285,91;DTE;3
401485;-2;-285,91;DTE;3
401485;-3;-428,87;DTE;3
401485;-11;-1.572,53;DTE;3
401485;-2;-285,91;DTM;3
401485;-2;-285,91;DTE;3
401485;-16;-2.287,31;DTE;3
401485;-24;-3.430,97;DTE;3
401485;-23;-3.288,01;DTE;3
401566;-1;-23,89;DTE;3
401566;-5;-119,46;DTE;3
401574;-3;-48,17;DIT;3
401576;-2;-46,3;DTE;3
401576;-3;-69,45;DTE;3
401576;-11;-254,65;DTE;3
401608;-3;-151,26;DTE;3
401608;-3;-151,26;DTE;3
401608;-12;-605,05;DTE;3
401753;-43;-395,77;DTE;3
401753;-4;-36,82;DTE;3
401753;-3;-27,62;DTM;3
401783;-1;-12,71;DTE;3
401823;-34;-960,77;DTE;3
401823;-35;-989,03;DTE;3
401823;-37;-1.045,55;DTE;3
401823;-67;-1.893,29;DTE;3
401823;-30;-847,74;DTE;3
401823;-7;-197,81;DTE;3
401823;-37;-1.045,55;DTE;3
401823;-34;-960,77;DTE;3
401823;-9;-254,32;DTE;3
401823;-1;-28,26;DTE;3
401823;-1;-28,26;DTE;3
401823;-1;-28,26;DTE;3
401823;-11;-310,84;DTE;3
401823;-1;-28,26;DTE;3
401834;-3;-34,5;DTE;3
401834;-3;-34,5;DTE;3
401844;-2;-257,84;DTM;3
401844;-2;-257,84;DIT;3
401857;-3;-985,56;DTE;3
401857;-3;-985,56;DTE;3
401857;-3;-985,56;DTM;3
401857;-15;-4.927,78;DTE;3
401864;-9;-31,45;DIT;3
401870;-3;-3,05;DTE;3
401870;-56;-56,9;DTE;3
401870;-6;-6,1;DTE;3
401892;-3;-83,05;DTE;3
401927;-3;-63,55;DTM;3
401937;-2;-8,18;DTE;3
401937;-2;-8,18;DTE;3
401937;-3;-12,27;DTE;3
401937;-2;-8,18;DTE;3
401937;-2;-8,18;DTE;3
401937;-11;-44,99;DTE;3
401937;-6;-24,54;DTE;3
401937;-1;-4,09;DTE;3
401937;-1;-4,09;DTE;3
401937;-4;-16,36;DTE;3
401937;-7;-28,63;DTE;3
401937;-4;-16,36;DTE;3
401937;-4;-16,36;DIT;3
401937;-9;-36,81;DTE;3
401937;-6;-24,54;DTE;3
401937;-1;-4,09;DTE;3
401941;-24;-77,29;DTE;3
401941;-26;-83,73;DTE;3
401959;-100;-18.323,32;DIT;3
401959;-2;-366,47;DIT;3
401959;-3;-549,7;DIT;3
401981;-1.000;-1.789,15;DIT;3
402026;-2;-49,02;DTE;3
402041;-24;-23,39;DIT;3
402065;-2;-31,51;DTE;3
402065;-11;-173,29;DTE;3
402065;-2;-31,51;DTE;3
402081;-500;-48.682,18;DIT;3
402087;-50;-340,94;DIT;3
402087;50;340,94;DIT;3
402087;-50;-340,94;DIT;3
402087;-100;-681,88;DIT;3
402106;-1;-78,83;DTE;3
402106;-3;-236,48;DIT;3
402111;100;540,29;DIT;3
402111;-100;-540,29;DIT;3
402111;-100;-540,29;DIT;3
402123;-50;-293,22;DIT;3
402123;50;293,22;DIT;3
402123;-50;-293,22;DIT;3
402127;-4;-17,6;DTE;3
402127;-24;-105,62;DTE;3
402127;-17;-74,81;DTE;3
402127;-32;-140,82;DTE;3
402127;-6;-26,4;DTM;3
402127;-6;-26,4;DTM;3
402127;-2;-8,8;DIT;3
402152;-8;-512,46;DTE;3
402152;-18;-1.153,04;DTE;3
402152;-6;-384,35;DTE;3
402152;-6;-384,35;DTE;3
402152;-6;-384,35;DTE;3
402152;-12;-768,69;DTE;3
402152;-6;-384,35;DTE;3
402152;-6;-384,35;DTE;3
402152;-12;-768,69;DTE;3
402152;-6;-384,35;DTE;3
402152;-5;-320,29;DTE;3
402152;-24;-1.537,38;DTE;3
402161;-1;-35,16;DIT;3
402202;-2;-81,14;DTE;3
402221;-1;-40,21;DTM;3
402221;-1;-40,21;DTM;3
402221;-12;-482,49;DTE;3
402296;-6;-74,01;DTM;3
402296;-6;-74,01;DIT;3
402296;-50;-616,74;DIT;3
402303;-430;-1.370,95;DIT;3
402307;-24;-1.721,56;DTE;3
402307;-16;-1.147,71;DTE;3
402312;-20;-225,52;DTE;3
402312;-6;-67,66;DTM;3
402312;-1;-11,24;DTM;3
402312;-50;-563,79;DIT;3
402312;-9;-101,48;DTE;3
402312;-8;-90,21;DTE;3
402312;-15;-169,14;DIT;3
402318;-488;-22.953,06;DTE;3
402318;-148;-6.961,17;DTE;3
402318;-537;-25.257,77;DTE;3
402324;-3;-20,27;DTM;3
402324;-2;-13,51;DTE;3
402324;-4;-27,03;DTE;3
402324;-2;-13,51;DTE;3
402324;-4;-27,03;DTE;3
402324;-5;-33,78;DTE;3
402324;-2;-13,51;DTE;3
402331;-1;-41,37;DTE;3
402331;-2;-82,74;DTE;3
402331;-6;-248,22;DTE;3
402331;-12;-496,44;DTE;3
402373;-3;-37,39;DIT;3
402397;-89;-2.311,65;DTE;3
402397;-2;-51,95;DTE;3
402401;-2;-52,24;DIT;3
402401;-3;-78,35;DTE;3
402433;-30;-4.645,85;DIT;3
402433;-12;-1.858,34;DTE;3
402433;-3;-464,59;DTM;3
402433;-25;-3.871,54;DIT;3
402587;-1;-29,33;DIT;3
402592;-84;-10.246,98;DIT;3
402672;-1;-23,11;DTE;3
402741;-3;-25,92;DTM;3
402741;-100;-864,02;DIT;3
402741;100;864,02;DIT;3
402741;-100;-864,02;DIT;3
402824;-126;-7.316,19;DIT;3
403121;-6;-48,02;DTE;3
403121;-9;-72,03;DTE;3
403121;-1;-8;DIT;3
403121;-1;-8;DTE;3
403323;-27;-84,02;DTE;3
403323;-48;-149,37;DTE;3
403323;-51;-158,7;DTE;3
403323;-6;-18,67;DTE;3
403337;-1;-1.034,41;DIT;3
403499;-2;-0,38;DTE;3
403499;-4;-0,75;DTE;3
403579;-327;-12.622,21;DPC;3
403602;-240;-527,63;DTE;3
403676;-1;-151,04;DTM;3
403804;-4;-32,49;DIT;3
403804;-21;-170,58;DTE;3
403804;-1;-8,12;DTE;3
403804;-1;-8,12;DTE;3
403875;-30;-3.239,21;DIT;3
403875;-25;-2.699,34;DIT;3
404084;-7;-149,82;DIT;3
404719;-2;-44,8;DTM;3
405539;-4;-75,86;DTE;3
405539;-18;-341,37;DTE;3
405539;-34;-644,81;DTE;3
407094;-6;-421,98;DTE;3
407094;-6;-421,98;DTE;3
407096;-14;-3.020,20;DTE;3
407096;-2;-431,46;DTE;3
407096;-30;-6.471,85;DTE;3
408994;-3;-76,46;DIT;3
408995;-12;-315,77;DIT;3
410212;-1;-23,57;DTE;3
410212;-1;-23,57;DTE;3
410212;-1;-23,57;DTE;3
410212;-4;-94,27;DTE;3
410212;-2;-47,13;DTE;3
410212;-2;-47,13;DTE;3
800007;-3;-13,77;DTE;3
800021;-60;-4.038,78;DIT;3
800054;-8;-155,98;DTE;3
800070;-6;-6,3;DTE;3
800100;-9;-214,22;DTM;3
800100;-11;-261,82;DTM;3
800116;-5;-29,18;DTM;3
800141;-200;-6.246,75;DIT;3
800151;-500;-390;DTM;3
800158;-5;-8,69;DTE;3
800266;-2;-31,6;DTE;3
800337;-8;-535,47;DTM;3
800426;-100;-5.698,00;DIT;3
800435;-2;-29,64;DTE;3
800522;-3;-323,86;DTM;3
800541;-4;-7,43;DTE;3
800654;-3;-454,94;DTE;3
800794;-14;-70,92;DIT;3
800817;-30;-9.948,86;DIT;3
800817;-25;-8.290,71;DIT;3
800817;-3;-994,89;DTE;3
800824;-5;-38,83;DIT;3
800824;-100;-776,52;DIT;3
800824;5;38,83;DIT;3
800824;-5;-38,83;DIT;3
800922;-100;-2.236,16;DIT;3
800922;-3;-67,08;DTE;3
801114;-100;-583,14;DIT;3
801216;-100;-738,14;DIT;3
801216;-100;-738,14;DIT;3
801233;-50;-293,22;DIT;3
801233;-50;-293,22;DIT;3
801233;50;293,22;DIT;3
801316;-85;-2.044,45;DIT;3
801346;-1;-16,24;DTE;3
801834;-100;-579,29;DIT;3
804257;-1;-14,06;DPM;3
805610;-500;-375,71;DTM;3
805611;-500;-182,97;DTM;3
120285;-3;-40,65;DAG;3
400142;-3;-212,59;DTM;3
400152;-10;-10.344,70;DPM;3
400193;-4;-117,82;DTM;3
400307;-4;-25,45;DTM;3
400474;-59;-1.620,53;DTE;3
400474;-128;-3.515,72;DTE;3
400532;-3;-7,96;DTM;3
400655;-8;-342,27;DTM;3
400673;-33;-45,8;DTM;3
400930;-8;-19,56;DTM;3
400937;-300;-30.163,13;DPM;3
400974;-10;-13,94;DTM;3
401116;-6;-217,58;DTM;3
401117;-8;-98,32;DTM;3
401131;-14;-179,98;DTM;3
401155;-1;-14,63;DTM;3
401360;-1;-1.638,80;DTM;3
401360;-1;-1.638,80;DTM;3
401360;-2;-3.277,60;DTM;3
401435;-5;-28,72;DTM;3
401485;-4;-571,83;DTM;3
401485;-1;-142,96;DTM;3
401485;-6;-857,74;DTM;3
401485;-2;-285,91;DTM;3
401823;-15;-423,87;DTM;3
401823;-10;-282,58;DTM;3
401823;-28;-791,23;DTM;3
401823;-6;-169,55;DTM;3
401823;-8;-226,06;DTM;3
401927;-9;-190,4;DTM;3
402106;-2;-157,78;DTM;3
402111;-3;-16,21;DTM;3
402127;-10;-44,01;DTM;3
402296;-9;-111,01;DTM;3
402312;-5;-56,43;DTM;3
402322;-5;-3.762,36;DPM;3
402401;-6;-156,71;DTM;3
402587;-1;-29,33;DTM;3
402592;-27;-3.293,67;DPM;3
402592;-100;-12.198,79;DPM;3
403499;-418;-78,47;DPM;3
403593;-11;-108,36;DPM;3
403642;-4.000;-61.079,32;DPM;3
403642;-1.028;-15.697,39;DPM;3
403656;-732;-17.596,16;DPC;3
404071;-3;-493,7;DTM;3
404084;-12;-256,86;DTM;3
404732;-9;-796,22;DTM;3
405487;-235;-174,46;DPM;3
405491;-107;-104,86;DPM;3
407129;-2.000;-16.558,94;DPM;3
407129;-173;-1.432,35;DPM;3
407439;-10;-6.582,93;DPM;3
408994;-6;-152,99;DTM;3
408995;-6;-157,89;DTM;3
409696;-88;-4.355,40;DTM;3
804842;-1;-1.285,63;DTM;3
400011;-2;-209,5;DTE;3
400224;-2;-3.227,71;DTE;3
400478;-2;-17,64;DTE;3
400506;-5;-49,32;DTE;3
400506;-5;-49,32;DTE;3
400506;-10;-98,64;DTE;3
400827;-18;-49;DTE;3
400995;-1;-2.054,63;DTM;3
400995;-1;-2.054,63;DTM;3
401127;-1;-2.060,06;DTE;3
401127;-1;-2.060,06;DTE;3
401127;-1;-2.060,06;DTE;3
401296;-1;-2.056,25;DTE;3
401296;-2;-4.112,51;DTE;3
401360;-4;-6.555,21;DTM;3
401375;-5;-929,73;DTE;3
401632;-99;-218,85;DPC;3
401632;-98;-216,64;DPC;3
401632;-150;-331,58;DPM;3
401844;-2;-257,84;DTE;3
402098;-1;-2.989,52;DTE;3
402247;-1;-19,05;DTE;3
402247;-2;-38,1;DTE;3
402247;-3;-57,15;DTE;3
402307;-3.016;-216.341,18;DPC;3
402307;-3.016;-216.341,18;DPC;3
402592;-21;-2.561,75;DPM;3
402650;-2;-2.886,99;DTE;3
402650;-3;-4.330,49;DTE;3
402650;-2;-2.886,99;DTE;3
402650;-1;-1.443,49;DTE;3
402847;-1;-1.084,46;DTE;3
402847;-1;-1.084,46;DTE;3
403390;-1.000;-8.656,27;DPM;3
403602;-9;-19,53;DTE;3
403602;-182;-394,94;DTE;3
403602;-88;-190,96;DTE;3
403602;-100;-217;DTE;3
403602;-154;-334,18;DTE;3
403602;-130;-282,1;DTE;3
403602;-96;-208,32;DTE;3
403675;-1.467;-17.382,48;DPC;3
403675;-1.467;-17.382,48;DPC;3
404084;-23;-492,31;DTE;3
404719;-2;-44,8;DTE;3
407129;-300;-2.483,84;DPM;3
410212;-58;-1.366,90;DPC;3
410212;-58;-1.366,90;DPC;3
410213;-2;-36;DTE;3
410213;-6;-108;DTE;3
410213;-2;-36;DTE;3
410213;-2;-36;DTE;3
410213;-3;-54;DTE;3
410213;-3;-54;DTE;3
410213;-10;-180;DPC;3
410213;-2;-36;DTE;3
410213;-10;-180;DPC;3
410213;-4;-72;DTE;3
400011;-1;-104,75;DTM;3
400011;-1;-104,75;DTE;3
400072;-1;-4.484,48;DTE;3
400073;-1;-14.018,83;DIT;3
400073;-1;-14.018,83;DTE;3
400111;-7;-24,45;DTE;3
400140;-12;-90,54;DTM;3
400140;-48;-362,16;DTE;3
400140;-40;-301,8;DIT;3
400140;-2;-15,09;DTE;3
400140;-2;-15,09;DTM;3
400140;-36;-271,62;DIT;3
400140;-12;-90,54;DTE;3
400140;-4;-30,18;DTM;3
400140;-3;-22,63;DTM;3
400140;-3;-22,64;DTM;3
400164;-11;-261,83;DIT;3
400193;-3;-88,36;DTE;3
400193;-3;-88,36;DTE;3
400221;-10;-21.522,29;DIT;3
400224;-1;-1.614,58;DTM;3
400224;-1;-1.614,58;DTM;3
400224;-1;-1.614,58;DTM;3
400288;-2;-46.613,95;DIT;3
400307;-6;-38,17;DTE;3
400307;-6;-38,17;DTM;3
400307;-11;-69,99;DTE;3
400307;6;38,17;DTE;3
400307;11;69,99;DTE;3
400366;-50;-288,46;DIT;3
400366;-2;-11,54;DTM;3
400366;-4;-23,08;DTM;3
400366;-6;-34,62;DTM;3
400366;-2;-11,54;DTM;3
400375;-6;-54,06;DTM;3
400375;-7;-63,07;DTE;3
400375;-10;-90,1;DIT;3
400375;-4;-36,04;DTE;3
400484;-2;-31,99;DTM;3
400665;-9;-213,13;DTM;3
400673;-3;-4,16;DTM;3
400673;-2;-2,78;DTM;3
400673;-18;-24,98;DTM;3
400673;-10;-13,88;DTM;3
400673;-4;-5,55;DTM;3
400673;-10;-13,88;DTM;3
400790;-6;-122,47;DTM;3
400790;-8;-163,29;DIT;3
400790;-2;-40,82;DTM;3
400790;-3;-61,23;DTM;3
400805;-12;-66,04;DTE;3
400805;12;66,04;DTE;3
400851;-6;-134,55;DTM;3
400880;-10;-19,07;DIT;3
400906;-4;-398,16;DTE;3
400906;-22;-2.189,91;DTE;3
400906;-6;-597,25;DTE;3
400906;-4;-398,16;DTE;3
400906;-1;-99,54;DTM;3
400906;-3;-298,62;DTM;3
400906;-4;-398,16;DIT;3
400930;-50;-122,26;DIT;3
400937;-60;-6.032,63;DIT;3
400937;-108;-10.858,73;DIT;3
400937;-192;-19.304,41;DIT;3
400937;-72;-7.239,15;DIT;3
400942;-10;-46,8;DTE;3
400942;-4;-18,72;DTE;3
400955;-2;-8,42;DTE;3
400955;-2;-8,42;DTM;3
400955;-4;-16,84;DTM;3
400974;-100;-139,38;DIT;3
400974;-16;-22,3;DTM;3
400974;-10;-13,94;DTM;3
400974;-6;-8,36;DTE;3
400974;-10;-13,94;DTE;3
401056;3;17,24;DTE;3
401056;-3;-17,24;DTE;3
401088;-3;-6,55;DTE;3
401105;-9;-28,87;DTM;3
401108;-3;-9,08;DTM;3
401108;-9;-27,23;DTE;3
401116;-6;-217,58;DTE;3
401116;-6;-217,58;DTM;3
401116;-3;-108,79;DTE;3
401116;-9;-326,37;DTE;3
401116;-6;-217,58;DTM;3
401116;-27;-979,12;DTE;3
401116;-3;-108,79;DTE;3
401116;-3;-108,79;DTE;3
401117;-4;-49,16;DTE;3
401117;-8;-98,32;DTE;3
401117;-44;-540,75;DTE;3
401117;-4;-49,16;DTE;3
401117;-6;-73,74;DTE;3
401117;-8;-98,32;DTM;3
401117;-4;-49,16;DTM;3
401234;-15;-97,01;DTE;3
401234;-1;-6,47;DTE;3
401239;-2;-47,69;DTM;3
401239;-50;-1.192,30;DIT;3
401264;-3;-79,72;DTM;3
401403;-20;-200,33;DIT;3
401435;-3;-17,23;DTM;3
401438;-1;-11,43;DTM;3
401451;22;520,21;DTE;3
401451;10;236,46;DTE;3
401451;32;756,67;DTE;3
401451;-32;-756,67;DTE;3
401451;-4;-94,58;DTE;3
401451;-2;-47,29;DTE;3
401451;4;94,58;DTE;3
401451;-6;-141,88;DTE;3
401451;-10;-236,46;DTE;3
401451;2;47,29;DTE;3
401451;6;141,88;DTE;3
401451;-22;-520,21;DTE;3
401465;2;24,3;DTE;3
401465;9;109,33;DTE;3
401465;3;36,44;DTE;3
401465;45;546,66;DTE;3
401465;50;607,4;DTE;3
401465;57;692,43;DTE;3
401465;2;24,3;DTE;3
401465;6;72,89;DTE;3
401465;30;364,44;DTE;3
401465;6;72,89;DTE;3
401465;36;437,33;DTE;3
401465;15;182,22;DTE;3
401465;30;364,44;DTE;3
401465;6;72,89;DTE;3
401471;-3;-95,19;DTM;3
401471;24;761,51;DTE;3
401471;-1;-31,73;DTE;3
401471;-24;-761,51;DTE;3
401471;-24;-761,51;DTE;3
401500;-4;-45,39;DTE;3
401500;-4;-45,39;DTE;3
401500;4;45,39;DTE;3
401546;-3;-21,3;DTM;3
401566;-8;-183,41;DTE;3
401566;24;573,42;DTE;3
401566;-24;-550,22;DTE;3
401566;8;191,14;DTE;3
401568;-1;-1,24;DTE;3
401568;2;2,48;DTE;3
401568;1;1,24;DTE;3
401568;14;17,33;DTE;3
401568;-14;-17,33;DTE;3
401568;-14;-17,33;DTE;3
401568;-2;-2,48;DTE;3
401576;-1;-23,15;DTM;3
401608;-3;-151,26;DTE;3
401620;-1;-2,91;DTM;3
401620;-16;-46,57;DTE;3
401620;-10;-29,11;DIT;3
401620;-3;-8,73;DTE;3
401711;-6;-132,96;DTM;3
401711;-15;-332,41;DTE;3
401711;-3;-66,48;DTE;3
401711;-3;-66,48;DTM;3
401733;-3;-5,35;DTE;3
401735;-3;-1.225,92;DIT;3
401763;-25;-939,23;DIT;3
401783;-1;-12,7;DTM;3
401786;-200;-2.840,75;DIT;3
401834;-50;-575;DIT;3
401857;-3;-985,56;DTM;3
401857;-3;-985,56;DIT;3
401864;-9;-31,45;DTM;3
401888;-3;-91,04;DTE;3
401888;3;91,04;DTE;3
401927;-3;-63,47;DTE;3
401927;-3;-63,47;DTE;3
401927;-27;-571,19;DTE;3
401927;-3;-63,47;DTE;3
401927;-6;-126,93;DTE;3
401927;-6;-126,93;DTM;3
401927;-9;-190,4;DTE;3
401927;-9;-190,4;DTM;3
401937;-4;-16,36;DTE;3
401937;-8;-32,72;DTE;3
401937;-1;-4,09;DTE;3
401937;-9;-36,81;DTE;3
401937;-1;-4,09;DTE;3
401959;-6;-1.112,96;DTE;3
401959;-5;-927,47;DTE;3
402026;-3;-73,52;DTM;3
402065;-20;-315,06;DIT;3
402065;-1;-15,75;DTM;3
402081;-15;-1.460,47;DIT;3
402085;-3;-19,35;DTM;3
402105;-20;-918,46;DTM;3
402105;-8;-367,38;DTM;3
402105;-3;-137,76;DIT;3
402105;-8;-367,38;DTM;3
402105;-21;-964,38;DTE;3
402105;21;973,43;DTE;3
402105;-12;-551,07;DTM;3
402105;-4;-183,69;DTM;3
402105;-4;-183,69;DTM;3
402106;-1;-78,89;DTM;3
402111;-100;-540,29;DIT;3
402127;-2;-8,8;DTM;3
402127;-4;-17,6;DTM;3
402127;-6;-26,4;DTM;3
402127;-6;-26,4;DTM;3
402127;-16;-70,41;DTE;3
402127;-4;-17,6;DTE;3
402127;-3;-13,2;DTE;3
402127;-3;-13,2;DTE;3
402127;-3;-13,2;DTE;3
402127;-4;-17,6;DTE;3
402221;-3;-120,73;DTM;3
402230;-3;-32,62;DTM;3
402265;3;17,19;DTE;3
402265;-3;-17,19;DIT;3
402265;-3;-17,19;DTE;3
402287;-15;-163,18;DIT;3
402287;-7;-76,15;DTE;3
402287;-3;-32,64;DTM;3
402287;-3;-32,64;DTM;3
402287;-10;-108,79;DIT;3
402296;3;37;DTE;3
402296;3;37;DTE;3
402296;-3;-36,49;DTE;3
402296;27;333,04;DTE;3
402296;-3;-36,49;DTE;3
402296;-27;-328,43;DTE;3
402296;-3;-36,49;DTE;3
402296;-27;-328,43;DTE;3
402296;-3;-36,49;DTE;3
402296;-49;-604,41;DIT;3
402296;-3;-36,49;DTE;3
402296;-6;-72,99;DTE;3
402296;-6;-72,98;DTM;3
402296;-9;-109,48;DTE;3
402307;12;860,78;DTE;3
402307;-48;-3.443,10;DTM;3
402307;-48;-3.443,10;DTM;3
402307;-50;-3.586,56;DIT;3
402307;115;8.249,14;DTE;3
402307;-12;-860,76;DTE;3
402307;-4;-286,92;DTM;3
402307;-12;-860,77;DTE;3
402307;-4;-286,92;DTM;3
402307;-36;-2.582,32;DTM;3
402307;-40;-2.869,25;DTM;3
402307;-40;-2.869,25;DIT;3
402307;-115;-8.248,95;DTE;3
402307;-115;-8.249,08;DTE;3
402397;-150;-3.896,04;DIT;3
402401;-9;-235,06;DTE;3
402401;-6;-156,71;DTM;3
402401;-3;-78,35;DTM;3
402401;-6;-156,71;DTE;3
402433;-3;-461,75;DIT;3
402433;-3;-461,75;DTE;3
402433;-3;-461,75;DTM;3
402433;-1;-153,92;DTE;3
402433;-15;-2.308,75;DIT;3
402433;-3;-461,75;DTE;3
402587;2;58,65;DTE;3
402587;2;58,65;DTE;3
402587;-2;-59,39;DTE;3
402587;-2;-59,39;DTE;3
402592;-96;-11.710,84;DIT;3
402592;-72;-8.783,13;DIT;3
402592;-60;-7.319,27;DIT;3
402592;-60;-7.319,27;DIT;3
402675;-1;-342,19;DIT;3
402741;-3;-25,92;DTM;3
402824;-162;-9.406,54;DIT;3
402824;-162;-9.406,54;DIT;3
402824;-144;-8.361,37;DIT;3
402847;-1;-1.084,46;DTM;3
402847;-3;-3.253,39;DTM;3
403121;-1;-8;DTE;3
403121;-1;-8;DTE;3
403121;-3;-24,01;DTE;3
403121;-2;-16,01;DTE;3
403121;-2;-16,01;DTE;3
403121;-2;-16,01;DTE;3
403121;-2;-16,01;DTE;3
403121;-2;-16,01;DTE;3
403121;-2;-16,01;DTE;3
403121;-2;-16,01;DTE;3
403121;-5;-40,02;DTE;3
403121;-1;-8;DTM;3
403121;2;16,01;DTE;3
403121;2;16,01;DTE;3
403121;2;16,01;DTE;3
403121;1;8;DTE;3
403121;1;8;DTE;3
403182;-4;-849,47;DTM;3
403337;-1;-1.034,41;DIT;3
403337;-1;-1.034,41;DIT;3
403337;-1;-1.034,41;DIT;3
403337;-2;-2.068,82;DIT;3
403337;-1;-1.034,41;DIT;3
403676;-3;-453,13;DTE;3
404732;-3;-268,86;DTM;3
404741;-3;-206,61;DTM;3
404741;-3;-206,61;DTE;3
404741;3;206,61;DTE;3
405382;-1;-1.903,46;DIT;3
405539;-44;-834,46;DTE;3
405539;-44;-834,46;DTE;3
405539;44;834,46;DTE;3
405539;-20;-379,3;DTE;3
408995;-6;-157,89;DTM;3
410213;-6;-108;DPC;3
800116;-2;-11,67;DTM;3
800223;-10;-13,1;DTM;3
800344;-1;-29,05;DTE;3
800344;1;28,31;DTE;3
800362;-50;-340,94;DIT;3
800364;-2;-32,15;DTM;3
800364;-1;-16,07;DTM;3
800499;-6;-56,54;DTM;3
800651;-2;-9,7;DTM;3
800654;-6;-909,88;DTM;3
800654;-50;-7.582,32;DIT;3
800654;-20;-3.032,93;DIT;3
800654;-3;-454,94;DTM;3
800717;-3;-212,77;DTM;3
800817;-6;-1.989,77;DTM;3
800817;-6;-1.989,77;DTM;3
800817;-3;-994,89;DTM;3
800822;-3;-68,81;DTM;3
800822;-6;-137,61;DTM;3
800822;-3;-68,81;DTM;3
800852;-30;-601,7;DPC;3
800876;3;66,4;DTE;3
800876;-3;-66,4;DTE;3
800889;-3;-58,99;DTE;3
800889;3;58,99;DTE;3
800894;-100;-617,32;DIT;3
800894;-100;-617,32;DIT;3
800894;-3;-18,52;DTM;3
800959;-10;-1.092,26;DIT;3
800959;-30;-3.276,78;DIT;3
801010;-3;-17,47;DTE;3
801010;3;17,47;DTE;3
801064;-6;-14,86;DTE;3
801064;-6;-14,86;DTM;3
801114;-100;-583,14;DIT;3
801199;-2;-15,06;DTM;3
801233;3;17,59;DTE;3
801233;-100;-586,44;DIT;3
801233;-50;-293,22;DIT;3
801233;-3;-17,59;DTE;3
801256;-1;-94,81;DTM;3
801303;-100;-587,55;DIT;3
801313;-3;-81,36;DTE;3
801313;-3;-81,36;DTM;3
801313;-3;-81,36;DTM;3
801346;-1;-16,24;DTM;3
801352;-100;-584,84;DIT;3
801826;-6;-34,27;DTM;3
801826;-6;-34,27;DTM;3
801834;-100;-579,29;DIT;3
803344;-3;-276,42;DTM;3
400011;-1;-104,75;DTM;3
400072;-5;-22.431,57;DIT;3
400072;-6;-26.917,88;DIT;3
400072;-2;-8.968,96;DIT;3
400073;-1;-14.018,83;DIT;3
400193;-6;-176,72;DTM;3
400221;-10;-21.522,29;DIT;3
400221;-7;-15.065,60;DIT;3
400224;-3;-4.846,40;DTM;3
400288;-2;-46.613,95;DIT;3
400375;-2;-18,02;DTE;3
400442;-122;-592,67;DTE;3
400442;-80;-388,63;DTE;3
400474;-145;-4.021,38;DTE;3
400496;-5;-189,15;DTE;3
400496;-3;-113,49;DTE;3
400506;-5;-49,32;DTE;3
400506;-5;-49,32;DTE;3
400594;-13;-1.237,40;DTE;3
400683;-2;-3,88;DTE;3
400790;-12;-244,92;DTE;3
400790;-12;-244,92;DTE;3
400813;-8;-13,98;DTE;3
400827;-5;-14,03;DTE;3
400827;-2;-5,61;DTE;3
400827;-11;-30,87;DTE;3
400827;-14;-39,29;DTE;3
400906;-6;-597,25;DTE;3
400937;-120;-12.065,25;DIT;3
400942;-12;-56,16;DTE;3
401438;-1;-11,43;DTE;3
401438;-12;-137,17;DTE;3
401465;-15;-182,22;DTE;3
401465;-9;-109,33;DTE;3
401566;-5;-114,63;DTE;3
401566;-9;-206,33;DTE;3
401576;-9;-208,35;DTE;3
401608;-3;-151,26;DTE;3
401620;-12;-34,93;DTE;3
401685;-2;-821,74;DIT;3
401711;-9;-199,45;DTM;3
401711;-6;-132,96;DTM;3
401711;-6;-132,96;DTM;3
401711;-6;-132,96;DTM;3
401711;-9;-199,45;DTM;3
401711;-9;-199,45;DTM;3
401711;-6;-132,96;DTM;3
401834;-3;-34,5;DTE;3
401937;-6;-24,54;DTE;3
401959;-50;-9.278,41;DIT;3
402065;-7;-110,27;DTE;3
402127;-19;-83,61;DTE;3
402152;-12;-768,69;DTE;3
402307;-25;-1.793,25;DTE;3
402312;-13;-146,73;DTE;3
402312;-10;-112,87;DTE;3
402312;-2;-22,57;DTE;3
402318;-145;-6.822,03;DTE;3
402331;-7;-289,59;DTE;3
402331;-8;-330,96;DTE;3
402433;-3;-461,75;DTE;3
402587;-1;-29,7;DTM;3
402675;-1;-342,19;DIT;3
403121;-6;-48,02;DTE;3
403182;-8;-1.698,93;DTE;3
403323;-30;-93,36;DTE;3
403602;-92;-114,88;DTE;3
403602;-134;-167,33;DTE;3
404084;-4;-84,19;DTE;3
405382;-1;-1.903,46;DIT;3
405539;-24;-455,16;DTE;3
407094;-8;-562,64;DTE;3
407094;-8;-562,64;DTE;3
407096;-20;-4.314,57;DTE;3
407096;-16;-3.451,66;DTE;3
410200;-14;-245;DTE;3
800223;-2;-2,63;DTM;3
800223;-11;-14,45;DTM;3
800445;-3;-19,35;DTM;3
800499;-4;-37,69;DTM;3
800541;-6;-11,14;DTM;3
800654;-3;-454,94;DTM;3
800817;-3;-994,89;DTM;3
800817;-3;-994,89;DTM;3
800922;-1;-22,36;DTM;3
801064;-4;-9,9;DTM;3
801081;-6;-155,57;DTM;3
801087;-6;-70,79;DTM;3
801164;-3;-77,11;DTM;3
801186;-3;-45,92;DTM;3
801215;-6;-62,87;DTM;3
801215;-2;-20,96;DTM;3
801215;-3;-31,44;DTM;3
801215;-1;-10,48;DTM;3
801215;-3;-31,44;DTM;3
801215;-3;-31,44;DTM;3
801215;-1;-10,48;DTM;3
801215;-1;-10,48;DTM;3
801225;-3;-87,92;DTM;3
801313;-3;-81,36;DTM;3
801826;-3;-17,14;DTM;3
804017;-1;-676,12;DPM;3
804133;-20;-1.000,00;DTM;3
804421;-3;-77;DTM;3
805262;-565;-27.185,53;DTM;3
805459;-3;-494,16;DTM;3
805459;-3;-494,16;DTM;3
110559;-1;-216,67;DRI;3
120007;-2;-64,15;DRI;3
120042;-1;-876,09;DRI;3
120050;-1;-106,47;DRI;3
120100;-5;-74,5;DRI;3
120107;-1;-106,48;DRI;3
120110;-1;-106,48;DRI;3
120114;-2;-53,97;DRI;3
120136;-3;-320,78;DRI;3
120167;-1;-106,47;DRI;3
120170;-2;-102,8;DRI;3
120182;-4;-632,82;DRI;3
120255;-1;-106,48;DRI;3
120260;-1;-158,87;DRI;3
120297;-1;-8,59;DRI;3
120332;-1;-159,09;DRI;3
120334;-2;-318,17;DRI;3
120343;-1;-158,87;DRI;3
120366;-3;-345,33;DRI;3
400011;-10;-1.047,51;DIT;3
400011;-2;-209,5;DTE;3
400072;-5;-22.431,57;DIT;3
400073;-1;-14.163,97;DIT;3
400140;-40;-301,79;DIT;3
400140;-4;-30,18;DTM;3
400140;-4;-30,18;DTM;3
400140;-8;-60,36;DTM;3
400192;-30;-435,22;DIT;3
400193;-3;-88,36;DTM;3
400221;-5;-10.761,14;DIT;3
400224;-1;-1.615,47;DTM;3
400224;-1;-1.615,47;DTM;3
400224;-1;-1.615,47;DTM;3
400243;-1;-36.641,32;DIT;3
400243;-1;-36.641,32;DTM;3
400243;-1;-36.641,32;DTM;3
400288;-1;-23.306,97;DIT;3
400288;-1;-23.306,97;DTM;3
400288;-1;-23.306,97;DTM;3
400344;-7;-263,66;DTE;3
400344;-1;-37,67;DTE;3
400344;-1;-37,67;DTE;3
400366;-12;-69,23;DTM;3
400373;-6;-4,7;DTE;3
400474;-147;-4.076,84;DTE;3
400474;-37;-1.026,14;DTE;3
400474;-610;-16.917,52;DIT;3
400474;-215;-5.962,73;DTE;3
400484;-1;-15,99;DTE;3
400484;-1;-15,99;DTE;3
400484;-7;-111,95;DTE;3
400506;-5;-49,32;DTE;3
400506;-5;-49,32;DTE;3
400594;-9;-856,66;DTE;3
400594;-13;-1.237,40;DTE;3
400594;-16;-1.522,95;DTE;3
400594;-13;-1.237,40;DTE;3
400603;-125;-3.540,38;DTM;3
400655;-15;-641,76;DTM;3
400673;-3;-4,16;DTM;3
400673;-18;-24,98;DTM;3
400673;-7;-9,71;DTM;3
400683;-4;-7,76;DTE;3
400683;-2;-3,88;DTE;3
400708;-12;-71,93;DTE;3
400730;-150;-2.871,03;DTM;3
400730;-300;-5.742,06;DTM;3
400730;-360;-6.890,47;DTM;3
400730;-540;-10.335,71;DTM;3
400790;-6;-122,46;DTE;3
400790;-14;-285,74;DTE;3
400790;-12;-244,92;DTE;3
400806;-30;-199,39;DIT;3
400813;-8;-13,98;DTE;3
400813;-3;-5,24;DTE;3
400813;-15;-26,21;DTM;3
400813;-2;-3,49;DTM;3
400813;-10;-17,47;DTM;3
400813;-8;-13,98;DTE;3
400813;-8;-13,98;DTE;3
400813;-2;-3,49;DTM;3
400813;-6;-10,48;DTM;3
400813;-6;-10,48;DTM;3
400813;-200;-349,42;DIT;3
400813;-6;-10,48;DTM;3
400906;-6;-597,25;DTE;3
400906;-7;-696,79;DTE;3
400906;-3;-298,62;DTE;3
400906;-4;-398,16;DTM;3
400930;-4;-9,78;DTE;3
400930;-4;-9,78;DTE;3
400942;-20;-93,6;DTE;3
400942;-9;-42,12;DTE;3
400942;-4;-18,72;DTE;3
400955;-2;-8,42;DTE;3
400974;-4;-5,58;DTE;3
400974;-4;-5,58;DTE;3
401056;-30;-172,43;DIT;3
401108;-4;-12,1;DTM;3
401116;-20;-726,34;DIT;3
401116;-15;-544,76;DTM;3
401116;-6;-217,9;DTM;3
401117;-4;-49,16;DTE;3
401117;-4;-49,16;DTM;3
401117;-20;-245,79;DIT;3
401117;-4;-49,16;DTE;3
401117;-8;-98,32;DTM;3
401131;-21;-269,96;DTE;3
401131;-7;-89,99;DTE;3
401131;-21;-269,96;DTE;3
401193;-1;-7.079,88;DTM;3
401239;-4;-95,38;DTM;3
401239;-2;-47,69;DTE;3
401239;-3;-71,54;DTE;3
401264;-3;-79,72;DTM;3
401296;-1;-2.192,11;DTE;3
401296;-1;-2.192,11;DTE;3
401324;-4;-46.480,69;DIT;3
401360;-2;-3.288,27;DTM;3
401360;-5;-8.220,67;DIT;3
401360;-1;-1.644,13;DTM;3
401396;-12;-112,48;DTM;3
401435;-30;-172,3;DIT;3
401438;-2;-22,86;DTM;3
401438;-4;-45,72;DTE;3
401438;-2;-22,86;DTE;3
401451;-3;-70,94;DTM;3
401465;-12;-145,78;DTE;3
401465;-21;-255,11;DTE;3
401465;-9;-109,33;DTE;3
401471;-3;-95,19;DTE;3
401485;-2;-285,91;DTE;3
401500;-3;-34,04;DTM;3
401566;-6;-137,55;DTE;3
401566;-10;-229,26;DTE;3
401566;-10;-229,26;DTE;3
401568;-3;-3,71;DTE;3
401576;-3;-69,45;DTM;3
401576;-3;-69,45;DTE;3
401576;-2;-46,3;DTE;3
401608;-3;-151,26;DTE;3
401608;-3;-151,26;DTE;3
401608;-3;-151,26;DTE;3
401632;-1.000;-2.283,13;DPM;3
401632;-500;-1.141,56;DPM;3
401711;-20;-443,21;DIT;3
401711;-3;-66,48;DTM;3
401786;-200;-2.840,75;DIT;3
401803;-3;-47,04;DTE;3
401803;-5;-78,39;DTE;3
401803;-1;-15,68;DTE;3
401834;-50;-575;DIT;3
401864;-6;-20,97;DTM;3
401870;-6;-6,1;DTE;3
401910;-20;-231,89;DIT;3
401937;-9;-36,81;DTE;3
401937;-10;-40,9;DTE;3
401937;-14;-57,26;DTE;3
401937;-2;-8,18;DTM;3
401959;-2;-371,15;DTE;3
401959;-2;-371,15;DTE;3
402026;-1;-24,51;DTM;3
402026;-2;-49,02;DTE;3
402026;-3;-73,52;DTM;3
402041;-100;-97,47;DIT;3
402041;-300;-292,4;DIT;3
402065;-2;-31,51;DTM;3
402081;-6;-584,19;DTM;3
402081;-6;-584,19;DTM;3
402081;-6;-584,19;DTM;3
402085;-1;-6,45;DTM;3
402105;-12;-551,07;DTM;3
402105;-4;-183,69;DTM;3
402106;-1;-78,89;DTE;3
402106;-5;-394,46;DIT;3
402106;-1;-78,89;DTM;3
402127;-2;-8,8;DTM;3
402127;-8;-35,21;DTM;3
402127;-4;-17,6;DTM;3
402127;-24;-105,62;DTE;3
402127;-19;-83,61;DTE;3
402127;-6;-26,4;DTE;3
402152;-12;-768,69;DTE;3
402152;-6;-384,35;DTE;3
402152;-12;-768,69;DTE;3
402152;-10;-640,58;DTE;3
402247;-1;-19,05;DTE;3
402247;-1;-19,05;DTE;3
402247;-5;-95,25;DTE;3
402265;-30;-171,91;DIT;3
402296;-15;-182,46;DTM;3
402307;-25;-1.793,25;DTE;3
402307;-25;-1.793,25;DTE;3
402307;-68;-4.877,64;DTE;3
402307;-1;-71,73;DTE;3
402307;-1;-71,73;DTE;3
402312;-24;-270,88;DTE;3
402312;-19;-214,44;DTE;3
402312;-30;-338,6;DTE;3
402318;-447;-21.030,67;DTE;3
402318;-148;-6.963,18;DTE;3
402318;-124;-5.834,01;DTE;3
402318;-149;-7.010,22;DTE;3
402331;-12;-496,44;DTE;3
402331;-25;-1.034,25;DTE;3
402331;-5;-206,85;DTE;3
402373;-20;-249,24;DIT;3
402401;-9;-235,06;DTE;3
402404;-9;-81,71;DTM;3
402433;-3;-461,75;DTM;3
402433;-30;-4.617,50;DIT;3
402433;-15;-2.308,75;DIT;3
402433;-3;-461,75;DTE;3
402433;-3;-461,75;DTE;3
402587;-1;-29,7;DTM;3
402587;-10;-296,96;DIT;3
402650;-1;-1.449,17;DTE;3
402650;-1;-1.449,17;DTE;3
402660;-30;-175,1;DIT;3
402733;-30;-175,5;DIT;3
402741;-3;-25,92;DTE;3
403121;-10;-80,03;DTE;3
403121;-5;-40,02;DTE;3
403121;-18;-144,06;DTE;3
403121;-1;-8;DTM;3
403323;-51;-158,7;DTE;3
403323;-90;-280,07;DTE;3
403323;-36;-112,03;DTE;3
403323;-27;-84,02;DTE;3
403602;-104;-129,87;DTE;3
403602;-368;-459,54;DTE;3
403602;-186;-232,27;DTE;3
403852;-350;-22.560,59;DPC;3
403875;-15;-1.619,60;DIT;3
404071;-6;-987,41;DTE;3
404732;-9;-808,3;DTM;3
404732;-4;-359,24;DTM;3
404732;-12;-1.077,73;DTM;3
404732;-8;-718,49;DTM;3
405473;-6;-804,01;DTM;3
405473;-6;-804,01;DTM;3
405473;-6;-804,01;DTM;3
405473;-70;-9.380,07;DIT;3
405539;-60;-1.137,90;DTE;3
405539;-34;-644,81;DTE;3
405539;-18;-341,37;DTE;3
407094;-8;-562,64;DTE;3
407094;-8;-562,64;DTE;3
407094;-8;-562,64;DTE;3
407096;-30;-6.471,85;DTE;3
407096;-16;-3.451,66;DTE;3
407096;-64;-13.806,62;DTE;3
407096;-1;-215,73;DTE;3
407336;-200;-1.629,37;DIT;3
408994;-9;-229,49;DTE;3
408995;-8;-210,51;DTM;3
409696;-85;-4.206,92;DTM;3
409696;-210;-10.393,56;DTM;3
409696;-240;-11.878,36;DTM;3
409696;-1,5;-74,24;DTM;3
800021;-30;-2.019,39;DIT;3
800054;-40;-779,92;DIT;3
800054;-200;-3.899,58;DPM;3
800105;-20;-737,39;DIT;3
800108;-2;-8,78;DTM;3
800116;-2;-11,67;DTM;3
800158;-4;-6,96;DTM;3
800158;-5;-8,69;DTM;3
800158;-10;-17,39;DTM;3
800158;-10;-17,39;DTM;3
800158;-10;-17,39;DTM;3
800158;-10;-17,39;DTM;3
800158;-1.085;-1.886,55;DPM;3
800163;-250;-6.933,80;DIT;3
800223;-10;-13,13;DTM;3
800223;-10;-13,13;DTM;3
800223;-6;-7,88;DTM;3
800345;-20;-374,19;DIT;3
800364;-2;-32,15;DTM;3
800435;-1;-14,82;DTM;3
800499;-4;-37,69;DTM;3
800499;-150;-1.413,44;DIT;3
800499;-4;-37,69;DTM;3
800499;-50;-471,15;DIT;3
800499;-4;-37,69;DTM;3
800499;-100;-942,29;DIT;3
800515;-20;-752,26;DIT;3
800515;-50;-1.880,64;DIT;3
800515;-25;-940,32;DIT;3
800541;-4;-7,43;DTM;3
800541;-4;-7,43;DTM;3
800541;-104;-193,09;DIT;3
800654;-30;-4.549,39;DIT;3
800654;-3;-454,94;DTM;3
800654;-3;-454,94;DTM;3
800654;-20;-3.032,93;DIT;3
800654;-3;-454,94;DTM;3
800654;-6;-909,88;DTM;3
800682;-250;-7.099,03;DIT;3
800817;-6;-1.989,77;DTM;3
800817;-3;-994,89;DTM;3
800817;-3;-994,89;DTM;3
800817;-3;-994,89;DTM;3
800817;-30;-9.948,86;DIT;3
800817;-15;-4.974,43;DIT;3
800817;-3;-994,89;DTM;3
800817;-20;-6.632,57;DIT;3
800822;-3;-68,81;DTM;3
800822;-3;-68,81;DTM;3
800822;-100;-2.293,58;DIT;3
800822;-6;-137,61;DTM;3
800872;-20;-1.000,96;DIT;3
800922;-3;-67,08;DTM;3
800922;-2;-44,72;DTM;3
800922;-20;-447,23;DIT;3
800922;-50;-1.118,08;DIT;3
800922;-50;-1.118,08;DIT;3
800963;-50;-1.007,80;DIT;3
801064;-4;-9,9;DTM;3
801064;-150;-371,42;DIT;3
801064;-200;-495,23;DIT;3
801064;-100;-247,61;DIT;3
801079;-250;-7.232,58;DIT;3
801081;-25;-648,2;DIT;3
801087;-25;-294,96;DIT;3
801178;-602;-8.276,78;DPM;3
801178;-40;-549,95;DIT;3
801186;-20;-306,11;DIT;3
801215;-3;-31,44;DTM;3
801215;-2;-20,96;DTM;3
801274;-10;-48,9;DTM;3
801303;-3;-17,63;DTM;3
801311;-100;-3.017,99;DIT;3
801313;-150;-4.067,75;DIT;3
801313;-6;-162,71;DTM;3
801313;-100;-2.711,84;DIT;3
801346;-2;-32,49;DTM;3
801400;-20;-1.993,12;DIT;3
801826;-3;-17,14;DTM;3
801826;-3;-17,14;DTM;3
801826;-30;-171,36;DIT;3
802249;-100;-21.867,02;DIT;3
802249;-40;-8.746,81;DIT;3
803368;-6;-176,92;DTM;3
804050;-160;-2.592,00;DPM;3
804421;-250;-6.416,60;DIT;3
804421;-50;-1.283,32;DIT;3
804881;-119;-868,8;DPM;3
804882;-21;-514,08;DPM;3
805459;-3;-494,16;DTM;3
805459;-3;-494,16;DTM;3
120065;-1;-19,57;DPM;3
120141;-1;-158,87;DPM;3
120261;-1;-158,87;DPC;3
400072;-3;-13.458,94;DIT;3
400111;-1;-3,49;DTE;3
400221;-1;-2.152,23;DIT;3
400375;-14;-126,45;DTE;3
400375;-14;-126,45;DTE;3
400375;-6;-54,19;DTE;3
400375;-4;-36,13;DTE;3
400375;-10;-90,32;DTE;3
400496;-1;-36,69;DTE;3
400594;-12;-1.142,21;DTE;3
400683;-6;-11,64;DTE;3
400790;-8;-163,28;DTE;3
400813;-3;-5,24;DTE;3
400827;-20;-55,98;DTE;3
400906;-4;-398,16;DTE;3
400930;-6;-14,62;DTE;3
400937;-320;-32.174,01;DCR;3
400937;120;12.065,25;DIT;3
400937;-120;-12.065,25;DIT;3
400942;-14;-65,52;DTE;3
400972;-12;-304,27;DIT;3
401117;-6;-73,74;DTE;3
401131;-2;-25,71;DTE;3
401131;-8;-102,84;DTE;3
401239;-4;-95,38;DTE;3
401296;-2;-4.384,21;DTM;3
401360;-7;-11.508,94;DIT;3
401360;-5;-8.220,67;DIT;3
401375;-2;-371,89;DTE;3
401438;-12;-137,17;DTE;3
401465;-19;-230,81;DTE;3
401566;-15;-343,89;DTE;3
401576;-2;-46,3;DTE;3
401608;-3;-151,26;DTE;3
401735;-3;-1.225,92;DIT;3
401763;-12;-450,83;DIT;3
401773;-1.000;-1.075,54;DCR;3
401786;-106;-1.505,60;DTE;3
401803;-6;-94,07;DIT;3
401834;-5;-57,5;DTE;3
401892;-3;-81,94;DTE;3
401892;-1;-27,31;DTE;3
401937;-14;-57,26;DTE;3
402027;-1.000;-1.286,77;DCR;3
402111;-100;-540,29;DIT;3
402123;-50;-293,21;DIT;3
402127;-27;-118,82;DTE;3
402152;-12;-768,69;DTE;3
402202;-2;-81,57;DTE;3
402307;-24;-1.721,52;DTE;3
402312;-24;-270,88;DTE;3
402318;-180;-8.468,73;DTE;3
402324;-2;-13,3;DTE;3
402331;-7;-289,59;DTE;3
402592;-120;-14.638,55;DIT;3
402592;120;14.638,55;DIT;3
402675;-1;-342,19;DIT;3
402733;-150;-877,48;DIT;3
402741;-100;-864,02;DIT;3
402824;-200;-11.613,01;DCR;3
403077;-100;-54.617,60;DCR;3
403113;-400;-3.120,00;DCR;3
403121;-8;-64,03;DTE;3
403209;-70;-404,1;DCR;3
403337;-1;-1.034,41;DIT;3
403337;-10;-10.344,08;DCR;3
403572;-70;-262,52;DCR;3
403594;-200;-2.008,25;DCR;3
403602;-163;-203,55;DTE;3
403641;-100;-1.031,74;DCR;3
403682;-800;-679,98;DCR;3
403804;-5;-40,61;DTE;3
403804;-10;-81,23;DTE;3
403838;-120;-368,12;DCR;3
404052;-6;-89,02;DIT;3
404054;-2;-100,58;DIT;3
405382;-1;-1.903,46;DIT;3
405473;-10;-1.340,01;DTE;3
405539;-30;-568,95;DTE;3
407094;-8;-562,64;DTE;3
407096;-23;-4.961,76;DTE;3
407097;-2;-413,59;DTE;3
408349;-6;-523,56;DIT;3
409376;-80;-5.064,84;DCR;3
800108;-6;-26,33;DTM;3
800116;-5;-29,18;DTM;3
800223;-22;-28,89;DTM;3
800266;-1;-15,8;DTM;3
800435;-1;-14,82;DTM;3
800499;-10;-94,23;DTM;3
800541;-10;-18,57;DTM;3
800654;-3;-454,94;DTM;3
800654;-3;-454,94;DTM;3
800817;-3;-994,89;DTM;3
800817;-6;-1.989,77;DTM;3
800817;-3;-994,89;DTM;3
800817;-3;-994,89;DTM;3
800817;-3;-994,89;DTM;3
800817;-3;-994,89;DTM;3
800817;-3;-994,89;DTM;3
800817;-3;-994,89;DTM;3
800817;-3;-994,89;DTM;3
800822;-3;-68,81;DTM;3
800822;-3;-68,81;DTM;3
800824;-100;-776,52;DIT;3
800889;-6;-117,98;DTM;3
800889;-30;-589,89;DIT;3
800922;-2;-44,72;DTM;3
801011;-3;-55,57;DTM;3
801087;-6;-70,79;DTM;3
801125;-3;-103,11;DTM;3
801186;-3;-45,92;DTM;3
801215;-3;-31,44;DTM;3
801233;-50;-293,22;DIT;3
801313;-6;-162,71;DTM;3
801346;-2;-32,49;DTM;3
801352;-100;-584,84;DIT;3
801826;-3;-17,14;DTM;3
801826;-3;-17,14;DTM;3
801826;-3;-17,14;DTM;3
803368;-2;-58,97;DTM;3
805459;-3;-494,16;DTM;3
120107;-1;-106,48;DTM;3
120170;-1;-51,4;DTM;3
120182;-2;-316,41;DTM;3
120255;-1;-106,48;DTM;3
120261;-2;-317,73;DTM;3
120335;-1;-159,09;DTM;3
120344;-1;-158,87;DTM;3
400011;-2;-209,5;DTM;3
400072;-3;-13.458,94;DIT;3
400130;-2;-5,97;DTM;3
400140;-4;-30,18;DTM;3
400140;-4;-30,18;DTM;3
400140;-4;-30,18;DTM;3
400221;-5;-10.761,14;DIT;3
400221;-5;-10.761,14;DIT;3
400366;-2;-11,54;DTM;3
400474;-201;-5.574,46;DTE;3
400474;-67;-1.858,15;DTE;3
400474;-7;-194,14;DTE;3
400673;-10;-13,88;DTM;3
400673;-12;-16,66;DTM;3
400673;-5;-6,94;DTM;3
400813;-5;-8,74;DTE;3
400906;-20;-1.990,82;DIT;3
400906;-1;-99,54;DTM;3
400906;-1;-99,54;DTM;3
400906;-4;-398,16;DTM;3
400930;-2;-4,87;DTM;3
400930;-4;-9,75;DTM;3
400930;-2;-4,87;DTM;3
400930;-4;-9,75;DTM;3
400930;-8;-19,5;DTM;3
400937;-144;-14.478,31;DIT;3
400955;-4;-16,84;DTM;3
400974;-2;-2,79;DTM;3
400974;-6;-8,36;DTM;3
400974;-4;-5,58;DTM;3
401108;-3;-9,08;DTM;3
401117;-4;-49,16;DTM;3
401117;-4;-49,16;DTM;3
401117;-2;-24,58;DTM;3
401131;-6;-77,13;DTE;3
401239;-3;-71,54;DTM;3
401239;-2;-47,69;DTM;3
401264;-3;-79,72;DTM;3
401264;-6;-159,45;DTM;3
401296;-1;-2.192,11;DTM;3
401360;-1;-1.644,13;DIT;3
401360;-5;-8.220,67;DIT;3
401451;-3;-70,94;DTM;3
401485;-1;-142,94;DTE;3
401576;-2;-46,3;DTM;3
401632;-500;-1.141,56;DPM;3
401632;-400;-913,25;DPM;3
401632;-500;-1.133,30;DPC;3
401655;-2;-24,68;DTM;3
401711;-3;-66,48;DTM;3
401711;-3;-66,48;DTM;3
401711;-6;-132,96;DTM;3
401711;-3;-66,48;DTM;3
401711;-2;-44,32;DTM;3
401711;-3;-66,48;DTM;3
401791;-1.000;-4.443,25;DIT;3
401937;-2;-8,18;DTE;3
401959;-3;-556,7;DTE;3
401959;-50;-9.278,30;DIT;3
401959;-50;-9.278,30;DIT;3
401959;-100;-18.556,60;DIT;3
402026;-1;-24,51;DTM;3
402027;-4.217;-5.426,30;DPC;3
402105;-8;-367,38;DTM;3
402287;-104;-1.131,40;DPC;3
402307;-2.376;-170.430,47;DPC;3
402312;-3;-33,86;DTE;3
402324;-2;-13,3;DTM;3
402331;-1;-41,37;DTE;3
402401;-3;-78,35;DTE;3
402433;-3;-461,75;DTM;3
402448;-3;-84,51;DTM;3
402592;-108;-13.174,69;DIT;3
402689;-1;-63,32;DTM;3
402720;-1;-11,26;DTM;3
402824;-108;-6.271,02;DIT;3
403113;-24;-187,2;DIT;3
403209;-260;-1.500,93;DPC;3
403337;-1;-1.034,41;DIT;3
403390;-802;-6.942,33;DPC;3
403425;-3;-82.338,09;DIT;3
403499;-17.199;-3.168,36;DPC;3
403580;-600;-9.418,09;DPC;3
403594;-705;-7.079,10;DPC;3
403602;-9.971;-12.451,26;DPC;3
403602;-10;-12,49;DTE;3
403641;-255;-2.630,94;DPC;3
403642;-14.608;-223.061,68;DPC;3
403647;-8;-163,92;DPC;3
403675;-1.023;-12.121,52;DPC;3
403682;-6.865;-5.835,06;DPC;3
403804;-2;-16,25;DTE;3
403838;-918;-2.816,15;DPC;3
404972;-3;-1.459,31;DIT;3
405382;-1;-1.903,46;DIT;3
405473;-9;-1.206,01;DTE;3
405487;-4.958;-3.680,63;DPC;3
405491;-3.092;-3.030,16;DPC;3
407094;-141;-9.916,47;DPC;3
407096;-405;-87.370,04;DPC;3
407096;-2;-431,46;DTE;3
407126;-65;-1.481,46;DPC;3
408994;-3;-76,51;DTE;3
409376;-180;-11.395,89;DPC;3
410041;-15.933;-6.851,19;DPC;3
800108;-6;-26,33;DTM;3
800108;-1;-4,39;DTM;3
800116;-6;-35,02;DTM;3
800158;-3;-5,22;DTE;3
800163;-82;-2.274,29;DIT;3
800223;-14;-18,39;DTM;3
800223;-28;-36,78;DTM;3
800266;-4;-63,21;DTM;3
800364;-4;-64,29;DTM;3
800435;-1;-14,82;DTM;3
800435;-1;-14,82;DTM;3
800499;-12;-113,07;DTM;3
800499;-8;-75,38;DTM;3
800541;-12;-22,28;DTM;3
800541;-10;-18,57;DTM;3
800541;-4;-7,43;DTM;3
800654;-3;-454,94;DTM;3
800654;-6;-909,88;DTM;3
800654;-3;-454,94;DTM;3
800682;-156;-4.429,80;DIT;3
800717;-3;-212,77;DTM;3
800717;-3;-212,77;DTM;3
800817;-3;-994,89;DTM;3
800817;-3;-994,89;DTM;3
800822;-6;-137,61;DTM;3
800822;-3;-68,81;DTM;3
800876;-3;-66,41;DTM;3
800884;-3;-37,89;DTM;3
800894;-3;-18,52;DTM;3
800922;-2;-44,72;DTM;3
800922;-2;-44,72;DTM;3
800922;-2;-44,72;DTM;3
800991;-6;-997,24;DTM;3
801010;-3;-17,47;DTM;3
801064;-8;-19,81;DTM;3
801064;-8;-19,81;DTM;3
801064;-10;-24,76;DTM;3
801064;-4;-9,9;DTM;3
801064;-12;-29,71;DTM;3
801064;-12;-29,71;DTM;3
801064;-6;-14,86;DTM;3
801077;-2;-23,5;DTM;3
801087;-6;-70,79;DTM;3
801186;-2;-30,61;DTM;3
801313;-6;-162,71;DTM;3
801346;-1;-16,24;DTM;3
801346;-2;-32,49;DTM;3
801352;-3;-17,55;DTM;3
802180;-4;-83,24;DTM;3
804422;-12;-315,77;DIT;3
120007;-1;-32,08;DIC;3
120092;-1;-18,19;DIC;3
120100;-1;-14,9;DIC;3
120107;-1;-106,48;DIC;3
120110;-1;-106,47;DAP;3
120170;-1;-51,4;DRI;3
120332;-1;-159,09;DIC;3
400011;-2;-209,5;DTM;3
400011;-2;-209,5;DTM;3
400011;-1;-104,75;DTM;3
400011;-4;-419;DTE;3
400072;-5;-22.435,10;DIT;3
400072;-3;-13.461,06;DIT;3
400072;-1;-4.487,02;DIT;3
400073;-1;-12.322,42;DTE;3
400122;-3;-6,1;DTM;3
400140;-83;-626,21;DIT;3
400140;-16;-120,71;DTM;3
400140;-11;-82,99;DTM;3
400140;-1;-7,54;DTE;3
400140;-4;-30,18;DTE;3
400140;-24;-181,07;DTM;3
400140;-8;-60,36;DTM;3
400140;-80;-603,57;DIT;3
400140;-8;-60,36;DTM;3
400140;-4;-30,18;DTE;3
400140;-4;-30,18;DTM;3
400142;-3;-212,5;DTE;3
400142;-3;-212,5;DTE;3
400142;-1;-70,83;DTE;3
400193;-21;-618,48;DIT;3
400193;-3;-88,35;DTE;3
400193;-12;-353,42;DTE;3
400288;-1;-12.568,92;DTM;3
400292;-9;-3.677,77;DIT;3
400359;-18;-446,16;DTE;3
400359;-7;-173,51;DTE;3
400359;-57;-1.412,86;DTE;3
400359;-42;-1.041,05;DTE;3
400359;-62;-1.536,79;DTE;3
400443;-413;-2.831,29;DTE;3
400443;-176;-1.206,55;DTE;3
400443;-202;-1.384,79;DTE;3
400443;-123;-843,22;DTE;3
400474;-610;-16.917,52;DIT;3
400496;-1;-36,69;DTE;3
400512;-3;-44,61;DTE;3
400518;-1;-9,43;DTE;3
400532;-1;-2,65;DTE;3
400543;-3;-35,69;DTE;3
400594;-3;-285,55;DTE;3
400655;-8;-342,27;DTM;3
400655;-8;-342,27;DTM;3
400655;-21;-898,46;DTE;3
400665;-12;-284,2;DTE;3
400665;-12;-284,2;DTE;3
400665;-9;-213,15;DTE;3
400665;-3;-71,05;DTE;3
400665;-6;-142,1;DTE;3
400665;-6;-142,1;DTE;3
400665;-6;-142,1;DTM;3
400708;-15;-89,91;DTE;3
400730;-252;-4.823,33;DTE;3
400730;-40;-765,61;DTE;3
400730;-992;-18.987,08;DTE;3
400730;-12;-229,68;DTM;3
400758;-9;-4.248,02;DTE;3
400758;-3;-1.416,01;DTE;3
400758;-3;-1.416,01;DTE;3
400758;-5;-2.360,01;DIT;3
400790;-2;-40,81;DTE;3
400809;-6;-9,76;DTE;3
400809;-4;-6,51;DTE;3
400813;-3;-5,24;DTE;3
400813;-8;-13,98;DTE;3
400813;-16;-27,95;DTE;3
400813;-2;-3,49;DTE;3
400821;-3;-41,35;DTM;3
400827;-30;-83,76;DTE;3
400906;-1;-99,54;DTM;3
400906;-5;-497,7;DTM;3
400906;-1;-99,54;DTE;3
400906;-4;-398,16;DTM;3
400906;-1;-99,54;DTM;3
400906;-4;-398,16;DTM;3
400906;-30;-2.986,21;DTE;3
400906;-1;-99,54;DTE;3
400906;-1;-99,54;DTE;3
400906;-4;-398,16;DTE;3
400906;-10;-995,4;DIT;3
400930;-4;-9,75;DTM;3
400930;-4;-9,75;DTE;3
400930;-18;-43,87;DTE;3
400930;-4;-9,75;DTE;3
400930;-8;-19,5;DTE;3
400930;-4;-9,75;DTM;3
400930;-46;-112,1;DIT;3
400942;-3;-14,04;DTE;3
400942;-4;-18,72;DTE;3
400942;-1;-4,68;DTE;3
400942;-3;-14,04;DTE;3
400942;-2;-9,36;DTM;3
400951;-6;-154,58;DTE;3
400955;-3;-12,63;DTE;3
400955;-6;-25,26;DTE;3
400955;-24;-101,02;DTE;3
400955;-8;-33,67;DTE;3
400974;-24;-33,45;DTE;3
400974;-6;-8,36;DTE;3
400974;-6;-8,36;DTM;3
400974;-4;-5,58;DTM;3
400974;-38;-52,97;DIT;3
400995;-1;-2.054,63;DTM;3
401056;-3;-17,24;DTE;3
401056;-3;-17,24;DTE;3
401056;-20;-114,95;DIT;3
401088;-6;-13,1;DIT;3
401105;-6;-19,25;DTM;3
401108;-15;-45,38;DIT;3
401116;-9;-327,55;DTE;3
401116;-24;-873,46;DIT;3
401116;-21;-764,28;DTE;3
401117;-6;-73,74;DTE;3
401117;-18;-221,21;DTE;3
401117;-4;-49,16;DTE;3
401117;-46;-565,32;DIT;3
401117;-4;-49,16;DTE;3
401117;-4;-49,16;DTM;3
401117;-4;-49,16;DTM;3
401117;-8;-98,32;DTM;3
401131;-7;-89,99;DTE;3
401239;-1;-23,85;DTE;3
401239;-3;-71,54;DTM;3
401239;-6;-143,08;DTM;3
401239;-7;-166,92;DIT;3
401239;-4;-95,38;DTE;3
401239;-1;-23,85;DTE;3
401239;-3;-71,54;DTM;3
401239;-2;-47,69;DTE;3
401264;-30;-797,24;DIT;3
401264;-3;-79,72;DTE;3
401264;-12;-318,89;DTM;3
401372;-2;-22,63;DTE;3
401375;-2;-371,89;DTE;3
401375;-1;-185,95;DTE;3
401375;-1;-185,95;DTE;3
401375;-1;-185,95;DTE;3
401375;-1;-185,95;DTE;3
401485;-1;-142,94;DTE;3
401500;-1;-11,35;DTE;3
401500;-1;-11,35;DTE;3
401505;-6;-587,06;DIT;3
401568;-4;-4,95;DTE;3
401568;-2;-2,48;DTE;3
401576;-3;-69,45;DTE;3
401620;-9;-26,19;DIT;3
401683;-1;-187,82;DTM;3
401686;-40;-476,18;DIT;3
401711;-12;-265,93;DTM;3
401711;-3;-66,5;DTE;3
401711;-12;-265,93;DTM;3
401711;-10;-221,66;DIT;3
401711;-3;-66,5;DTE;3
401733;-57;-101,63;DIT;3
401783;-2;-25,41;DTE;3
401783;-3;-38,11;DIT;3
401783;-1;-12,71;DTE;3
401786;-61;-866,43;DTE;3
401834;-21;-241,5;DIT;3
401834;-2;-23;DTE;3
401834;-2;-23;DTE;3
401857;-3;-984,97;DTE;3
401857;-6;-1.969,93;DTE;3
401857;-2;-656,64;DTE;3
401857;-1;-328,32;DTE;3
401864;-24;-83,86;DIT;3
401864;-6;-20,97;DTM;3
401870;-4;-4,06;DTE;3
401870;-2;-2,03;DTE;3
401870;-2;-2,03;DTE;3
401870;-12;-12,19;DTE;3
401870;-36;-36,58;DTE;3
401870;-6;-6,1;DTE;3
401870;-6;-6,1;DTE;3
401910;-3;-34,78;DTE;3
401910;-10;-115,95;DIT;3
401937;-3;-12,27;DTE;3
401937;-7;-28,63;DTE;3
401992;-3;-1.225,92;DIT;3
402026;-3;-73,52;DTE;3
402026;-4;-98,03;DTE;3
402026;-3;-73,52;DTE;3
402026;-12;-294,1;DTE;3
402026;-1;-24,51;DTE;3
402036;-12;-4,25;DIT;3
402041;-149;-145,28;DIT;3
402065;-2;-31,51;DTE;3
402081;-2;-194,73;DTM;3
402081;-10;-973,64;DTM;3
402105;-6;-275,61;DIT;3
402105;-20;-918,68;DTE;3
402105;-20;-918,68;DTE;3
402105;-70;-3.215,40;DTE;3
402105;-20;-918,68;DTE;3
402105;-20;-918,68;DTE;3
402106;-1;-78,89;DTE;3
402106;-4;-315,57;DTE;3
402106;-2;-157,78;DTE;3
402106;-1;-78,89;DTE;3
402111;-50;-270,15;DIT;3
402111;-3;-16,19;DIT;3
402111;-3;-16,21;DTM;3
402111;-3;-16,21;DTM;3
402123;-50;-293,22;DIT;3
402127;-5;-22;DTE;3
402127;-6;-26,4;DTM;3
402127;-4;-17,6;DTE;3
402127;-1;-4,4;DTM;3
402127;-4;-17,6;DTM;3
402127;-4;-17,6;DTM;3
402127;-4;-17,6;DTE;3
402127;-3;-13,2;DTM;3
402152;-6;-384,35;DTE;3
402185;-3;-123,2;DTE;3
402221;-1;-40,24;DTE;3
402230;-3;-32,62;DTE;3
402247;-5;-95,25;DTE;3
402247;-3;-57,15;DTE;3
402247;-1;-19,05;DTE;3
402247;-1;-19,05;DTE;3
402247;-2;-38,1;DTE;3
402287;-1;-10,88;DTE;3
402287;-83;-902,94;DIT;3
402307;-2;-143,45;DTE;3
402312;-8;-90,29;DTE;3
402324;-3;-20,38;DTE;3
402324;-16;-108,69;DTE;3
402373;-4;-49,85;DTE;3
402373;-1;-12,46;DTE;3
402397;-160;-4.580,90;DIT;3
402404;-3;-27,24;DTE;3
402433;-30;-4.617,50;DIT;3
402433;-6;-923,36;DIT;3
402433;-3;-461,68;DTM;3
402433;-3;-461,68;DTM;3
402433;-12;-1.846,73;DTE;3
402433;-3;-461,68;DTM;3
402433;-1;-153,89;DTM;3
402433;-3;-461,68;DTM;3
402490;-1;-330,86;DTE;3
402587;-3;-89,09;DTE;3
402587;-2;-59,39;DTE;3
402587;-1;-29,7;DTE;3
402587;-3;-89,09;DTE;3
402587;-2;-59,39;DTE;3
402587;-15;-445,44;DIT;3
402675;-4;-1.368,74;DIT;3
402733;-1;-5,85;DTE;3
402741;-3;-25,92;DTM;3
402741;-100;-864,02;DIT;3
402741;-3;-25,92;DTM;3
402824;-20;-1.161,30;DIT;3
402867;-1;-6.603,00;DTM;3
402875;-1;-94,38;DTM;3
403182;-24;-5.096,80;DTE;3
403182;-6;-1.274,20;DTE;3
403182;-12;-2.548,40;DTE;3
403337;-1;-1.034,41;DIT;3
403563;-2;-339,95;DTE;3
403579;-6.037;-233.028,30;DPC;3
403642;-7.099;-108.400,52;DPC;3
403642;-259;-3.954,89;DPC;3
403656;-12.763;-306.802,96;DPC;3
403807;-12;-769,62;DTE;3
404740;-3;-231,12;DTM;3
404740;-3;-231,12;DTE;3
404740;-12;-924,5;DTE;3
404740;-3;-231,12;DTE;3
404741;-3;-206,61;DTE;3
404741;-3;-206,61;DTM;3
404741;-3;-206,61;DTE;3
404741;-6;-413,22;DTE;3
405382;-4;-7.613,85;DIT;3
405382;-2;-3.806,93;DIT;3
405473;-15;-2.010,02;DTE;3
408994;-3;-76,51;DTE;3
408994;-2;-51,01;DTE;3
410177;-74;-157,59;DTE;3
410212;-4;-96,97;DTE;3
410212;-3;-72,73;DTE;3
410212;-7;-169,71;DTE;3
410212;-3;-72,73;DTE;3
410212;-1;-24,24;DTE;3
410212;-1;-24,24;DTE;3
410212;-4;-96,98;DTE;3
800108;-4;-17,55;DTM;3
800116;-5;-29,18;DTM;3
800158;-10;-17,39;DTM;3
800158;-6;-10,43;DTM;3
800158;-4;-6,96;DTM;3
800158;-10;-17,39;DTM;3
800158;-3;-5,22;DTM;3
800158;-3;-5,22;DTM;3
800158;-3;-5,22;DTM;3
800163;-1;-27,74;DTM;3
800223;-11;-14,45;DTM;3
800223;-12;-15,76;DTM;3
800223;-29;-38,09;DTM;3
800223;-22;-28,89;DTM;3
800223;-3;-3,94;DTM;3
800274;-3;-35,55;DTM;3
800274;-3;-35,55;DTM;3
800291;-3;-32,89;DTM;3
800291;-3;-32,89;DTM;3
800364;-2;-32,15;DTM;3
800435;-2;-29,64;DTM;3
800499;-8;-75,38;DTM;3
800499;-10;-94,23;DTM;3
800499;-2;-18,85;DTM;3
800499;-4;-37,69;DTM;3
800499;-4;-37,69;DTM;3
800499;-12;-113,08;DTM;3
800499;-8;-75,38;DTM;3
800541;-6;-11,14;DTM;3
800654;-3;-454,94;DTE;3
800654;-6;-909,88;DIT;3
800654;-3;-454,94;DTM;3
800682;-3;-85,19;DTM;3
800682;-500;-14.198,06;DIT;3
800763;-6;-52,05;DTM;3
800763;-6;-52,05;DTM;3
800817;-3;-994,89;DTM;3
800817;-3;-994,89;DTM;3
800817;-3;-994,89;DTM;3
800817;-3;-994,89;DTM;3
800817;-3;-994,89;DTM;3
800817;-3;-994,89;DTM;3
800817;-3;-994,89;DTM;3
800817;-6;-1.989,77;DTM;3
800817;-6;-1.989,77;DTM;3
800817;-3;-994,89;DTM;3
800817;-9;-2.984,66;DTM;3
800822;-3;-68,81;DTM;3
800822;-6;-137,61;DTM;3
800822;-3;-68,81;DTM;3
800822;-6;-137,61;DTM;3
800906;-3;-30,28;DTM;3
800922;-30;-670,85;DIT;3
800922;-2;-44,72;DTM;3
800981;-30;-146,44;DTM;3
800981;-13;-63,46;DTM;3
800981;-13;-63,46;DTM;3
800981;-15;-73,22;DTM;3
800981;-20;-97,63;DTM;3
800981;-13;-63,46;DTM;3
800981;-13;-63,46;DTM;3
801087;-6;-70,79;DTM;3
801125;-3;-103,11;DTM;3
801125;-3;-103,11;DTM;3
801125;-3;-103,11;DTM;3
801125;-3;-103,11;DTM;3
801186;-3;-45,92;DTM;3
801199;-5;-37,65;DIT;3
801215;-3;-31,45;DTM;3
801215;-1;-10,48;DTM;3
801215;-3;-31,45;DTM;3
801215;-3;-31,45;DTM;3
801215;-3;-31,45;DTM;3
801215;-1;-10,48;DTM;3
801215;-3;-31,45;DTE;3
801215;-1;-10,48;DTM;3
801274;-10;-48,9;DTM;3
801274;-10;-48,9;DTM;3
801274;-10;-48,9;DTM;3
801311;-60;-1.810,79;DIT;3
801313;-9;-244,07;DTM;3
801346;-2;-32,49;DTM;3
801346;-2;-32,49;DTM;3
801826;-3;-17,14;DTM;3
803344;-3;-276,42;DTE;3
120068;-1;-8,41;DAP;3
120092;-1;-18,19;DTE;3
120110;-1;-106,48;DAP;3
120114;-1;-26,98;DIC;3
120188;-1;-8,59;DTE;3
120254;-1;-106,47;DTE;3
120272;-1;-61,3;DTE;3
120284;-1;-18,92;DTE;3
120421;-1;-173,66;DAP;3
400072;-4;-17.815,54;DIT;3
400140;-2;-15,09;DTE;3
400140;-200;-1.508,93;DIT;3
400224;-1;-1.615,44;DTE;3
400288;-1;-12.568,92;DTM;3
400288;-1;-12.568,92;DTM;3
400288;-1;-12.568,92;DTM;3
400288;-1;-12.568,92;DTM;3
400366;-6;-34,64;DTM;3
400366;-6;-34,64;DTM;3
400366;-6;-34,64;DTM;3
400366;-6;-34,64;DTM;3
400373;-2;-1,57;DTE;3
400375;-8;-72,26;DTE;3
400375;-9;-81,29;DTE;3
400443;-223;-1.528,76;DTE;3
400443;-40;-274,22;DTE;3
400474;-118;-3.284,40;DIT;3
400474;-160;-4.453,43;DTE;3
400474;-75;-2.087,54;DTE;3
400484;-3;-47,98;DTM;3
400506;-5;-49,32;DTE;3
400518;-2;-18,86;DTE;3
400588;-3;-171,41;DTM;3
400594;-16;-1.522,95;DTE;3
400594;-12;-1.142,21;DTE;3
400673;-12;-16,66;DTM;3
400673;-16;-22,21;DTM;3
400673;-20;-27,76;DTM;3
400673;-3;-4,16;DTM;3
400673;-2;-2,78;DTM;3
400790;-8;-163,24;DTE;3
400790;-14;-285,68;DTE;3
400813;-600;-1.048,27;DIT;3
400813;-8;-13,98;DTE;3
400813;-3;-5,24;DTE;3
400813;-200;-349,42;DTE;3
400827;-3;-8,34;DTE;3
400827;-27;-75,1;DTE;3
400851;-1;-22,43;DTM;3
400906;-4;-398,16;DTE;3
400906;-7;-696,78;DTE;3
400930;-4;-9,75;DTE;3
400937;-20;-2.010,88;DIT;3
400937;-108;-10.858,73;DIT;3
400937;-20;-2.010,88;DIT;3
400937;-20;-2.010,87;DIT;3
400942;-11;-51,48;DTE;3
400942;-10;-46,8;DTE;3
400955;-2;-8,42;DTE;3
400974;-4;-5,58;DTE;3
400995;-6;-12.327,80;DTE;3
401117;-4;-49,16;DTE;3
401131;-6;-77,13;DTE;3
401131;-10;-128,55;DTE;3
401239;-2;-47,69;DTE;3
401296;-5;-10.960,53;DTE;3
401296;-1;-2.192,11;DTE;3
401296;-1;-2.192,11;DTE;3
401296;-3;-6.576,32;DTE;3
401296;-1;-2.192,11;DTE;3
401324;-1;-11.620,17;DTM;3
401375;-2;-371,89;DTM;3
401403;-2;-20,03;DTE;3
401438;-10;-114,31;DTE;3
401438;-4;-45,72;DTE;3
401465;-18;-218,66;DTE;3
401465;-18;-218,66;DTE;3
401566;-17;-389,74;DTE;3
401566;-10;-229,26;DTE;3
401568;-6;-7,43;DTE;3
401576;-2;-46,3;DTE;3
401608;-3;-151,26;DTE;3
401608;-3;-151,26;DTE;3
401632;-21.700;-47.959,44;DPC;3
401655;-200;-2.468,54;DIT;3
401753;-2;-18,41;DTE;3
401753;-2;-18,41;DTE;3
401773;-300;-322,66;DIT;3
401870;-4;-4,06;DTE;3
401870;-10;-10,16;DTE;3
401888;-3;-91,04;DTE;3
401892;-2;-59,2;DTM;3
401892;-2;-59,2;DTE;3
401937;-8;-32,72;DTE;3
401937;-8;-32,72;DTE;3
401959;-2;-371,13;DTE;3
401981;-30;-53,67;DTM;3
402026;-2;-49,02;DTM;3
402026;-2;-49,02;DTM;3
402027;-300;-386,03;DIT;3
402065;-2;-31,51;DTE;3
402105;-8;-367,47;DTM;3
402105;-12;-551,21;DTM;3
402105;-14;-643,08;DTM;3
402105;-8;-367,47;DTM;3
402105;-12;-551,21;DTM;3
402105;-4;-183,74;DTM;3
402106;-1;-78,89;DTM;3
402106;-2;-157,79;DTM;3
402106;-1;-78,89;DTM;3
402127;-26;-114,42;DTE;3
402127;-33;-145,23;DTE;3
402152;-12;-768,69;DTE;3
402152;-12;-768,69;DTE;3
402287;-2;-21,76;DTE;3
402287;-100;-1.087,88;DIT;3
402287;-7;-76,15;DTM;3
402307;-45;-3.227,64;DIT;3
402307;-61;-4.375,24;DTE;3
402307;-48;-3.442,81;DTE;3
402310;-80;-57,74;DIT;3
402312;-35;-395,03;DTE;3
402312;-32;-361,17;DTE;3
402318;-312;-14.679,13;DTE;3
402318;-148;-6.963,18;DTE;3
402327;-1;-21,73;DTM;3
402331;-8;-330,96;DTE;3
402331;-8;-330,96;DTE;3
402332;-2;-21,21;DTE;3
402397;-5;-143,15;DTE;3
402397;-14;-400,83;DIT;3
402397;-5;-143,15;DTE;3
402404;-6;-54,47;DTM;3
402433;-3;-461,68;DTE;3
402587;-1;-29,7;DTM;3
402592;-50;-6.099,39;DIT;3
402592;-50;-6.099,39;DIT;3
402592;-108;-13.174,69;DIT;3
402660;-1;-5,84;DTM;3
402816;-1;-830,3;DIT;3
402816;-1;-830,3;DIT;3
402824;-144;-8.361,37;DIT;3
402824;-144;-8.361,37;DIT;3
403121;-5;-40,02;DTE;3
403121;-7;-56,02;DTE;3
403121;-7;-56,02;DTE;3
403182;-4;-849,47;DTM;3
403182;-4;-849,47;DTM;3
403209;-300;-1.731,84;DIT;3
403337;-1;-1.034,41;DIT;3
403337;-1;-1.034,41;DIT;3
403337;-1;-1.034,41;DIT;3
403337;-1;-1.034,41;DIT;3
403337;-3;-3.103,22;DIT;3
403337;-1;-1.034,41;DIT;3
403337;-1;-1.034,41;DIT;3
403337;-1;-1.034,41;DIT;3
403337;-1;-1.034,41;DIT;3
403337;-1;-1.034,41;DIT;3
403337;-1;-1.034,41;DIT;3
403337;-1;-1.034,41;DIT;3
403337;-1;-1.034,41;DIT;3
403337;-1;-1.034,41;DIT;3
403337;-1;-1.034,41;DIT;3
403337;-1;-1.034,41;DIT;3
403337;-1;-1.034,41;DIT;3
403337;-1;-1.034,41;DIT;3
403515;-300;-4.154,53;DIT;3
403572;-300;-1.125,08;DIT;3
403574;-215;-13.832,15;DPC;3
403580;-1.156;-18.145,52;DPC;3
403594;-100;-1.004,13;DIT;3
403602;-140;-174,82;DTE;3
403602;-143;-178,57;DTE;3
403641;-100;-1.031,74;DIT;3
403682;-300;-254,99;DIT;3
403838;-100;-306,77;DIT;3
405382;-1;-1.903,46;DIT;3
405382;-1;-1.903,46;DIT;3
405487;-300;-222,71;DIT;3
405539;-26;-493,09;DTE;3
405539;-26;-493,09;DTE;3
407094;-8;-562,64;DTE;3
407094;-8;-562,64;DTE;3
407096;-22;-4.746,03;DTE;3
407096;-22;-4.746,02;DTE;3
407129;-200;-1.655,89;DIT;3
410212;-3;-72,73;DTE;3
410212;-3;-72,73;DTE;3
410212;-121;-2.933,49;DPC;3
804115;-200;-12.662,10;DIT;3
120100;-1;-14,9;DAP;3
120136;-1;-106,93;DAP;3
120182;-1;-158,21;DAP;3
120343;-1;-158,87;DAP;3
400072;-1;-4.453,89;DIT;3
400072;-6;-26.723,31;DIT;3
400072;-5;-22.269,43;DIT;3
400140;200;1.508,93;DIT;3
400140;-70;-528,13;DIT;3
400140;-60;-452,65;DIT;3
400140;-70;-528,13;DIT;3
400221;-3;-6.456,68;DIT;3
400221;-2;-4.304,46;DIT;3
400224;-4;-6.465,45;DIT;3
400224;-1;-1.616,09;DTE;3
400224;-1;-1.616,09;DTE;3
400224;-1;-1.616,09;DTE;3
400224;-1;-1.616,09;DTE;3
400224;-5;-8.080,45;DTE;3
400224;-1;-1.616,09;DTE;3
400224;-3;-4.848,27;DIT;3
400224;-1;-1.616,09;DTE;3
400224;-1;-1.616,09;DTE;3
400366;-2;-11,55;DTM;3
400366;-4;-23,11;DTM;3
400366;-4;-23,11;DTM;3
400366;-4;-23,11;DTM;3
400366;-2;-11,55;DTM;3
400487;-130;-7.113,32;DTM;3
400487;-140;-7.660,50;DTM;3
400487;-210;-11.490,75;DTM;3
400673;-15;-20,82;DTM;3
400673;-11;-15,27;DTM;3
400673;-10;-13,88;DTM;3
400673;-23;-31,93;DTM;3
400673;-5;-6,94;DTM;3
400673;-14;-19,44;DTM;3
400673;-13;-18,05;DTM;3
400673;-16;-22,21;DTM;3
400673;-4;-5,55;DTM;3
400673;-10;-13,88;DTM;3
400673;-40;-55,53;DTM;3
400673;-6;-8,33;DTM;3
400708;-360;-2.221,35;DTM;3
400708;-15;-92,56;DTM;3
400708;-15;-92,56;DTM;3
400708;-15;-92,56;DTM;3
400708;-15;-92,56;DTM;3
400708;-15;-92,56;DTM;3
400708;-5;-30,85;DTM;3
400708;-15;-92,56;DTM;3
400708;-15;-92,56;DTM;3
400708;-15;-92,56;DTM;3
400708;-15;-92,56;DTM;3
400827;-21;-58,41;DTE;3
400937;-108;-10.858,73;DIT;3
400937;108;10.858,73;DIT;3
400988;-1;-1.876,49;DTM;3
400995;-2;-4.109,27;DTE;3
401127;-1;-2.060,34;DTE;3
401127;-1;-2.060,34;DTE;3
401127;-1;-2.060,34;DTE;3
401127;-1;-2.060,34;DTE;3
401127;-1;-2.060,34;DIT;3
401127;-2;-4.120,68;DTE;3
401127;-1;-2.060,34;DTE;3
401127;-1;-2.060,34;DTE;3
401127;-5;-10.301,69;DIT;3
401193;-3;-21.239,63;DIT;3
401296;-1;-2.207,27;DTM;3
401318;-1;-2.358,66;DTE;3
401356;-3;-4.345,58;DIT;3
401360;-1;-1.644,13;DIT;3
401451;-3;-70,94;DTM;3
401451;-3;-70,94;DTM;3
401451;-3;-70,94;DTM;3
401547;-22;-6.267,74;DIT;3
401632;-12.000;-26.521,35;DCR;3
401655;200;2.468,54;DIT;3
401655;-70;-863,99;DIT;3
401655;-130;-1.604,82;DIT;3
401678;-3;-7.597,26;DIT;3
401678;-3;-7.597,26;DIT;3
401773;-100;-107,55;DIT;3
401773;-100;-107,55;DIT;3
401773;300;322,66;DIT;3
401773;-100;-107,55;DIT;3
401959;-2;-370,75;DIT;3
402027;-100;-128,68;DIT;3
402027;300;386,03;DIT;3
402027;-100;-128,68;DIT;3
402027;-100;-128,68;DIT;3
402105;-8;-367,48;DTM;3
402105;-4;-183,74;DTM;3
402105;-4;-183,74;DTM;3
402105;-4;-183,74;DTM;3
402105;-4;-183,74;DTM;3
402105;-4;-183,74;DTM;3
402105;-8;-367,48;DTM;3
402105;-10;-459,34;DTM;3
402105;-8;-367,48;DTM;3
402287;100;1.087,88;DIT;3
402287;-70;-761,53;DIT;3
402287;-30;-326,36;DIT;3
402307;-45;-3.227,64;DIT;3
402307;45;3.227,64;DIT;3
402310;-50;-36,09;DIT;3
402592;-108;-13.174,69;DIT;3
402592;108;13.174,69;DIT;3
402650;-8;-11.593,39;DIT;3
402675;-1;-342,19;DIT;3
402847;-8;-8.673,54;DIT;3
403209;-100;-577,28;DIT;3
403209;-100;-577,28;DIT;3
403209;-100;-577,28;DIT;3
403209;300;1.731,84;DIT;3
403337;-1;-1.034,41;DIT;3
403515;-100;-1.384,84;DIT;3
403515;300;4.154,53;DIT;3
403515;-100;-1.384,84;DIT;3
403515;-100;-1.384,84;DIT;3
403572;-100;-375,03;DIT;3
403572;-100;-375,03;DIT;3
403572;-100;-375,03;DIT;3
403572;300;1.125,08;DIT;3
403594;100;1.004,13;DIT;3
403594;-70;-702,89;DIT;3
403594;-30;-301,24;DIT;3
403641;100;1.031,74;DIT;3
403641;-100;-1.031,74;DIT;3
403641;-35;-361,11;DIT;3
403682;300;254,99;DIT;3
403682;-100;-85;DIT;3
403682;-100;-85;DIT;3
403682;-100;-85;DIT;3
403838;-35;-107,37;DIT;3
403838;-30;-92,03;DIT;3
403838;100;306,77;DIT;3
403838;-35;-107,37;DIT;3
405382;-1;-1.903,46;DIT;3
405487;-100;-74,24;DIT;3
405487;-100;-74,24;DIT;3
405487;-100;-74,24;DIT;3
405487;300;222,71;DIT;3
407129;200;1.655,89;DIT;3
407129;-65;-538,17;DIT;3
407129;-70;-579,56;DIT;3
409696;-155;-7.671,44;DTM;3
409696;-385;-19.054,87;DTM;3
409696;-385;-19.054,87;DTM;3
409696;-290;-14.353,01;DTM;3
409696;-90;-4.454,38;DTM;3
410213;-5;-90;DTE;3
410213;-3;-54;DTE;3
410213;-1;-18;DTE;3
410213;-5;-90;DTE;3
410213;-2;-36;DTE;3
410213;-7;-126;DTE;3
410213;-1;-18;DTE;3
410213;-11;-198;DTE;3
410213;-4;-72;DTE;3
410213;-6;-108;DTE;3
410213;-4;-72;DTE;3
410213;-6;-108;DTE;3
410213;-1;-18;DTE;3
410213;-4;-72;DTE;3
410213;-4;-72;DTE;3
410213;-3;-54;DTE;3
800108;-4;-17,55;DTM;3
800116;-5;-29,18;DTM;3
800223;-3;-3,94;DTM;3
800223;-13;-17,07;DTM;3
800223;-10;-13,13;DTM;3
800310;-3;-11,62;DTM;3
800371;-1;-13,72;DTM;3
800435;-3;-44,47;DTM;3
800435;-2;-29,64;DTM;3
800499;-2;-18,85;DTM;3
800499;-8;-75,38;DTM;3
800541;-6;-11,14;DTM;3
800541;-2;-3,71;DTM;3
800654;-3;-454,94;DTM;3
800894;-3;-18,52;DTM;3
800922;-2;-44,72;DTM;3
801125;-3;-103,11;DTM;3
801125;-3;-103,11;DTM;3
801228;-3;-6,08;DTM;3
801237;-1;-24,06;DTM;3
801304;-2;-32,46;DTM;3
801304;-2;-32,46;DTM;3
801313;-9;-244,07;DTM;3
801313;-9;-244,07;DTM;3
801313;-3;-81,36;DTM;3
801346;-2;-32,49;DTM;3
801346;-2;-32,49;DTM;3
801615;-1;-33;DIT;3
801826;-3;-17,14;DTM;3
803368;-4;-117,95;DTM;3
803368;-6;-176,92;DTM;3
804115;-70;-4.431,73;DIT;3
804115;-70;-4.431,74;DIT;3
804115;-60;-3.798,63;DIT;3
804115;200;12.662,10;DIT;3
400072;-7;-31.177,20;DIT;3
400072;-2;-8.907,77;DIT;3
400073;-2;-27.026,12;DIT;3
400111;-2;-6,99;DTE;3
400111;-1;-3,49;DTE;3
400140;-50;-377,21;DIT;3
400140;-2;-15,09;DTE;3
400140;-2;-15,09;DTE;3
400193;-3;-88,35;DTE;3
400193;-3;-88,35;DTE;3
400193;-3;-88,35;DTE;3
400307;-4;-25,45;DTM;3
400344;-2;-75,33;DTE;3
400344;-3;-113;DTE;3
400484;-6;-95,88;DTE;3
400484;-2;-31,96;DTE;3
400505;-3;-35,54;DTM;3
400518;-3;-28,3;DTE;3
400655;-6;-256,7;DTM;3
400665;-6;-142,1;DTM;3
400758;-9;-4.248,02;DTE;3
400758;-3;-1.416,01;DTE;3
400758;-3;-1.416,01;DTM;3
400813;-16;-27,95;DIT;3
400813;-2.000;-3.494,24;DIT;3
400813;-2;-3,49;DTM;3
400813;-10;-17,47;DTM;3
400813;-6;-10,48;DTM;3
400813;-10;-17,47;DTM;3
400813;-3;-5,24;DTM;3
400813;-15;-26,21;DTM;3
400828;-3;-104,38;DTM;3
400906;-5;-497,7;DTM;3
400906;-4;-398,16;DTM;3
400906;-4;-398,16;DIT;3
400906;-1;-99,54;DTM;3
400906;-4;-398,16;DTM;3
400906;-1;-99,54;DTM;3
400906;-5;-497,7;DTM;3
400910;-12;-285,91;DTM;3
400930;-4;-9,68;DIT;3
400942;-2;-9,36;DTE;3
400942;-1;-4,68;DTE;3
400942;-10;-46,8;DTE;3
400942;-1;-4,68;DTE;3
400955;-6;-25,26;DTE;3
400955;-2;-8,42;DTE;3
400974;-4;-5,58;DTE;3
400974;-4;-5,58;DTE;3
400974;-12;-16,73;DTE;3
400974;-6;-8,36;DTE;3
400974;-4;-5,58;DIT;3
400974;-6;-8,36;DTE;3
400988;-1;-1.876,49;DIT;3
401116;-6;-219,28;DTM;3
401116;-6;-219,28;DTM;3
401117;-4;-49,16;DTE;3
401117;-4;-49,16;DTE;3
401117;-50;-614,47;DIT;3
401117;-12;-147,47;DTE;3
401117;-4;-49,16;DIT;3
401193;-1;-7.079,88;DIT;3
401239;-2;-47,69;DIT;3
401239;-5;-119,23;DIT;3
401264;-3;-79,72;DTE;3
401264;-60;-1.594,47;DIT;3
401435;-100;-574,34;DIT;3
401438;-1;-11,43;DTM;3
401438;-5;-57,14;DTE;3
401438;-2;-22,85;DTE;3
401505;-3;-293,53;DIT;3
401568;-1;-1,24;DTE;3
401568;-2;-2,48;DTE;3
401568;-1;-1,24;DTE;3
401568;-2;-2,48;DTE;3
401568;-1;-1,24;DTE;3
401568;-2;-2,48;DTE;3
401576;-1;-23,23;DTM;3
401576;-2;-46,46;DTE;3
401608;-3;-151,26;DTE;3
401608;-3;-151,26;DTE;3
401608;-6;-302,52;DTE;3
401608;-3;-151,26;DTE;3
401711;-9;-215,7;DTM;3
401711;-9;-215,7;DTM;3
401711;-30;-718,99;DTE;3
401711;-1;-23,97;DTE;3
401711;-3;-71,9;DTM;3
401711;-6;-143,8;DTM;3
401711;-7;-167,76;DTE;3
401711;-12;-287,59;DTM;3
401711;-6;-143,8;DTM;3
401711;-12;-287,59;DTE;3
401711;-33;-790,89;DTE;3
401711;-3;-71,9;DTM;3
401711;-3;-71,9;DTE;3
401711;-3;-71,9;DTM;3
401711;-3;-71,9;DTM;3
401711;-3;-71,9;DTE;3
401711;-3;-71,9;DTE;3
401711;-60;-1.437,97;DIT;3
401711;-3;-71,9;DTM;3
401711;-3;-71,9;DTE;3
401711;-6;-143,8;DTE;3
401711;-3;-71,9;DTE;3
401711;-6;-143,8;DTM;3
401711;-6;-143,8;DTE;3
401711;-6;-143,8;DTE;3
401783;-1;-12,13;DTE;3
401803;-1;-15,68;DTE;3
401803;-1;-15,68;DTE;3
401870;-2;-2,03;DTE;3
401870;-12;-12,19;DTE;3
401870;-36;-36,58;DTE;3
401937;-3;-12,27;DTE;3
401937;-8;-32,72;DTE;3
401937;-2;-8,18;DTE;3
401937;-2;-8,18;DTE;3
401937;-2;-8,18;DTE;3
401937;-10;-40,9;DTE;3
401937;-1;-4,09;DTE;3
401937;-14;-57,26;DTE;3
401959;-3;-556,12;DTM;3
401959;-2;-370,75;DTM;3
401959;-1;-185,37;DTM;3
401959;-4;-741,49;DTM;3
401959;-2;-370,75;DTM;3
401959;-4;-741,49;DTM;3
401959;-2;-370,75;DIT;3
401959;-1;-185,37;DTM;3
401959;-2;-370,75;DTM;3
401959;-2;-370,75;DTM;3
401959;-2;-370,75;DTM;3
401959;-2;-370,75;DTM;3
401959;-4;-741,49;DTM;3
401959;-2;-370,75;DTM;3
401959;-2;-370,75;DTM;3
401959;-4;-741,49;DTM;3
401959;-4;-741,49;DTM;3
401959;-50;-9.268,67;DIT;3
401959;-5;-926,87;DTM;3
401959;-4;-741,49;DTM;3
401992;-3;-1.225,92;DIT;3
402026;-2;-49,02;DTE;3
402026;-1;-24,51;DTE;3
402041;-10;-9,76;DIT;3
402065;-2;-31,5;DTM;3
402081;-6;-584,19;DTM;3
402081;-6;-584,19;DTM;3
402081;-6;-584,19;DTM;3
402081;-3;-292,09;DTM;3
402087;-100;-681,88;DIT;3
402106;-1;-78,89;DTM;3
402106;-2;-157,79;DTE;3
402106;-1;-78,89;DTM;3
402127;-10;-44,01;DTE;3
402127;-4;-17,6;DTE;3
402127;-4;-17,6;DTE;3
402127;-1;-4,4;DTE;3
402127;-4;-17,6;DTE;3
402127;-44;-193,63;DTE;3
402127;-6;-26,4;DTE;3
402247;-1;-19,05;DTE;3
402247;-1;-19,05;DTE;3
402277;-1;-17.562,99;DIT;3
402287;-5;-54,39;DTE;3
402287;-1;-10,88;DTE;3
402287;-3;-32,64;DTM;3
402287;-6;-65,27;DTM;3
402310;-20;-14,44;DIT;3
402404;-3;-27,24;DTM;3
402433;-3;-461,68;DTE;3
402433;-3;-461,68;DTE;3
402433;-1;-153,89;DIT;3
402433;-6;-923,36;DTE;3
402433;-3;-461,68;DTE;3
402433;-6;-923,36;DTE;3
402433;-50;-7.694,70;DIT;3
402433;-3;-461,68;DTE;3
402433;-1;-153,89;DTE;3
402587;-1;-29,7;DTM;3
402675;-1;-342,19;DIT;3
402701;-3;-1.050,57;DTM;3
402733;-1;-5,85;DIT;3
402733;-200;-1.169,98;DIT;3
402741;-3;-25,92;DTM;3
402741;-3;-25,92;DTM;3
402741;-3;-25,92;DTM;3
402741;-3;-25,92;DTM;3
403182;-6;-1.274,12;DTM;3
403182;-12;-2.548,24;DTE;3
403182;-6;-1.274,12;DTM;3
403182;-18;-3.822,36;DTE;3
403337;-1;-1.034,41;DIT;3
403513;-50;-249,27;DIT;3
403641;-15;-154,76;DIT;3
403838;-65;-199,4;DIT;3
404741;-3;-206,61;DTM;3
405382;-1;-1.903,46;DIT;3
405382;-1;-1.903,46;DIT;3
405382;-4;-7.613,85;DIT;3
407129;-35;-289,78;DIT;3
800357;-2;-16,51;DTM;3
800894;-3;-18,52;DTM;3
800894;-3;-18,52;DTM;3
800894;-3;-18,52;DTM;3
801010;-100;-582,23;DIT;3
801011;-3;-55,57;DTM;3
801011;-3;-55,57;DTM;3
801087;-3;-35,4;DTM;3
801125;-3;-103,11;DTM;3
801125;-3;-103,11;DTM;3
801206;-9;-303,1;DTM;3
801233;-3;-17,59;DTM;3
801826;-3;-17,14;DTM;3
801826;-3;-17,14;DTM;3
803344;-6;-552,84;DTM;3
803368;-3;-88,46;DTM;3
803368;-3;-88,46;DTM;3
803368;-6;-176,92;DTM;3
805459;-3;-494,16;DTM;3
805459;-9;-1.482,48;DTM;3
120454;-2;-400;DCA;3
120455;-2;-399,5;DCA;3
400011;-1;-104,75;DTM;3
400011;-2;-209,5;DTM;3
400011;-1;-104,75;DTM;3
400011;-1;-104,75;DTM;3
400011;-1;-104,75;DTM;3
400011;-2;-209,5;DTM;3
400011;-2;-209,5;DTM;3
400011;-1;-104,75;DTM;3
400130;-3;-8,95;DTM;3
400140;-8;-60,35;DTM;3
400140;-8;-60,35;DTM;3
400140;-6;-45,26;DTM;3
400140;-16;-120,7;DTM;3
400140;-3;-22,63;DTM;3
400140;-4;-30,18;DTM;3
400193;-3;-88,35;DTM;3
400193;-50;-1.472,57;DIT;3
400193;-1;-29,45;DTM;3
400193;-3;-88,35;DTM;3
400224;-2;-3.233,02;DTM;3
400288;-1;-13.952,59;DTM;3
400373;-4;-3,13;DTE;3
400474;-200;-5.566,68;DIT;3
400543;-12;-142,77;DTE;3
400708;-15;-92,56;DTE;3
400708;-12;-74,05;DTE;3
400813;-3;-5,24;DTE;3
400827;-10;-27,81;DTE;3
400906;-20;-1.990,80;DIT;3
400930;-6;-14,52;DTM;3
400930;-4;-9,68;DTM;3
400930;-4;-9,68;DTM;3
400930;-50;-121,03;DIT;3
400930;-4;-9,68;DTM;3
400930;-4;-9,68;DTM;3
400930;-19;-45,99;DIT;3
400930;-4;-9,68;DTM;3
400930;-2;-4,84;DTM;3
400930;-8;-19,37;DTM;3
400930;-4;-9,68;DTM;3
400930;-4;-9,68;DTM;3
400930;-14;-33,89;DTM;3
400974;-4;-5,58;DTM;3
400974;-9;-12,54;DTM;3
400974;-4;-5,58;DTM;3
400974;-4;-5,58;DTM;3
400974;-6;-8,36;DTM;3
400974;-8;-11,15;DTM;3
400974;-6;-8,36;DTM;3
400974;-4;-5,58;DTM;3
401105;-3;-9,62;DTM;3
401116;-6;-219,28;DIT;3
401117;-2;-24,58;DTM;3
401117;-8;-98,32;DTM;3
401117;-4;-49,16;DTM;3
401117;-4;-49,16;DTM;3
401117;-4;-49,16;DTM;3
401117;-8;-98,32;DTM;3
401117;-4;-49,16;DTM;3
401117;-4;-49,16;DTM;3
401117;-6;-73,74;DTM;3
401127;-1;-2.060,42;DTM;3
401127;-1;-2.060,42;DTE;3
401155;-3;-43,89;DTM;3
401239;-3;-71,54;DTM;3
401239;-3;-71,54;DTM;3
401239;-1;-23,85;DTM;3
401239;-3;-71,54;DTM;3
401239;-1;-23,85;DTM;3
401239;-3;-71,54;DTM;3
401239;-3;-71,54;DTM;3
401264;-3;-79,72;DTM;3
401264;-3;-79,72;DTM;3
401264;-3;-79,72;DTM;3
401264;-12;-318,89;DTM;3
401264;-6;-159,45;DTM;3
401296;-1;-2.207,27;DTM;3
401296;-1;-2.207,27;DTM;3
401321;-1;-148,5;DIT;3
401435;-50;-287,17;DIT;3
401435;-50;-287,17;DIT;3
401505;-150;-14.676,53;DIT;3
401566;-30;-687,91;DTE;3
401632;-50;-110,51;DPM;3
401632;-10.000;-22.101,12;DPM;3
401632;-350;-773,54;DPM;3
401632;-1.600;-3.536,18;DPM;3
401655;-100;-1.234,48;DIT;3
401683;-1;-187,82;DTM;3
401683;-1;-187,82;DTM;3
401706;-3;-45,21;DTM;3
401706;-50;-753,58;DIT;3
401706;-6;-90,43;DTM;3
401711;-30;-718,99;DIT;3
401711;-243;-5.823,80;DIT;3
401786;-104;-1.477,19;DIT;3
401786;-106;-1.505,60;DTE;3
401834;-50;-575;DIT;3
401834;-50;-575;DIT;3
401927;-1;-20,79;DIT;3
401927;-9;-187,1;DTE;3
401927;-21;-436,56;DTE;3
401937;-11;-44,99;DIT;3
401959;-2;-370,75;DTE;3
401959;-4;-741,49;DTM;3
401959;-2;-370,75;DTM;3
401959;-4;-741,49;DTM;3
401959;-2;-370,75;DTM;3
401959;-3;-556,12;DTM;3
401959;-9;-1.668,36;DTE;3
401959;-4;-741,49;DTE;3
402041;-200;-195,14;DIT;3
402041;-24;-23,42;DIT;3
402041;-100;-97,57;DIT;3
402065;-1;-15,75;DTE;3
402065;-1;-15,75;DTE;3
402087;-100;-681,88;DIT;3
402105;-50;-2.296,72;DIT;3
402106;-2;-157,79;DIT;3
402127;-3;-13,2;DTM;3
402127;-6;-26,4;DTM;3
402127;-12;-52,81;DTM;3
402127;-8;-35,21;DTM;3
402127;-4;-17,6;DTM;3
402127;-4;-17,6;DTM;3
402202;-1;-45,35;DTE;3
402202;-12;-544,15;DTE;3
402221;-4;-160,23;DTM;3
402221;-3;-120,17;DTE;3
402324;-2;-13,96;DTE;3
402373;-2;-24,92;DIT;3
402448;-2;-56,27;DTM;3
402518;-100;-1.352,48;DIT;3
402617;-3;-312.955,32;DIT;3
402627;-2;-48.115,98;DIT;3
402627;-1;-24.057,99;DIT;3
402627;-3;-72.173,97;DIT;3
402660;-50;-291,84;DIT;3
402741;-100;-864,02;DIT;3
402741;-50;-432,01;DIT;3
403323;-45;-139,96;DTE;3
403409;-1;-57.312,45;DIT;3
403409;-1;-57.312,45;DTE;3
403574;-367;-23.422,41;DPC;3
403852;-350;-22.560,59;DPC;3
407336;-1.000;-8.146,83;DIT;3
408995;-6;-157,88;DIT;3
800021;-50;-3.365,65;DIT;3
800021;-30;-2.019,39;DIT;3
800058;-200;-9.197,79;DIT;3
800108;-7;-30,72;DTM;3
800108;-4;-17,55;DTM;3
800116;-6;-35,02;DTM;3
800116;-4;-23,35;DTM;3
800145;-200;-6.758,00;DTM;3
800163;-500;-13.867,59;DIT;3
800254;-2;-28,93;DIT;3
800344;-110;-3.195,82;DTM;3
800345;-50;-935,48;DIT;3
800515;-50;-1.875,01;DIT;3
800541;-8;-14,85;DTM;3
800541;-6;-11,14;DTM;3
800541;-12;-22,28;DTM;3
800541;-10;-18,57;DTM;3
800541;-4;-7,43;DTM;3
800654;-25;-3.791,16;DIT;3
800654;-3;-454,94;DTM;3
800654;-3;-454,94;DTM;3
800654;-3;-454,94;DTM;3
800654;-3;-454,94;DTM;3
800654;-3;-454,94;DTM;3
800654;-3;-454,94;DTM;3
800654;-3;-454,94;DTM;3
800654;-6;-909,88;DTM;3
800654;-3;-454,94;DTM;3
800654;-3;-454,94;DTM;3
800817;-3;-994,89;DIT;3
800852;-10;-200,57;DIT;3
800872;-120;-6.005,76;DIT;3
800889;-50;-983,14;DIT;3
800889;-50;-983,14;DIT;3
800894;-50;-308,66;DIT;3
800922;-30;-670,85;DIT;3
800922;-100;-2.236,16;DIT;3
800922;-2;-44,72;DTM;3
800922;-4;-89,45;DTM;3
800922;-2;-44,72;DTM;3
800922;-1;-22,36;DTM;3
800929;-100;-1.211,38;DIT;3
800959;-25;-2.730,65;DIT;3
800959;-10;-1.092,26;DIT;3
801064;-12;-29,71;DTM;3
801064;-2;-4,95;DTM;3
801064;-4;-9,9;DTM;3
801064;-100;-247,62;DIT;3
801081;-3;-77,78;DIT;3
801087;-6;-70,79;DIT;3
801087;-20;-235,97;DIT;3
801112;-5;-907,93;DTM;3
801112;-4;-726,35;DTM;3
801112;-7;-1.271,11;DTM;3
801114;-50;-291,57;DIT;3
801135;-20;-228,37;DIT;3
801164;-9;-231,33;DTM;3
801186;-3;-45,92;DTM;3
801186;-50;-765,28;DIT;3
801186;-8;-122,45;DIT;3
801186;-1;-15,31;DTM;3
801186;-30;-459,17;DIT;3
801186;-4;-61,22;DTM;3
801233;-100;-586,44;DIT;3
801233;-50;-293,22;DIT;3
801303;-100;-587,55;DIT;3
801303;-100;-587,55;DIT;3
801303;-50;-293,77;DIT;3
801313;-3;-81,36;DTM;3
801313;-6;-162,71;DTM;3
801313;-6;-162,71;DTM;3
801313;-3;-81,36;DTM;3
801316;-126;-3.030,60;DIT;3
801352;-50;-292,42;DIT;3
801352;-100;-584,84;DIT;3
801400;-30;-2.989,68;DIT;3
801834;-50;-289,64;DIT;3
802138;-50;-2.672,00;DTM;3
802141;-50;-2.672,00;DTM;3
802158;-50;-2.672,00;DTM;3
802203;-10;-535,89;DTM;3
802249;-100;-21.867,02;DIT;3
802405;-11;-91,85;DIT;3
803102;-30;-330;DTM;3
803129;-500;-207,2;DTM;3
803747;-1;-24,22;DIT;3
805341;-200;-6.758,00;DTM;3
110191;-5;-110,1;DPM;3
400011;-2;-209,5;DTE;3
400011;-4;-419;DTE;3
400011;-1;-104,75;DTE;3
400072;-2;-8.907,77;DIT;3
400073;-1;-13.513,06;DIT;3
400224;-1;-1.616,51;DTM;3
400224;-1;-1.616,51;DTM;3
400224;-1;-1.616,51;DTM;3
400224;-1;-1.616,51;DTM;3
400224;-1;-1.616,51;DTM;3
400288;-1;-13.952,59;DIT;3
400307;-2;-12,72;DTE;3
400307;-1;-6,36;DTE;3
400307;-4;-25,45;DTE;3
400359;-12;-295,43;DTE;3
400460;-90;-2.328,38;DTM;3
400474;-300;-8.350,02;DIT;3
400474;-122;-3.395,67;DTE;3
400496;-2;-71,19;DTE;3
400543;-12;-142,77;DTE;3
400655;-3;-128,35;DTE;3
400665;-3;-71,05;DTE;3
400665;-2;-47,37;DTE;3
400665;-3;-71,05;DTE;3
400665;-6;-142,1;DTE;3
400730;-40;-764,8;DTE;3
400813;-8;-13,98;DTE;3
400855;-3;-57,43;DTE;3
400906;-9;-895,86;DTE;3
400906;-10;-995,4;DTE;3
400906;-5;-497,7;DTE;3
400906;-1;-99,54;DTE;3
400906;-2;-199,08;DTE;3
400906;-4;-398,16;DTE;3
400906;-5;-497,7;DTE;3
400930;-4;-9,68;DTE;3
400930;-4;-9,68;DTE;3
400930;-6;-14,52;DTE;3
400930;-12;-29,05;DTE;3
400930;-4;-9,68;DTE;3
401034;-15;-191,49;DTE;3
401034;-6;-76,6;DTE;3
401034;-3;-38,3;DTE;3
401034;-3;-38,3;DTE;3
401034;-3;-38,3;DTE;3
401034;-6;-76,6;DTE;3
401056;-3;-17,24;DTE;3
401056;-3;-17,24;DTE;3
401116;-24;-877,11;DTE;3
401116;-3;-109,64;DTE;3
401116;-3;-109,64;DTE;3
401116;-2;-73,09;DTE;3
401116;-3;-109,64;DTE;3
401127;-2;-4.121,26;DTM;3
401127;-1;-2.060,63;DTM;3
401127;-2;-4.121,26;DTM;3
401127;-1;-2.060,63;DTM;3
401127;-1;-2.060,63;DTM;3
401127;-2;-4.121,26;DTM;3
401127;-1;-2.060,63;DTM;3
401127;-2;-4.121,26;DTM;3
401127;-1;-2.060,63;DTM;3
401127;-1;-2.060,63;DTM;3
401127;-1;-2.060,63;DTM;3
401127;-1;-2.060,63;DTM;3
401127;-2;-4.121,26;DTM;3
401127;-1;-2.060,63;DTM;3
401127;-2;-4.121,26;DTM;3
401213;-2;-139,1;DTE;3
401213;-1;-69,55;DTE;3
401239;-3;-71,54;DTE;3
401239;-1;-23,85;DTE;3
401239;-2;-47,69;DTE;3
401239;-4;-95,38;DTE;3
401239;-1;-23,85;DTE;3
401360;-1;-1.644,13;DTM;3
401372;-2;-22,63;DTE;3
401465;-36;-439,91;DTE;3
401471;-3;-95,18;DTE;3
401489;-3;-17,44;DTE;3
401489;-1;-5,81;DTE;3
401500;-1;-11,35;DTE;3
401531;-6;-52,19;DTM;3
401632;-1.300;-2.873,15;DPM;3
401711;-120;-2.875,95;DIT;3
401711;-40;-958,65;DIT;3
401834;-3;-34,5;DTE;3
401834;-1;-11,5;DTE;3
401834;-50;-575;DIT;3
401892;-1;-29,6;DTE;3
401927;-19;-394,99;DIT;3
401959;-2;-370,75;DTE;3
401959;-2;-370,75;DTE;3
401959;-2;-370,75;DTE;3
401959;-2;-370,75;DTE;3
401959;-3;-556,12;DTE;3
401959;-22;-4.078,22;DTE;3
401959;-2;-370,75;DTE;3
401959;-2;-370,75;DTE;3
401959;-3;-556,12;DTE;3
401959;-6;-1.112,24;DTE;3
401959;-2;-370,75;DTE;3
402041;-100;-97,57;DIT;3
402041;-200;-195,15;DIT;3
402065;-1;-15,75;DTE;3
402111;-3;-16,19;DTE;3
402152;-8;-512,46;DTE;3
402185;-3;-123,2;DTE;3
402221;-1;-40,1;DTE;3
402265;-1;-5,73;DTE;3
402265;-1;-5,73;DTE;3
402307;-15;-1.075,83;DTE;3
402318;-148;-6.963,18;DTE;3
402324;-2;-13,96;DTE;3
402324;-1;-6,98;DTE;3
402324;-2;-13,96;DTE;3
402324;-6;-41,9;DTE;3
402373;-1;-12,46;DTE;3
402397;-10;-286,31;DTE;3
402443;-2;-210,36;DTE;3
402443;-1;-105,18;DTE;3
402447;-1;-5.445,12;DIT;3
402587;-2;-59,39;DTE;3
402587;-1;-29,7;DTE;3
402587;-1;-29,7;DTE;3
402587;-3;-89,09;DTE;3
402587;-2;-59,39;DTE;3
402587;-1;-29,7;DTE;3
402587;-1;-29,7;DTE;3
402587;-1;-29,7;DTE;3
402650;-3;-4.347,52;DTM;3
402733;-3;-17,55;DTE;3
403602;-36;-44,95;DTE;3
403807;-12;-769,61;DTE;3
403852;-50;-3.222,94;DPM;3
404740;-18;-1.386,75;DTE;3
404741;-3;-206,61;DTE;3
404741;-3;-206,61;DTE;3
407094;-8;-562,64;DTE;3
407096;-10;-2.157,28;DTE;3
407336;-200;-1.629,37;DIT;3
407355;-10;-1.874,55;DTE;3
408896;-2;-3.937,87;DPM;3
408991;-10;-0,51;DPM;3
410213;-3;-54;DTE;3
800021;-50;-3.365,65;DIT;3
800163;-235;-6.517,77;DIT;3
800499;-30;-282,69;DIT;3
800499;-150;-1.413,44;DIT;3
800515;-25;-937,5;DIT;3
800541;-100;-185,66;DIT;3
800654;-25;-3.791,16;DIT;3
800817;-20;-6.632,57;DIT;3
800817;-15;-4.974,43;DIT;3
800872;-50;-2.502,40;DIT;3
800889;-50;-983,14;DIT;3
800889;-100;-1.966,28;DIT;3
800894;-50;-308,66;DIT;3
800922;-30;-670,85;DIT;3
800922;-100;-2.236,16;DIT;3
801064;-50;-123,81;DIT;3
801064;-150;-371,42;DIT;3
801087;-50;-589,93;DIT;3
801157;-100;-193,41;DPM;3
801186;-50;-765,28;DIT;3
801186;-50;-765,28;DIT;3
801215;-3;-31,45;DIT;3
801303;-50;-293,77;DIT;3
801313;-150;-4.067,75;DIT;3
801313;-40;-1.084,73;DIT;3
801316;-85;-2.037,33;DIT;3
801400;-20;-1.993,12;DIT;3
801826;-50;-285,6;DIT;3
805207;-2;-600;DTM;3
400072;-3;-13.361,66;DIT;3
400073;-1;-13.513,06;DIT;3
400074;-6;-9.508,95;DPC;3
400142;-3;-212,49;DTM;3
400193;-50;-1.472,57;DIT;3
400193;-3;-88,35;DTE;3
400193;-3;-88,35;DTE;3
400193;50;1.472,57;DIT;3
400224;-2;-3.233,02;DTM;3
400380;-62;-180,96;DPM;3
400474;-200;-5.566,68;DIT;3
400474;200;5.566,68;DIT;3
400478;-6;-53,22;DTE;3
400496;-3;-107,73;DTE;3
400665;-6;-142,1;DTE;3
400665;-6;-142,1;DTE;3
400708;-12;-74,05;DTE;3
400930;-4;-9,68;DTE;3
400930;-4;-9,68;DTE;3
400937;-52;-5.228,27;DPM;3
400955;-2;-8,42;DTE;3
400955;-2;-8,42;DTE;3
400974;-4;-5,58;DTE;3
400974;-4;-5,58;DTE;3
401056;-3;-17,24;DTE;3
401116;-3;-109,64;DTE;3
401116;-3;-109,64;DTE;3
401117;-4;-49,16;DTE;3
401117;-4;-49,16;DTE;3
401324;-1;-11.641,76;DTE;3
401324;-1;-11.641,76;DTE;3
401349;-1;-3.612,20;DTE;3
401356;-9;-13.036,73;DPC;3
401360;-2;-3.311,91;DTE;3
401360;-1;-1.644,13;DTE;3
401360;-3;-4.967,86;DTE;3
401438;-2;-22,85;DTE;3
401465;-6;-73,32;DTE;3
401566;-6;-137,58;DTE;3
401632;-5.000;-11.050,56;DPM;3
401632;-300;-663,03;DPM;3
401632;-5.000;-11.050,56;DPC;3
401632;-1.400;-3.094,16;DPM;3
401632;-1.000;-2.210,11;DPC;3
401655;100;1.234,48;DIT;3
401655;-100;-1.234,48;DIT;3
401678;-6;-15.194,52;DPC;3
401711;-30;-718,99;DIT;3
401711;30;718,99;DIT;3
401834;-50;-575;DIT;3
401834;50;575;DIT;3
401870;-6;-6,1;DTE;3
401870;-6;-6,1;DTE;3
401888;-3;-91,04;DTE;3
401888;-3;-91,04;DTE;3
401892;-1;-32,35;DTE;3
401892;-2;-64,69;DTE;3
401910;-3;-34,83;DTE;3
401937;-1;-4,09;DTE;3
401937;-1;-4,09;DTE;3
401987;-2;-43.766,35;DIT;3
402041;200;195,14;DIT;3
402041;-200;-195,14;DIT;3
402065;-2;-31,5;DTE;3
402087;100;681,88;DIT;3
402087;-100;-681,88;DIT;3
402087;-3;-20,46;DTE;3
402127;-3;-13,2;DTE;3
402127;-3;-13,2;DTE;3
402202;-3;-134,38;DTE;3
402242;-2;-5.434,24;DTE;3
402242;-1;-2.717,12;DTE;3
402310;-400;-288,72;DPC;3
402310;-400;-288,72;DPC;3
402322;-3;-2.257,41;DPM;3
402324;-2;-13,96;DTE;3
402324;-2;-13,97;DTE;3
402324;-1;-6,98;DTE;3
402587;-2;-59,39;DTE;3
402587;-1;-29,7;DTE;3
402592;-237;-28.911,13;DPM;3
402592;-36;-4.391,56;DPM;3
402627;-3;-72.173,97;DIT;3
402650;-1;-1.448,47;DTE;3
402650;-1;-1.448,47;DTE;3
402816;-28;-23.248,29;DPC;3
402816;-30;-24.908,89;DPC;3
402824;-200;-11.613,01;DPM;3
403513;-100;-498,53;DPM;3
403572;-300;-1.125,08;DPM;3
403594;-30;-301,24;DPM;3
405487;-1.000;-742,36;DPM;3
407128;-100;-2.446,73;DPC;3
407129;-400;-3.311,79;DPM;3
407129;-2.000;-16.558,94;DPM;3
407130;-1;-14.945,42;DIT;3
407439;-22;-14.482,44;DPM;3
408991;-20;-1,03;DPM;3
800021;-50;-3.365,65;DIT;3
800021;50;3.365,65;DIT;3
800058;200;9.197,79;DIT;3
800058;-200;-9.197,79;DIT;3
800345;50;935,48;DIT;3
800345;-50;-935,48;DIT;3
800515;50;1.875,01;DIT;3
800515;-50;-1.875,01;DIT;3
800654;25;3.791,16;DIT;3
800654;-25;-3.791,16;DIT;3
800852;-15;-300,85;DIT;3
800872;120;6.005,76;DIT;3
800872;-120;-6.005,76;DIT;3
800889;-50;-983,14;DIT;3
800889;50;983,14;DIT;3
800894;50;308,66;DIT;3
800894;-50;-308,66;DIT;3
800929;100;1.211,38;DIT;3
800929;-100;-1.211,38;DIT;3
800959;-25;-2.730,65;DIT;3
800959;25;2.730,65;DIT;3
801010;-100;-582,23;DIT;3
801064;100;247,62;DIT;3
801064;-100;-247,62;DIT;3
801087;-20;-235,97;DIT;3
801087;20;235,97;DIT;3
801135;-20;-228,37;DIT;3
801135;20;228,37;DIT;3
801233;-100;-586,44;DIT;3
801233;100;586,44;DIT;3
801303;100;587,55;DIT;3
801303;-100;-587,55;DIT;3
801303;-100;-587,55;DIT;3
801352;100;584,84;DIT;3
801352;-41;-239,78;DIT;3
801400;30;2.989,68;DIT;3
801400;-30;-2.989,68;DIT;3
802249;100;21.867,02;DIT;3
802249;-100;-21.867,02;DIT;3
804881;-119;-868,8;DPM;3
804882;-21;-514,08;DPM;3
400040;-1;-13.797,01;DTE;3
400072;-5;-22.269,42;DIT;3
400092;-3;-967,04;DIT;3
400140;-16;-120,76;DTM;3
400140;-4;-30,19;DTM;3
400140;-8;-60,38;DTM;3
400140;-8;-60,38;DTM;3
400140;-300;-2.264,16;DPC;3
400243;-2;-53.026,99;DIT;3
400243;-1;-26.513,49;DTM;3
400243;-2;-53.026,99;DIT;3
400243;2;53.026,99;DIT;3
400288;-2;-27.905,18;DIT;3
400288;-1;-13.952,59;DIT;3
400288;2;27.905,18;DIT;3
400288;-1;-13.952,59;DTM;3
400288;-1;-13.952,59;DTM;3
400288;-1;-13.952,59;DTM;3
400288;-2;-27.905,18;DIT;3
400359;-10;-246,19;DTE;3
400366;-8;-46,16;DTM;3
400366;-2;-11,54;DTM;3
400366;-3;-17,31;DTM;3
400366;-2;-11,54;DTM;3
400366;-2;-11,54;DTM;3
400474;-4;-111,33;DTE;3
400484;-2;-31,96;DTM;3
400484;-2;-31,96;DTM;3
400484;-1;-15,98;DTM;3
400484;-2;-31,96;DTM;3
400487;-260;-14.242,02;DTM;3
400487;-170;-9.312,09;DTM;3
400487;-190;-10.407,63;DTM;3
400588;-3;-171,41;DTE;3
400603;-30;-849,69;DTE;3
400655;-4;-171,13;DTM;3
400655;-24;-1.026,81;DTE;3
400655;-72;-3.080,43;DTM;3
400665;-24;-568,41;DTE;3
400673;-20;-27,76;DTM;3
400673;-4;-5,55;DTM;3
400673;-6;-8,33;DTM;3
400673;-6;-8,33;DTM;3
400673;-10;-13,88;DTM;3
400673;-10;-13,88;DTM;3
400673;-35;-48,59;DTM;3
400708;-9;-57,06;DTE;3
400708;-85;-538,93;DTE;3
400708;-9;-57,06;DTE;3
400708;-15;-95,1;DTM;3
400708;-463;-2.935,57;DTE;3
400708;-9;-57,06;DTE;3
400708;-18;-114,13;DTE;3
400708;-9;-57,06;DTE;3
400708;-15;-95,1;DTM;3
400708;-15;-95,1;DTM;3
400708;-630;-3.994,41;DTE;3
400708;-2;-12,68;DTE;3
400708;-44;-278,97;DTE;3
400708;-9;-57,06;DTE;3
400708;-104;-659,39;DTE;3
400708;-9;-57,06;DTE;3
400708;-9;-57,06;DTE;3
400708;-9;-57,06;DTE;3
400708;-9;-57,06;DTE;3
400708;-15;-95,1;DTM;3
400708;-13;-82,42;DTM;3
400708;-9;-57,06;DTE;3
400708;-183;-1.160,28;DTE;3
400708;-9;-57,06;DTE;3
400708;-41;-259,95;DTE;3
400708;-9;-57,06;DTE;3
400708;-9;-57,06;DTE;3
400708;-167;-1.058,84;DTE;3
400708;-5;-31,7;DTM;3
400708;-15;-95,1;DTM;3
400708;-9;-57,06;DTE;3
400708;-2;-12,68;DTE;3
400708;-180;-1.141,26;DTM;3
400708;-33;-209,23;DTE;3
400708;-15;-95,1;DTM;3
400730;-430;-8.221,58;DTM;3
400730;-10;-191,2;DTM;3
400730;-360;-6.883,18;DTM;3
400730;-840;-16.060,76;DTM;3
400730;-378;-7.227,34;DTE;3
400758;-3;-1.416,01;DTM;3
400813;-10;-17,47;DTM;3
400813;-10;-17,47;DTM;3
400813;-20;-34,94;DTM;3
400813;-2;-3,49;DTM;3
400813;-6;-10,48;DTE;3
400813;-6;-10,48;DTM;3
400813;-3;-5,24;DTE;3
400813;-77;-134,53;DTE;3
400813;-10;-17,47;DTE;3
400813;-10;-17,47;DTM;3
400813;-10;-17,47;DTM;3
400821;-302;-4.162,89;DTM;3
400851;-1;-22,43;DTM;3
400906;-4;-398,16;DTM;3
400906;-1;-99,54;DTM;3
400906;-4;-398,16;DTM;3
400906;-15;-1.493,10;DIT;3
400906;-1;-99,54;DTM;3
400906;-4;-398,16;DTM;3
400906;-1;-99,54;DTM;3
400910;-2;-47,65;DTE;3
400930;-4;-9,68;DTM;3
400930;-4;-9,68;DTM;3
400930;-4;-9,68;DTM;3
400930;-4;-9,68;DTM;3
400974;-4;-5,58;DTM;3
400974;-9;-12,55;DTM;3
400974;-4;-5,58;DTM;3
401117;-4;-49,16;DTM;3
401117;-4;-49,16;DTM;3
401117;-4;-49,16;DTM;3
401117;-4;-49,16;DTM;3
401239;-1;-23,85;DTE;3
401360;-5;-8.279,77;DIT;3
401435;-50;-287,17;DIT;3
401438;-1;-11,43;DTM;3
401438;-3;-34,28;DTM;3
401438;-1;-11,43;DTM;3
401451;-3;-70,94;DTM;3
401678;-3;-7.597,26;DIT;3
401683;-1;-187,82;DTM;3
401683;-1;-187,82;DTM;3
401711;-25;-599,16;DIT;3
401711;-10;-239,66;DIT;3
401783;-2;-24,26;DTM;3
401791;-20.916;-92.934,93;DPC;3
401834;-50;-575;DIT;3
401892;-1;-32,35;DTE;3
401937;-5;-20,45;DTE;3
401959;-50;-9.268,51;DIT;3
401959;-50;-9.268,51;DIT;3
401959;-50;-9.268,51;DIT;3
401959;-50;-9.268,51;DIT;3
401959;50;9.268,51;DIT;3
402027;-5.000;-6.433,84;DPC;3
402041;-50;-48,79;DIT;3
402081;-6;-584,19;DTM;3
402081;-6;-584,19;DTM;3
402081;-6;-584,19;DTM;3
402081;-6;-584,19;DTM;3
402081;-6;-584,19;DTM;3
402081;-6;-584,19;DTM;3
402087;-50;-340,94;DIT;3
402111;-10;-53,96;DIT;3
402111;-3;-16,19;DTM;3
402127;-4;-17,6;DTM;3
402127;-4;-17,6;DTM;3
402127;-6;-26,4;DTM;3
402127;-6;-26,4;DTM;3
402127;-2;-8,8;DTE;3
402127;-88;-387,27;DTM;3
402185;-3;-123,2;DTE;3
402247;-2;-38,1;DTM;3
402307;-5.438;-390.024,12;DPC;3
402310;-50;-36,09;DIT;3
402397;-15;-429,46;DTM;3
402433;-3;-460,59;DTM;3
402433;-3;-460,59;DTM;3
402433;-3;-460,59;DTM;3
402433;-3;-460,59;DTM;3
402433;-3;-460,59;DTM;3
402433;-3;-460,59;DTM;3
402447;-2;-10.890,25;DIT;3
402660;-80;-466,94;DIT;3
402675;-1;-342,19;DIT;3
402733;-50;-292,49;DIT;3
402741;-3;-25,92;DTM;3
402741;-3;-25,92;DTM;3
402741;-3;-25,92;DTM;3
403337;-1;-1.034,41;DIT;3
403499;-9.328;-1.718,38;DPC;3
403579;-5.000;-193.000,08;DPC;3
403594;-2.052;-20.604,70;DPC;3
403594;-400;-4.016,51;DPM;3
403602;-5.000;-6.243,74;DPC;3
403641;-40;-412,7;DPM;3
403642;-21.135;-322.727,86;DPC;3
403647;-200;-4.097,91;DPC;3
403656;-5.245;-126.081,76;DPC;3
403682;-2.173;-1.846,99;DPC;3
403838;-1.968;-6.037,24;DPC;3
403852;-1.050;-67.681,77;DPC;3
405382;-1;-1.903,46;DIT;3
405473;-6;-804,01;DTM;3
406859;-21;-142,62;DPM;3
408995;-6;-157,89;DTM;3
408995;-8;-210,51;DTM;3
409696;-210;-10.393,57;DTM;3
409696;-121;-5.988,67;DTM;3
800054;-30;-584,94;DIT;3
800116;-2;-11,67;DTE;3
800158;-3;-5,22;DTM;3
800499;-20;-188,46;DIT;3
800515;-30;-1.125,01;DIT;3
800596;-9;-19,18;DTM;3
800654;-30;-4.549,39;DIT;3
800817;-20;-6.632,57;DIT;3
800817;-9;-2.984,66;DIT;3
800894;-50;-308,66;DIT;3
801010;-50;-291,12;DIT;3
801064;-30;-74,28;DIT;3
801081;-20;-518,56;DIT;3
801087;-20;-235,97;DIT;3
801164;-10;-257,04;DIT;3
801233;-50;-293,22;DIT;3
801240;-30;-2.179,17;DIT;3
801256;-4;-363,86;DIT;3
801303;-50;-293,77;DIT;3
801826;-50;-285,6;DIT;3
801834;-50;-289,64;DIT;3
801955;-50;-294,22;DIT;3
110186;-2;-19,74;DTM;3
110191;-5;-110,1;DPM;3
400072;-5;-22.269,42;DIT;3
400072;-5;-22.269,43;DIT;3
400073;-1;-13.513,06;DTE;3
400073;-1;-13.513,06;DTE;3
400111;-7;-38,99;DTE;3
400111;-2;-11,14;DTE;3
400140;-2;-16,2;DTE;3
400140;-4;-32,4;DTE;3
400140;-48;-388,75;DTE;3
400140;-120;-971,89;DIT;3
400142;-3;-212,49;DTE;3
400193;-9;-265,06;DTM;3
400288;-1;-13.952,59;DTM;3
400288;-1;-13.952,59;DTM;3
400307;-47;-299,04;DTE;3
400344;-2;-75,33;DTM;3
400434;-507;-14.296,94;DIT;3
400434;-2;-56,4;DTM;3
400443;-15;-102,83;DTM;3
400443;-101;-692,4;DTE;3
400443;-20;-137,11;DTM;3
400446;-2;-79,25;DTM;3
400474;-24;-668;DTE;3
400474;-40;-1.113,34;DTM;3
400474;-630;-17.535,04;DIT;3
400474;-15;-417,5;DTM;3
400484;-3;-47,94;DTM;3
400484;-3;-47,94;DTM;3
400487;-310;-16.980,87;DTM;3
400487;-50;-2.738,85;DTM;3
400506;-10;-98,64;DTE;3
400588;-20;-1.142,72;DIT;3
400594;-23;-2.189,23;DTE;3
400665;-6;-142,1;DTE;3
400665;-6;-142,1;DTE;3
400673;-26;-36,09;DTE;3
400673;-2;-2,78;DTM;3
400673;-10;-13,88;DTM;3
400673;-30;-41,65;DTM;3
400673;-21;-29,15;DTM;3
400673;-13;-18,05;DTM;3
400673;-12;-16,66;DTM;3
400673;-20;-27,76;DTM;3
400673;-12;-16,66;DTM;3
400673;-14;-19,44;DTM;3
400708;-470;-2.979,96;DTM;3
400708;-12;-76,08;DTE;3
400708;-15;-95,1;DTM;3
400730;-140;-2.676,79;DTM;3
400758;-3;-1.416,01;DTM;3
400758;-3;-1.416,01;DTM;3
400758;-20;-9.440,05;DIT;3
400790;-22;-448,86;DTE;3
400791;-6;-195,64;DTM;3
400805;-3;-16,51;DTE;3
400813;-14;-24,46;DTE;3
400813;-6;-10,48;DTM;3
400906;-1;-99,53;DTE;3
400906;-11;-1.094,87;DTE;3
400906;-18;-1.791,61;DTE;3
400906;-1;-99,53;DTE;3
400930;-4;-9,68;DTE;3
400930;-1;-2,42;DTE;3
400955;-200;-841,87;DIT;3
400974;-200;-278,85;DIT;3
401108;-9;-27,23;DTE;3
401116;-3;-109,64;DTE;3
401116;-3;-109,64;DTE;3
401116;-27;-986,74;DTE;3
401117;-6;-73,74;DTE;3
401117;-44;-540,74;DTE;3
401117;-4;-49,16;DTE;3
401131;-50;-642,78;DIT;3
401131;-31;-398,53;DTE;3
401193;-1;-7.079,88;DTE;3
401213;-1;-69,55;DTE;3
401234;-15;-97,01;DTE;3
401356;-3;-4.345,58;DIT;3
401360;-4;-6.623,82;DIT;3
401360;-5;-8.279,77;DIT;3
401360;-5;-8.279,77;DIT;3
401375;-4;-743,78;DTE;3
401396;-298;-2.793,31;DIT;3
401396;-20;-187,47;DTM;3
401403;-1;-10,02;DTM;3
401435;-100;-574,34;DIT;3
401438;-7;-80,02;DTE;3
401451;-3;-70,94;DTM;3
401465;-200;-2.443,93;DPC;3
401465;-44;-537,66;DTE;3
401500;-1;-11,35;DTE;3
401566;-39;-894,28;DTE;3
401568;-3;-3,71;DTE;3
401576;-2;-46,46;DTM;3
401576;-1;-23,23;DTM;3
401608;-9;-453,79;DTE;3
401620;-16;-46,56;DTE;3
401632;-500;-1.105,06;DIT;3
401678;-3;-7.597,26;DIT;3
401752;-1;-5.420,80;DTM;3
401753;-9;-82,4;DTM;3
401803;-1;-15,41;DTM;3
401823;-60;-1.694,80;DTE;3
401834;-200;-2.299,98;DIT;3
401844;-2;-257,71;DTE;3
401857;-3;-984,89;DTE;3
401870;-8;-8,13;DTE;3
401888;-3;-91,04;DTE;3
401937;-37;-151,33;DTE;3
401937;-2;-8,18;DTE;3
401959;-50;-9.268,51;DIT;3
402026;-1;-24,51;DTM;3
402026;-2;-49,02;DTM;3
402065;-1;-15,75;DTM;3
402065;-3;-47,26;DTM;3
402081;-200;-19.472,87;DIT;3
402085;-2;-12,9;DTE;3
402106;-30;-2.366,77;DTM;3
402127;-41;-180,43;DTE;3
402152;-6;-384,62;DTE;3
402242;-6;-16.302,73;DIT;3
402247;-2;-38,1;DTM;3
402247;-1;-19,05;DTM;3
402247;-2;-38,1;DTM;3
402287;-100;-1.087,89;DIT;3
402307;-37;-2.653,71;DTE;3
402310;-50;-36,09;DIT;3
402312;-37;-417,65;DTE;3
402433;-6;-921,17;DTE;3
402443;-1;-105,18;DTE;3
402447;-3;-16.401,22;DIT;3
402587;-50;-1.484,77;DIT;3
402587;-1;-29,7;DTE;3
402675;-1;-342,19;DIT;3
402824;-100;-5.806,50;DIT;3
403121;-6;-48,02;DTE;3
403182;-6;-1.276,12;DTM;3
403182;-6;-1.276,12;DTM;3
403182;-6;-1.276,12;DTM;3
403182;-6;-1.276,12;DTM;3
403182;-4;-850,75;DTM;3
403602;-672;-839,16;DPC;3
403647;-16;-327,83;DTE;3
403804;-6;-48,74;DTE;3
404010;-264;-26.494,94;DTE;3
404719;-2;-43,08;DTE;3
404741;-3;-206,61;DTM;3
404972;-1;-486,44;DTM;3
405382;-1;-1.903,46;DIT;3
405473;-6;-804,01;DTM;3
405473;-6;-804,01;DTM;3
405539;-16;-303,44;DTE;3
408896;-2;-3.937,87;DPM;3
410200;-16;-193,57;DTE;3
800148;-200;-167,48;DTM;3
800158;-10;-17,39;DTM;3
800158;-10;-17,39;DTM;3
800223;-22;-28,91;DTM;3
800223;-16;-21,03;DTM;3
800223;-10;-13,14;DTM;3
800223;-10;-13,14;DTM;3
800223;-4;-5,26;DTM;3
800223;-12;-15,77;DTM;3
800223;-13;-17,09;DTM;3
800223;-2;-2,63;DTM;3
800266;-1;-15,8;DTM;3
800266;-1;-15,8;DTM;3
800266;-2;-31,6;DTM;3
800371;-2;-27,44;DTM;3
800435;-2;-29,64;DTM;3
800435;-1;-14,82;DTM;3
800435;-2;-29,64;DTM;3
800435;-3;-44,47;DTM;3
800499;-6;-56,54;DTE;3
800654;-40;-6.065,86;DIT;3
800763;-6;-52,05;DTM;3
800817;-30;-9.948,85;DIT;3
800817;-3;-994,89;DTM;3
800817;-3;-994,89;DTM;3
800817;-3;-994,89;DTM;3
800817;-3;-994,89;DTM;3
800817;-3;-994,89;DTM;3
800817;-3;-994,89;DTM;3
800817;-3;-994,89;DTM;3
800817;-3;-994,89;DTM;3
800817;-3;-994,89;DTM;3
800817;-3;-994,89;DTM;3
800817;-3;-994,89;DTM;3
800817;-6;-1.989,77;DTM;3
800817;-3;-994,89;DTM;3
800822;-3;-68,81;DTM;3
800822;-3;-68,81;DTM;3
800822;-3;-68,81;DTM;3
800822;-3;-68,81;DTM;3
800822;-3;-68,81;DTM;3
800822;-3;-68,81;DTM;3
800852;-50;-1.002,83;DIT;3
800889;-6;-117,98;DTM;3
800889;-3;-58,99;DTM;3
800889;-3;-58,99;DTM;3
800889;-3;-58,99;DTM;3
800889;-200;-3.932,57;DIT;3
800959;-30;-3.276,78;DIT;3
801011;-3;-55,57;DTM;3
801064;-6;-14,86;DTE;3
801087;-100;-1.215,52;DIT;3
801125;-3;-103,11;DTM;3
801125;-14;-481,2;DTM;3
801157;-100;-193,41;DPM;3
801186;-200;-3.147,70;DIT;3
801215;-1;-10,48;DTM;3
801215;-1;-10,48;DTM;3
801215;-6;-62,9;DTM;3
801237;-2;-48,12;DTM;3
801237;-2;-48,12;DTM;3
801240;-200;-14.527,79;DIT;3
801304;-2;-32,46;DTM;3
801304;-2;-32,46;DTM;3
801346;-2;-32,49;DTM;3
801346;-1;-16,24;DTM;3
801346;-1;-16,24;DTM;3
801400;-4;-398,62;DTE;3
801400;-20;-1.993,12;DIT;3
803344;-18;-1.658,53;DTM;3
803344;-3;-276,42;DTM;3
803344;-3;-276,42;DTM;3
803344;-3;-276,42;DTM;3
803344;-6;-552,84;DTM;3
805459;-3;-494,16;DTM;3
805459;-3;-494,16;DTM;3
805459;-6;-988,32;DTM;3
805459;-6;-988,32;DTM;3
400011;-1;-104,75;DTM;3
400011;-2;-209,5;DTM;3
400011;-6;-628,51;DTE;3
400040;-3;-42.109,96;DTE;3
400040;-1;-14.036,65;DTE;3
400072;-5;-22.269,42;DIT;3
400072;-5;-22.269,43;DIT;3
400073;-1;-13.830,57;DIT;3
400111;-1;-5,57;DTM;3
400111;-1;-5,57;DTM;3
400111;-3;-16,71;DTE;3
400140;-4;-32,4;DTM;3
400140;-4;-32,4;DTM;3
400140;-4;-32,4;DTM;3
400140;-7;-56,69;DTM;3
400140;-16;-129,58;DTM;3
400140;-12;-97,19;DTM;3
400140;-2;-16,2;DTM;3
400140;-8;-64,79;DTM;3
400140;-8;-64,79;DTM;3
400140;-4;-32,4;DTM;3
400140;-12;-97,19;DTM;3
400140;-4;-32,4;DTM;3
400140;-12;-97,19;DTM;3
400140;-8;-64,79;DTM;3
400142;-3;-212,49;DTM;3
400142;-9;-637,48;DTE;3
400192;-6;-87,04;DTE;3
400193;-9;-265,06;DTE;3
400307;-152;-967,1;DTE;3
400307;-4;-25,45;DTM;3
400366;-2;-11,54;DTM;3
400474;-118;-3.284,34;DTE;3
400474;-100;-2.783,34;DTE;3
400474;-478;-13.304,36;DTE;3
400474;-63;-1.753,50;DTE;3
400474;-37;-1.029,84;DTE;3
400518;-3;-28,3;DTE;3
400665;-9;-213,15;DTE;3
400708;-36;-228,25;DTE;3
400708;-324;-2.054,27;DTE;3
400813;-6;-10,48;DTM;3
400813;-6;-10,48;DTM;3
400813;-23;-40,18;DTE;3
400813;-20;-34,94;DTM;3
400813;-2;-3,49;DTM;3
400813;-10;-17,47;DTM;3
400951;-2;-51,52;DTM;3
400955;-14;-58,93;DTE;3
400955;-20;-84,19;DTE;3
400974;-26;-36,25;DTE;3
401108;-9;-27,23;DTE;3
401116;-6;-219,28;DTM;3
401116;-72;-2.631,32;DTM;3
401116;-15;-548,19;DTE;3
401117;-30;-368,68;DTE;3
401131;-107;-1.375,56;DTE;3
401239;-3;-71,54;DTM;3
401239;-10;-238,46;DTE;3
401239;-3;-71,54;DTM;3
401264;-9;-239,06;DTE;3
401360;-10;-16.559,55;DIT;3
401471;-9;-285,54;DTE;3
401485;-16;-2.268,78;DTM;3
401500;-3;-34,04;DTE;3
401568;-5;-6,19;DTE;3
401608;-18;-907,57;DTE;3
401711;-9;-215,7;DTE;3
401823;-1;-28,25;DTE;3
401823;-2;-56,49;DTE;3
401823;-4;-112,99;DTE;3
401834;-1;-11,5;DTE;3
401857;-3;-984,89;DTM;3
401870;-30;-30,48;DTE;3
401937;-76;-310,84;DTE;3
401959;-50;-9.268,51;DIT;3
401964;-1;-4.534,00;DTE;3
402026;-7;-171,56;DTE;3
402026;-10;-245,08;DTE;3
402106;-3;-236,68;DTE;3
402127;-14;-61,61;DTE;3
402221;-1;-40,18;DTM;3
402221;-2;-80,35;DTM;3
402221;-4;-160,7;DTM;3
402242;-2;-5.434,24;DIT;3
402242;-2;-5.434,24;DIT;3
402242;-10;-27.171,21;DIT;3
402287;-3;-32,64;DTM;3
402296;-15;-187,91;DTE;3
402296;-3;-37,58;DTM;3
402373;-3;-37,39;DTE;3
402433;-12;-1.842,34;DTE;3
402587;-4;-118,78;DTE;3
402587;-3;-89,09;DTM;3
404010;-488;-48.975,50;DTE;3
404084;-15;-343,68;DTE;3
404741;-3;-206,61;DTE;3
405539;-38;-720,67;DTE;3
800108;-4;-17,55;DTM;3
800108;-4;-17,55;DTM;3
800108;-2;-8,78;DTM;3
800108;-4;-17,55;DTM;3
800163;-579;-16.058,67;DIT;3
800654;-3;-454,94;DTM;3
800654;-3;-454,94;DTM;3
800654;-3;-454,94;DTM;3
800654;-3;-454,94;DTM;3
800654;-3;-454,94;DTM;3
800654;-3;-454,94;DTM;3
800654;-3;-454,94;DTM;3
801112;-1;-182,15;DTM;3
801112;-2;-364,3;DTM;3
801112;-3;-546,45;DTM;3
801112;-2;-364,3;DTM;3
801112;-4;-728,59;DTM;3
801112;-1;-182,15;DTM;3
801112;-2;-364,3;DTM;3
801112;-4;-728,59;DTM;3
801112;-4;-728,59;DTM;3
801112;-2;-364,3;DTM;3
801112;-5;-910,74;DTM;3
801216;-50;-369,07;DIT;3
801233;-50;-293,22;DIT;3
801826;-3;-17,14;DTM;3
120136;-1;-106,93;DPC;3
120343;-1;-158,87;DPC;3
400224;-6;-9.700,38;DTE;3
400292;-3;-1.225,92;DIT;3
400292;-3;-1.225,92;DIT;3
400292;3;1.225,92;DIT;3
400434;-200;-5.639,82;DIT;3
400506;-20;-197,29;DTE;3
400790;-42;-856,92;DTE;3
400805;-9;-49,53;DTE;3
400906;-21;-2.090,21;DTE;3
400930;-30;-72,62;DTE;3
400942;-3;-14,04;DTE;3
401127;-1;-2.060,68;DTM;3
401127;-1;-2.060,68;DTM;3
401127;-2;-4.121,35;DTM;3
401127;-1;-2.060,68;DTM;3
401127;-1;-2.060,68;DTM;3
401127;-1;-2.060,68;DTM;3
401127;-3;-6.182,03;DTM;3
401127;-1;-2.060,68;DTM;3
401127;-1;-2.060,68;DTM;3
401127;-1;-2.060,68;DTM;3
401127;-1;-2.060,68;DTM;3
401127;-1;-2.060,68;DTM;3
401127;-1;-2.060,68;DTM;3
401127;-1;-2.060,68;DTM;3
401127;-1;-2.060,68;DTM;3
401127;-3;-6.182,03;DTE;3
401465;-129;-1.576,33;DTE;3
401566;-107;-2.453,53;DTE;3
401574;-3;-48,17;DTE;3
401632;-1.000;-2.210,11;DIT;3
401753;-6;-54,93;DTE;3
401791;-1.000;-4.443,25;DIT;3
401844;-1;-128,86;DTE;3
401857;-9;-2.954,67;DTE;3
401927;-15;-311,83;DTE;3
402111;-10;-53,96;DIT;3
402307;-118;-8.463,19;DTE;3
402310;20;14,44;DIT;3
402310;-20;-14,44;DIT;3
402312;-82;-925,59;DTE;3
402318;-6;-282,26;DTE;3
402318;-84;-3.951,61;DTE;3
402318;-1;-47,04;DTE;3
402318;-130;-6.115,58;DTE;3
402318;-42;-1.975,80;DTE;3
402318;-77;-3.622,31;DTE;3
402660;-100;-583,67;DIT;3
402675;-1;-342,19;DIT;3
402675;-1;-342,19;DIT;3
402675;1;342,19;DIT;3
402741;-100;-864,02;DIT;3
402824;-180;-10.451,71;DIT;3
402860;-1;-85.249,80;DTM;3
403121;-13;-104,04;DTE;3
403425;-1;-27.446,03;DIT;3
403602;-18;-22,48;DTE;3
403647;-42;-860,56;DTE;3
403804;-9;-73,11;DTE;3
404010;-212;-21.276,24;DTE;3
404084;-13;-297,85;DTE;3
404719;-4;-86,16;DTE;3
405382;-1;-1.903,46;DIT;3
405382;-1;-1.903,46;DIT;3
405382;1;1.903,46;DIT;3
407094;-24;-1.687,91;DTE;3
407096;-2;-431,46;DTE;3
410200;-42;-508,12;DTE;3
800892;-200;-1.508,06;DIT;3
400011;-2;-209,5;DTE;3
400072;-10;-44.596,57;DIT;3
400073;-1;-13.894,82;DTE;3
400111;-1;-5,57;DTM;3
400111;-1;-5,57;DTM;3
400130;-2;-5,97;DTM;3
400130;-4;-11,94;DTM;3
400130;-6;-17,91;DTM;3
400142;-3;-212,49;DTE;3
400288;-1;-13.952,59;DIT;3
400307;-2;-12,72;DTM;3
400307;-6;-38,17;DTM;3
400307;-2;-12,72;DTM;3
400375;-2;-18,06;DTE;3
400434;-177;-4.991,24;DIT;3
400506;-5;-49,32;DTE;3
400594;-7;-666,29;DTE;3
400655;-24;-1.026,81;DTM;3
400655;-12;-513,4;DTM;3
400665;-6;-142,1;DTM;3
400665;-6;-142,1;DTM;3
400665;-6;-142,1;DTM;3
400665;-3;-71,05;DTM;3
400708;-10;-63,4;DTM;3
400708;-9;-57,06;DTE;3
400790;-8;-163,22;DTE;3
400809;-6;-9,76;DTE;3
400813;-5;-8,74;DTE;3
400906;-4;-398,14;DTE;3
400930;-4;-9,68;DTM;3
400930;-4;-9,68;DTM;3
400930;-4;-9,68;DTE;3
400974;-4;-5,58;DTE;3
401102;-1;-1,33;DTM;3
401102;-1;-1,33;DTM;3
401105;-3;-9,62;DTM;3
401108;-15;-45,38;DTM;3
401116;-6;-219,28;DTM;3
401116;-24;-877,1;DTM;3
401116;-12;-438,55;DTM;3
401116;-6;-219,28;DTM;3
401116;-6;-219,28;DTM;3
401117;-4;-49,16;DTM;3
401117;-4;-49,16;DTM;3
401117;-4;-49,16;DTM;3
401117;-4;-49,16;DTM;3
401117;-4;-49,16;DTM;3
401117;-4;-49,16;DTM;3
401117;-4;-49,16;DTM;3
401117;-6;-73,74;DTM;3
401117;-4;-49,16;DTE;3
401127;-3;-6.182,03;DTE;3
401131;-3;-38,57;DTE;3
401131;-3;-38,57;DTM;3
401131;-2;-25,71;DTM;3
401239;-2;-47,69;DTM;3
401239;-3;-71,54;DTM;3
401239;-3;-71,54;DTE;3
401324;-1;-11.306,26;DIT;3
401360;-5;-8.279,77;DIT;3
401360;-1;-1.655,95;DTE;3
401451;-3;-70,94;DTM;3
401465;-6;-73,32;DTE;3
401489;-3;-17,44;DTE;3
401500;-1;-11,35;DTE;3
401566;-4;-91,72;DTE;3
401608;-6;-302,52;DTE;3
401657;-1;-153,28;DTM;3
401711;-6;-143,8;DTM;3
401711;-3;-71,9;DTM;3
401711;-6;-143,8;DTM;3
401763;-3;-112,71;DTM;3
401834;-2;-23;DTE;3
401857;-3;-984,89;DTM;3
401857;-3;-984,89;DTE;3
401864;-28;-97,84;DTM;3
401870;-2;-2,03;DTE;3
401937;-2;-8,18;DTE;3
401959;-6;-1.112,22;DTM;3
401959;-2;-370,74;DTM;3
401959;-2;-370,74;DTM;3
401959;-2;-370,74;DTE;3
401959;-2;-370,74;DTM;3
401959;-2;-370,74;DTM;3
401959;-2;-370,74;DTM;3
401959;-2;-370,74;DTM;3
401959;-2;-370,74;DTM;3
401959;-2;-370,74;DTM;3
401959;-2;-370,74;DTM;3
401959;-2;-370,74;DTM;3
401959;-2;-370,74;DTM;3
401959;-2;-370,74;DTM;3
401959;-5;-926,85;DTM;3
401959;-4;-741,48;DTM;3
401959;-2;-370,74;DTM;3
401959;-3;-556,11;DTM;3
401959;-2;-370,74;DTM;3
401959;-15;-2.780,55;DTE;3
402025;-3;-20,07;DTM;3
402087;-100;-681,88;DIT;3
402127;-4;-17,6;DTE;3
402152;-6;-385,17;DTE;3
402242;-5;-13.585,61;DIT;3
402296;-6;-75,17;DTM;3
402296;-6;-75,17;DTM;3
402296;-6;-75,17;DTM;3
402296;-24;-300,66;DTM;3
402296;-12;-150,33;DTM;3
402312;-2;-22,58;DTE;3
402373;-1;-12,46;DTM;3
402433;-2;-307,06;DTE;3
402433;-4;-614,11;DTE;3
402447;-1;-5.467,90;DIT;3
402587;-1;-29,7;DTE;3
402650;-1;-1.448,47;DTE;3
402741;-3;-25,92;DTM;3
402847;-1;-1.089,32;DTE;3
403121;-1;-8;DTE;3
403602;-6;-7,49;DTE;3
404084;-4;-91,65;DTM;3
404084;-3;-68,74;DTM;3
404084;-16;-366,59;DTM;3
404084;-11;-252,03;DTM;3
404084;-1;-22,91;DTM;3
404084;-9;-206,21;DTM;3
404084;-16;-366,59;DTM;3
405473;-40;-5.360,04;DIT;3
800026;-20;-23,94;DIT;3
800894;-30;-185,2;DIT;3
801112;-1;-182,15;DTM;3
801112;-4;-728,59;DTM;3
801112;-3;-546,45;DTM;3
801112;-1;-182,15;DTM;3
801112;-3;-546,45;DTM;3
801112;-2;-364,3;DTM;3
801112;-2;-364,3;DTM;3
801112;-2;-364,3;DTM;3
801112;-2;-364,3;DTM;3
801112;-4;-728,59;DTM;3
801112;-4;-728,59;DTM;3
801112;-4;-728,59;DTM;3
801112;-6;-1.092,89;DTM;3
801112;-2;-364,3;DTM;3
801112;-2;-364,3;DTM;3
801112;-2;-364,3;DTM;3
801112;-4;-728,59;DTM;3
801220;-100;-638,66;DIT;3
801303;-100;-587,55;DIT;3
801316;-48;-1.150,50;DTM;3
801400;-50;-4.982,80;DIT;3
805478;-40;0;DTM;3
120065;-4;-78,28;DIT;4
120068;-1;-8,42;DIT;4
120095;-1;-3,8;DIT;4
120107;-1;-106,48;DIT;4
120107;-1;-106,47;DIT;4
120128;-1;-44,87;DIT;4
120141;-1;-158,87;DIT;4
120141;-1;-158,87;DIT;4
120184;-1;-253,3;DIT;4
120188;-1;-8,59;DCF;4
120254;-1;-106,47;DIT;4
120284;-2;-37,84;DIT;4
120334;-1;-159,09;DIT;4
120334;-1;-159,09;DIT;4
120335;-1;-159,09;DIT;4
120335;-1;-159,09;DIT;4
120366;-1;-115,11;DIT;4
400072;-2;-8.919,31;DIT;4
400111;-2;-11,14;DTE;4
400111;-1;-5,57;DTE;4
400111;-2;-11,14;DTE;4
400142;-3;-212,49;DTE;4
400193;-8;-235,61;DIT;4
400224;-1;-1.616,73;DTE;4
400288;-1;-13.952,59;DTM;4
400288;-1;-13.952,59;DTM;4
400288;-1;-13.952,59;DTM;4
400288;-1;-13.952,59;DTM;4
400288;-1;-13.952,59;DIT;4
400288;-1;-13.952,59;DTM;4
400307;-44;-279,95;DTE;4
400307;-2;-12,72;DTE;4
400307;-87;-553,54;DTE;4
400375;-2;-18,06;DTE;4
400434;-412;-11.618,03;DIT;4
400506;-5;-49,32;DTE;4
400518;-3;-28,3;DTE;4
400665;-9;-213,15;DTE;4
400708;-380;-2.409,33;DTM;4
400708;-220;-1.394,87;DTM;4
400730;-960;-18.355,15;DTM;4
400790;-4;-81,61;DTE;4
400790;-4;-81,61;DTE;4
400790;-4;-81,61;DTE;4
400790;-8;-163,22;DTE;4
400813;-20;-34,94;DTM;4
400813;-2;-3,49;DTM;4
400813;-10;-17,47;DTM;4
400813;-20;-34,94;DTM;4
400906;-2;-199,07;DTE;4
400906;-2;-199,07;DTE;4
400906;-2;-199,07;DTE;4
400906;-4;-398,13;DTE;4
401108;-3;-9,08;DTE;4
401116;-16;-584,74;DIT;4
401116;-9;-328,91;DTE;4
401127;-1;-2.060,79;DTE;4
401324;-2;-22.675,44;DIT;4
401438;-1;-11,43;DTE;4
401438;-22;-251,5;DTE;4
401438;-1;-11,43;DTE;4
401465;-60;-733,18;DTE;4
401471;-3;-95,18;DTE;4
401485;-1;-141,79;DTE;4
401566;-34;-779,63;DTE;4
401566;-5;-114,65;DTE;4
401566;-56;-1.284,09;DTE;4
401566;-97;-2.224,23;DTE;4
401568;-2;-2,48;DTE;4
401568;-2;-2,48;DTE;4
401568;-2;-2,48;DTE;4
401576;-1;-23,23;DTE;4
401576;-1;-23,23;DTE;4
401686;-49;-583,32;DIT;4
401711;-3;-71,9;DTE;4
401711;-49;-1.174,35;DIT;4
401834;-1;-11,5;DTE;4
401857;-3;-984,88;DTE;4
401870;-6;-6,1;DTE;4
401870;-6;-6,1;DTE;4
401927;-9;-187,1;DTE;4
402081;-6;-584,19;DTM;4
402081;-5;-486,82;DTM;4
402081;-6;-584,19;DTM;4
402081;-6;-584,19;DTM;4
402242;-10;-27.171,21;DIT;4
402296;-12;-150,33;DIT;4
402296;-9;-112,75;DTE;4
402307;-64;-4.590,16;DTE;4
402307;-99;-7.100,40;DTE;4
402307;-38;-2.725,41;DTE;4
402307;-100;-7.172,12;DTE;4
402331;-17;-809,69;DTE;4
402397;-150;-4.310,14;DTM;4
402397;-180;-5.172,17;DTM;4
402447;-2;-10.935,81;DIT;4
402587;-3;-89,09;DTE;4
402587;-1;-29,7;DTE;4
402741;-3;-25,92;DTE;4
403121;-6;-48,02;DTE;4
403121;-16;-128,05;DTE;4
403121;-5;-40,01;DTE;4
403121;-13;-104,04;DTE;4
403602;-6;-7,49;DTE;4
403602;-272;-339,66;DTE;4
403602;-6;-7,49;DTE;4
403602;-6;-7,49;DTE;4
403602;-9;-11,24;DTE;4
403642;-34.822;-531.726,02;DPC;4
403647;-45;-922,03;DTE;4
403647;-14;-286,85;DTE;4
403647;-26;-532,73;DTE;4
403804;-30;-243,69;DTE;4
403804;-6;-48,74;DTE;4
403804;-8;-64,98;DTE;4
404084;-7;-160,38;DTE;4
404719;-3;-64,62;DTE;4
404719;-2;-43,08;DTE;4
404719;-5;-107,7;DTE;4
404741;-3;-206,61;DTE;4
405539;-48;-910,32;DTE;4
405539;-16;-303,44;DTE;4
405539;-20;-379,3;DTE;4
405539;-3;-56,9;DTE;4
405539;-38;-720,67;DTE;4
408994;-3;-76,52;DTE;4
410200;-44;-532,31;DTE;4
410200;-26;-314,55;DTE;4
410200;-16;-193,57;DTE;4
800048;-152;-85,12;DTM;4
800054;-40;-779,92;DIT;4
800116;-4;-23,35;DTM;4
800116;-4;-23,35;DTM;4
800116;-2;-11,67;DTM;4
800116;-4;-23,35;DTM;4
800116;-4;-23,35;DTM;4
800116;-2;-11,67;DTM;4
800116;-4;-23,35;DTM;4
800223;-20;-26,29;DTM;4
800223;-22;-28,91;DTM;4
800262;-6;0;DTM;4
800266;-2;-31,6;DTM;4
800266;-2;-31,6;DTM;4
800274;-3;-35,55;DTM;4
800327;-11;-312,11;DIT;4
800341;-3;-111,9;DTM;4
800344;-1;-29,05;DTM;4
800515;-3;-112,5;DTM;4
800651;-4;-19,4;DTM;4
800651;-4;-19,4;DTM;4
800654;-6;-909,88;DTM;4
800654;-5;-758,23;DIT;4
800654;-12;0;DTM;4
800774;-100;-23,02;DTM;4
800817;-3;-994,89;DTM;4
800817;-6;-1.989,77;DTM;4
800817;-2;-663,26;DIT;4
800817;-40;-13.265,14;DIT;4
800852;-50;-1.002,83;DIT;4
800884;-6;-75,78;DTM;4
800894;-3;-18,52;DTM;4
800894;-3;-18,52;DTM;4
800906;-3;-30,28;DTM;4
800922;-2;-44,72;DTM;4
800922;-3;-67,08;DTM;4
800922;-4;-89,45;DTM;4
800922;-2;-44,72;DTM;4
800922;-1;-22,36;DTM;4
801081;-12;-311,14;DIT;4
801087;-3;-36,47;DTM;4
801157;-500;-967,05;DTM;4
801185;-264;-822,36;DIT;4
801186;-1;-15,74;DTM;4
801186;-4;-62,95;DIT;4
801186;-3;-47,22;DTM;4
801215;-2;-20,97;DTM;4
801215;-6;-62,9;DIT;4
801225;-6;-175,84;DTM;4
801225;-3;-87,92;DTM;4
801225;-6;-175,84;DTM;4
801400;-20;-1.993,12;DIT;4
801826;-3;-17,14;DTM;4
801826;-3;-17,14;DTM;4
801826;-3;-17,14;DTM;4
802301;-200;-240,08;DTM;4
803225;-150;-8,37;DTM;4
803584;-500;-300;DTM;4
400011;-2;-209,5;DTE;4
400011;-4;-419;DTE;4
400040;-2;-14.587,89;DIT;4
400072;-4;-14.157,68;DIT;4
400072;-2;-7.078,84;DIT;4
400142;-6;-424,99;DTE;4
400193;-3;-88,35;DTE;4
400210;-2;-7.451,19;DTE;4
400221;-10;-21.312,45;DIT;4
400221;-5;-10.656,22;DIT;4
400288;-2;-4.164,05;DIT;4
400359;-40;-984,75;DTE;4
400359;40;984,75;DTE;4
400474;-66;-1.837,00;DTE;4
400474;-24;-668;DTE;4
400474;-39;-1.085,50;DTE;4
400474;-651;-18.119,54;DTE;4
400474;-20;-556,67;DTE;4
400506;-10;-98,64;DTE;4
400594;-6;-571,1;DTE;4
400594;-43;-4.092,92;DTE;4
400594;-6;-571,1;DTE;4
400594;-7;-666,29;DTE;4
400594;-6;-571,1;DTE;4
400708;-195;-1.236,36;DTE;4
400708;-9;-57,06;DTE;4
400730;-210;-4.015,19;DTM;4
400758;-25;0;DTM;4
400790;-20;-408,06;DTE;4
400805;-100;-555,77;DIT;4
400805;-6;-33,35;DTE;4
400813;-12;-20,97;DTE;4
400813;-5;-8,74;DTE;4
400813;-3;-5,24;DTE;4
400827;-30;-85,77;DTE;4
400906;-10;-995,33;DTE;4
400930;-6;-14,57;DTE;4
400930;-8;-19,37;DTE;4
400930;-2;-4,84;DTE;4
400930;-4;-9,68;DTE;4
400942;-23;-107,63;DTE;4
400955;-2;-8,42;DTE;4
400974;-4;-5,58;DTE;4
400974;-10;-13,94;DTE;4
400974;-4;-5,58;DTE;4
401117;-8;-98,32;DTE;4
401117;-4;-49,16;DTE;4
401117;-6;-73,74;DTE;4
401131;-41;-527,08;DTE;4
401131;-1;-12,86;DTE;4
401131;-28;-359,96;DTE;4
401131;-79;-1.015,60;DTE;4
401131;-61;-784,19;DTE;4
401239;-3;-71,54;DTE;4
401239;-3;-71,54;DTE;4
401239;-3;-71,54;DTE;4
401264;-3;-79,69;DTE;4
401264;-3;-79,69;DTE;4
401318;-1;-2.348,08;DTE;4
401318;-1;-2.348,08;DTE;4
401318;-1;-2.348,08;DTE;4
401360;-15;-24.839,32;DIT;4
401485;-1;-141,79;DTE;4
401485;-1;-141,79;DTE;4
401485;1;141,79;DTE;4
401500;-2;-22,69;DTE;4
401566;-70;-1.605,11;DTE;4
401568;-4;-4,95;DTE;4
401608;-12;-605,05;DTE;4
401608;-3;-151,26;DTE;4
401711;-3;-71,9;DTE;4
401752;-1;-5.420,80;DTE;4
401823;-33;-935,28;DTE;4
401823;-28;-793,57;DTM;4
401823;-63;-1.785,54;DTE;4
401823;-117;-3.316,00;DTE;4
401823;-24;-680,2;DTM;4
401823;-107;-3.032,58;DTE;4
401823;-57;-1.615,49;DTE;4
401844;-1;-128,55;DTE;4
401857;-6;-1.969,75;DTE;4
401870;-10;-10,16;DTE;4
401937;-21;-85,89;DTE;4
401937;-19;-77,71;DTE;4
401937;-41;-167,69;DTE;4
401937;-14;-57,26;DTE;4
401937;-48;-196,32;DTE;4
402025;-36;-240,83;DIT;4
402026;-9;-220,57;DTE;4
402026;-11;-269,59;DTE;4
402026;10;245,08;DTE;4
402026;-10;-245,08;DTE;4
402026;11;269,59;DTE;4
402026;9;220,57;DTE;4
402087;-100;-681,88;DIT;4
402127;-30;-132,02;DTE;4
402127;-8;-35,21;DTE;4
402127;-2;-8,8;DTE;4
402127;-8;-35,21;DTE;4
402152;-12;-770,35;DTE;4
402152;-10;-641,96;DTE;4
402152;-12;-770,35;DTE;4
402152;-18;-1.155,52;DTE;4
402242;-5;-13.585,61;DIT;4
402307;-78;-5.594,26;DTE;4
402312;-40;-451,51;DTE;4
402312;-21;-237,04;DTE;4
402312;-19;-214,47;DTE;4
402312;-14;-158,03;DTE;4
402312;-53;-598,25;DTE;4
402318;-148;-6.962,36;DTE;4
402401;-3;-78,36;DTE;4
402401;-3;-78,36;DTE;4
402404;-3;-27,24;DTE;4
402433;-3;-460,58;DTE;4
402433;-6;-921,16;DTE;4
402447;-3;-16.403,71;DIT;4
402447;-1;-5.467,90;DIT;4
402587;-1;-29,7;DTE;4
402624;7;18.383,51;DTE;4
402650;-1;-1.453,26;DTE;4
402660;-100;-583,67;DIT;4
402733;-100;-584,99;DIT;4
402741;-100;-864,02;DIT;4
403121;-6;-48,02;DTE;4
403182;-50;-10.634,33;DIT;4
403337;-1;-1.034,41;DIT;4
403499;-5.000;-921,09;DPC;4
403574;-247;-16.479,29;DTE;4
403574;-102;-6.805,21;DTE;4
403574;-1.045;-69.720,05;DPC;4
403602;-5.000;-6.243,74;DPC;4
403602;-12;-14,98;DTE;4
403647;-14;-286,85;DTE;4
403663;-50;-16.413,54;DPC;4
403852;-1.050;-67.681,78;DPC;4
404010;-290;-29.104,30;DTE;4
404010;-128;-12.846,03;DTE;4
404010;-506;-50.781,98;DTE;4
404071;-3;-493,85;DTE;4
404719;-3;-64,62;DTE;4
405539;-20;-379,3;DTE;4
407094;-8;-562,64;DTE;4
407094;-8;-562,64;DTE;4
407094;-8;-562,64;DTE;4
407094;-8;-562,64;DTE;4
407096;-46;-9.923,51;DTE;4
408994;-3;-76,52;DTE;4
408994;47;1.198,76;DTE;4
408994;-47;-1.198,76;DTE;4
410177;-78;-166,1;DTE;4
410200;-28;-338,75;DTE;4
410213;-9;-162;DTE;4
800654;-15;-2.274,70;DIT;4
800775;-400;0;DTM;4
800810;-98;0;DTM;4
800817;40;13.265,14;DIT;4
800817;-40;-13.265,14;DIT;4
800824;-100;-790,84;DIT;4
800852;-50;-1.002,83;DIT;4
800852;50;1.002,83;DIT;4
800872;-100;0;DTM;4
801010;-100;-582,23;DIT;4
801079;-92;0;DTM;4
801114;-100;-583,14;DIT;4
801185;264;822,36;DIT;4
801185;-100;0;DTM;4
801185;-164;-510,86;DIT;4
801233;-100;-586,44;DIT;4
801263;-200;0;DTM;4
801303;-100;-587,55;DIT;4
801708;-200;-99,9;DTM;4
804633;-500;0;DTM;4
804637;-499;0;DTM;4
110215;-150;-657;DTM;4
110356;-20;-14;DTM;4
110404;-2;-14,24;DTM;4
110649;-10;-39;DTM;4
110708;-10;-14;DTM;4
112065;-10;-10;DTM;4
112066;-10;-53,7;DTM;4
112242;-10;-48;DTM;4
400011;-2;-209,5;DTE;4
400011;-1;-104,75;DTE;4
400040;-2;-14.587,89;DTE;4
400140;-4;-32,4;DTE;4
400140;-80;-647,92;DIT;4
400140;-30;-242,97;DIT;4
400140;-80;-647,92;DIT;4
400140;-80;-647,92;DIT;4
400140;-300;-2.429,72;DPC;4
400192;-50;-725,36;DIT;4
400193;-4;-117,81;DIT;4
400193;-50;-1.472,57;DIT;4
400193;-4;-117,81;DIT;4
400224;-2;-3.233,46;DIT;4
400243;-1;-11.475,65;DTM;4
400288;-1;-2.082,02;DTM;4
400288;-1;-2.082,03;DIT;4
400292;-3;-1.225,92;DIT;4
400292;-33;-13.485,14;DPC;4
400307;-16;-101,8;DTM;4
400307;-4;-25,45;DTM;4
400344;-10;-376,53;DIT;4
400344;-10;-376,53;DIT;4
400434;-100;-2.819,91;DIT;4
400434;-100;-2.819,91;DIT;4
400434;-250;-7.049,77;DIT;4
400434;-100;-2.819,91;DIT;4
400443;-500;-3.427,71;DIT;4
400460;-300;-8.156,57;DIT;4
400474;-432;-12.024,03;DPM;4
400474;-42;-1.169,00;DTE;4
400496;-3;-100,31;DTE;4
400496;-2;-66,87;DTE;4
400545;-50;-809,94;DIT;4
400546;-100;-1.988,00;DIT;4
400594;-20;-1.903,68;DTE;4
400665;-6;-142,1;DTE;4
400673;-10;-13,86;DTM;4
400708;-18;-114,13;DTE;4
400805;-100;-555,77;DIT;4
400805;-3;-16,67;DTE;4
400805;-50;-277,88;DIT;4
400805;-3;-16,67;DTE;4
400805;-3;-16,67;DTM;4
400805;-6;-33,35;DIT;4
400805;-3;-16,67;DTE;4
400805;-3;-16,67;DTE;4
400805;-100;-555,77;DIT;4
400805;-3;-16,67;DTE;4
400805;-100;-555,77;DIT;4
400813;-200;-349,42;DIT;4
400813;-500;-873,56;DIT;4
400813;-600;-1.048,27;DIT;4
400813;-100;-174,71;DIT;4
400889;-24;-1.582,14;DIT;4
401105;-3;-9,62;DTM;4
401116;-8;-292,37;DIT;4
401116;-6;-219,28;DTE;4
401116;-30;-1.096,38;DIT;4
401127;-2;-4.121,58;DIT;4
401127;-2;-4.121,58;DTE;4
401239;-40;-953,84;DIT;4
401239;-3;-71,54;DTM;4
401239;-40;-953,84;DIT;4
401239;-12;-286,15;DTE;4
401239;-3;-71,54;DTE;4
401239;-50;-1.192,29;DIT;4
401264;-36;-956,24;DTE;4
401264;-6;-159,37;DTM;4
401358;-18;-43,02;DIT;4
401372;-6;-67,87;DIT;4
401435;-30;-172,3;DIT;4
401471;-6;-190,36;DTM;4
401500;-1;-11,35;DTE;4
401505;-200;-19.568,70;DIT;4
401544;-8;-68,72;DTE;4
401568;-2;-2,48;DTE;4
401568;-1;-1,24;DTE;4
401574;-4;-76,03;DTE;4
401574;-1;-19,01;DTE;4
401574;-1;-19,01;DTE;4
401574;-1;-19,01;DTE;4
401632;-500;-1.105,06;DIT;4
401686;-4;-47,62;DIT;4
401711;-20;-479,32;DIT;4
401711;-36;-862,78;DTE;4
401711;-4;-95,86;DIT;4
401711;-50;-1.198,31;DIT;4
401711;-6;-143,8;DTM;4
401711;-60;-1.437,97;DIT;4
401803;-11;-272,99;DIT;4
401834;-50;-575;DIT;4
401834;-50;-575;DIT;4
401834;-50;-575;DIT;4
401870;-2;-2,03;DTE;4
401892;-3;-85,56;DTE;4
401892;-7;-199,64;DTE;4
401892;-2;-57,04;DTE;4
401892;-1;-28,52;DTE;4
401910;-10;-116,09;DIT;4
401937;-53;-216,77;DTE;4
401937;-4;-16,36;DTE;4
401959;-2;-370,74;DTE;4
401959;-1;-185,37;DTE;4
401959;-4;-741,47;DTE;4
401959;-3;-556,1;DTE;4
401981;-500;-894,57;DIT;4
402027;-10.000;-12.867,69;DPC;4
402041;-100;-97,57;DIT;4
402123;-50;-293,21;DIT;4
402127;-8;-35,21;DTE;4
402127;-4;-17,6;DTE;4
402127;-8;-35,21;DTE;4
402152;-28;-1.797,47;DPC;4
402152;-12;-770,35;DTE;4
402202;-1;-37,86;DTE;4
402202;-5;-189,31;DTE;4
402202;-1;-37,86;DTE;4
402221;-1;-40,22;DTE;4
402269;-500;-81.367,17;DIT;4
402287;-50;-543,95;DIT;4
402287;-1;-10,88;DTE;4
402287;-124;-1.348,99;DPC;4
402296;-6;-75,17;DTE;4
402324;-2;-11,47;DTM;4
402324;-2;-11,47;DTE;4
402324;-2;-11,47;DTE;4
402324;-6;-34,41;DTE;4
402373;-1;-12,46;DTE;4
402397;-300;-8.620,29;DIT;4
402397;-75;-2.155,07;DIT;4
402587;-1;-29,7;DTM;4
402587;-1;-29,7;DTE;4
402587;-1;-29,7;DTE;4
402592;-120;-14.638,55;DIT;4
402660;-100;-583,67;DIT;4
402660;-50;-291,84;DIT;4
402660;-50;-291,84;DIT;4
402675;-1;-342,19;DIT;4
402675;-40;-13.687,44;DPC;4
402733;-1;-5,85;DTE;4
402733;-100;-584,99;DIT;4
402733;-50;-292,49;DIT;4
402741;-50;-432,01;DIT;4
402824;-300;-17.419,51;DIT;4
402824;-200;-11.613,01;DIT;4
402824;-60;-3.483,90;DIT;4
402875;-10;-943,84;DIT;4
403113;-50;-390;DIT;4
403204;-100;-277,29;DPC;4
403209;-2.052;-11.845,76;DPC;4
403275;-30;-1.603,20;DIT;4
403324;-50;-2.128,83;DIT;4
403337;-1;-1.034,41;DIT;4
403337;-3;-3.103,22;DIT;4
403390;-3.408;-29.500,58;DPC;4
403407;-9;-480,96;DIT;4
403499;-2.500;-460,54;DPC;4
403602;-2.000;-2.497,50;DPC;4
403656;-4.107;-103.690,39;DPC;4
403656;-7.401;-186.854,77;DPC;4
403682;-5.000;-4.249,86;DPC;4
403701;-2;-41,81;DPC;4
403729;-2;-51,22;DPC;4
404010;-126;-12.645,31;DTE;4
404084;-3;-68,76;DTE;4
404084;-4;-91,68;DTE;4
404741;-3;-206,61;DTE;4
404741;-1;-68,87;DTE;4
404808;-56;-1.514,44;DIT;4
405382;-1;-1.903,46;DIT;4
405382;-12;-22.841,55;DIT;4
405487;-10.000;-7.423,62;DPC;4
405491;-5.000;-4.900,00;DPC;4
405539;-24;-455,16;DTE;4
800026;-40;-47,89;DIT;4
800054;-20;-389,96;DIT;4
800148;-300;-251,22;DIT;4
800429;-300;-387,31;DIT;4
800817;-9;-2.984,66;DIT;4
800817;-30;-9.948,85;DIT;4
800824;-100;-790,84;DIT;4
800824;-100;-790,84;DIT;4
800848;-100;-1.552,75;DIT;4
800852;-50;-1.002,83;DIT;4
800889;-50;-983,14;DIT;4
800959;-30;-3.276,78;DIT;4
800985;-300;-6.008,90;DIT;4
801010;-100;-582,23;DIT;4
801010;-100;-582,23;DIT;4
801114;-50;-291,57;DIT;4
801186;-3;-47,22;DIT;4
801225;-50;-1.465,36;DIT;4
801233;-50;-293,22;DIT;4
801240;-120;-8.716,67;DIT;4
801240;-100;-7.263,90;DIT;4
801303;-100;-587,55;DIT;4
802464;-20;-88;DTM;4
804115;-50;-3.165,52;DIT;4
804115;-40;-2.532,42;DIT;4
804398;-6;-39,6;DTM;4
804453;-5;-23,85;DTM;4
805521;-1;-902,48;DTM;4
120050;-1;-106,48;DIT;4
120092;-2;-36,37;DIT;4
120100;-1;-14,9;DIT;4
120284;-1;-18,92;DIT;4
120334;-1;-159,09;DIT;4
120334;-1;-159,09;DTM;4
120334;-1;-159,09;DTO;4
120343;-1;-158,87;DTO;4
120343;-1;-158,87;DTM;4
120343;-1;-158,87;DIT;4
400011;-1;-104,75;DTM;4
400011;-1;-104,75;DTE;4
400011;-2;-209,5;DTM;4
400011;-1;-104,75;DTM;4
400011;-2;-209,5;DTE;4
400011;-1;-104,75;DTM;4
400051;-1;0;DTM;4
400072;-2;0;DTM;4
400073;-1;-11.637,79;DIT;4
400122;-3;-6,1;DTM;4
400130;-1;-2,98;DTM;4
400130;-1;-2,98;DTM;4
400130;-4;-11,94;DTM;4
400130;-6;-17,91;DTM;4
400140;-8;-64,79;DTM;4
400140;-1;-8,1;DTM;4
400140;-1;-8,1;DTM;4
400140;-4;-32,4;DTM;4
400140;-4;-32,4;DTM;4
400140;-4;-32,4;DTM;4
400140;-4;-32,4;DTM;4
400140;-4;-32,4;DTM;4
400140;-4;-32,4;DTM;4
400140;-4;-32,4;DTM;4
400140;-2;-16,2;DTM;4
400140;-10;-80,99;DTM;4
400140;-4;-32,4;DTM;4
400140;-16;-129,58;DTM;4
400140;-4;-32,4;DTM;4
400140;-20;-161,98;DTM;4
400140;-13;-105,29;DTE;4
400142;-3;-212,49;DTM;4
400193;-3;-88,35;DTM;4
400193;-3;-88,35;DTE;4
400193;-3;-88,35;DTM;4
400193;-3;-88,35;DTE;4
400193;-3;-88,35;DTE;4
400224;-3;-4.850,19;DTM;4
400243;-3;-34.426,96;DIT;4
400243;-4;0;DTM;4
400288;-1;0;DTM;4
400288;-1;-2.082,03;DIT;4
400366;-12;-69,23;DIT;4
400366;-6;-34,61;DTM;4
400366;-4;-23,08;DTM;4
400366;-6;-34,61;DTM;4
400366;-6;-34,61;DTM;4
400366;-2;-11,54;DTM;4
400366;-2;-11,54;DTM;4
400366;-4;-23,08;DTM;4
400443;-32;-219,37;DTE;4
400460;-5;-135,94;DTE;4
400474;-133;-3.701,84;DTE;4
400474;-42;-1.169,00;DTE;4
400474;-326;-9.073,69;DTE;4
400474;-47;-1.308,17;DTE;4
400474;-105;-2.922,51;DTE;4
400506;-3;-29,59;DTM;4
400532;-1;-2,65;DTE;4
400594;-3;-285,55;DTE;4
400594;-16;-1.522,95;DTE;4
400594;-13;-1.237,39;DTE;4
400665;-3;-71,05;DTE;4
400665;-6;-142,1;DTE;4
400665;-9;-213,15;DTE;4
400665;-2;-47,37;DTE;4
400673;-140;-194,1;DTE;4
400730;-567;-10.841,01;DTE;4
400730;-40;-764,8;DTE;4
400758;-12;-5.664,03;DIT;4
400758;-3;-1.416,01;DTE;4
400805;-3;-16,67;DTE;4
400806;-3;-19,94;DTE;4
400809;-6;-9,76;DTE;4
400809;-2;-3,25;DTE;4
400813;-2;-3,49;DTE;4
400813;-3;-5,24;DTE;4
400813;-3;-5,24;DTE;4
400813;-2;-3,49;DTE;4
400813;-3;-5,24;DTE;4
400813;-8;-13,98;DTE;4
400813;-8;-13,98;DTE;4
400813;-3;-5,24;DTE;4
400813;-21;-36,69;DTE;4
400813;-5;-8,74;DTE;4
400813;-3;-5,24;DTE;4
400813;-5;-8,74;DTE;4
400813;-5;-8,74;DTE;4
400813;-5;-8,74;DTE;4
400821;-500;-6.892,20;DIT;4
400955;-2;-8,42;DTE;4
401116;-3;-109,64;DTE;4
401116;-2;-73,09;DTE;4
401116;-9;-328,91;DTE;4
401116;-3;-109,64;DTE;4
401116;-3;-109,64;DTE;4
401193;-2;-14.159,76;DIT;4
401239;-3;-71,54;DTE;4
401239;-50;-1.192,29;DIT;4
401264;-3;-79,69;DTE;4
401308;-9;-12.966,70;DPC;4
401318;-3;-7.044,24;DTE;4
401318;-1;-2.348,08;DTE;4
401318;-1;-2.348,08;DTE;4
401318;-1;-2.348,08;DTE;4
401318;-1;-2.348,08;DTE;4
401318;-2;-4.696,16;DTE;4
401471;-3;-95,18;DTE;4
401489;-3;-17,44;DTE;4
401500;-2;-22,69;DTE;4
401500;-1;-11,35;DTE;4
401544;-19;-163,21;DTE;4
401566;-2;-45,86;DTE;4
401568;-2;-2,48;DTE;4
401574;-2;-38,02;DTE;4
401576;-1;-23,23;DTE;4
401620;-4;-11,64;DTE;4
401632;-1.000;-2.210,11;DIT;4
401686;-2;-23,81;DTE;4
401711;-2;-47,93;DTE;4
401711;-3;-71,9;DTE;4
401783;-6;-72,77;DTE;4
401791;-30.000;-133.297,38;DPC;4
401834;-2;-23;DTE;4
401834;-1;-11,5;DTE;4
401857;-3;-984,88;DTM;4
401870;-6;-6,1;DTE;4
401870;-2;-2,03;DTE;4
401870;-2;-2,03;DTE;4
401870;-6;-6,1;DTE;4
401870;-4;-4,06;DTE;4
401888;-3;-91,04;DTE;4
401937;-2;-8,18;DTE;4
401937;-1;-4,09;DTE;4
401937;-10;-40,9;DTE;4
401937;-3;-12,27;DTE;4
401937;-1;-4,09;DTE;4
401937;-2;-8,18;DTE;4
401937;-2;-8,18;DTE;4
401981;-200;-357,83;DIT;4
402026;-2;-49,02;DTE;4
402041;-46;-44,88;DIT;4
402081;-60;-5.841,86;DIT;4
402081;-6;-584,19;DTE;4
402081;-4;-389,46;DTE;4
402127;-3;-13,2;DTE;4
402127;-4;-17,6;DTE;4
402127;-4;-17,6;DTE;4
402127;-6;-26,4;DTE;4
402152;-8;-513,56;DTE;4
402152;-8;-513,56;DTE;4
402152;-12;-770,35;DTE;4
402152;-12;-770,35;DTE;4
402287;-1;-10,88;DTE;4
402296;-12;-150,33;DIT;4
402296;-3;-37,58;DTE;4
402296;-3;-37,58;DTE;4
402296;-9;-112,75;DTE;4
402296;-3;-37,58;DTE;4
402307;-6;-430,33;DTE;4
402318;-69;-3.245,96;DTE;4
402318;-109;-5.127,68;DTE;4
402318;-123;-5.786,28;DTE;4
402324;-4;-22,94;DTE;4
402324;-2;-11,47;DTE;4
402373;-2;-24,92;DTE;4
402397;-2;-57,47;DTE;4
402397;-3;-86,2;DTE;4
402431;-40;-48;DPM;4
402433;-3;-460,58;DTM;4
402447;-2;-10.935,81;DIT;4
402490;-2;-661,72;DTE;4
402587;-1;-29,7;DTE;4
402587;-1;-29,7;DTE;4
402587;-2;-59,39;DTE;4
402587;-1;-29,7;DTE;4
402587;-1;-29,7;DTE;4
402587;-1;-29,7;DTE;4
402733;-1;-5,85;DTE;4
402741;-50;-432,01;DIT;4
403182;-6;-1.276,12;DTE;4
403425;-1;-27.446,03;DIT;4
403425;-3;-82.338,08;DIT;4
403602;-6;-7,49;DTE;4
403656;-19.071;-481.489,98;DPC;4
403852;-350;-22.560,59;DPM;4
404084;-6;-137,51;DTE;4
404084;-26;-595,89;DTE;4
404084;-1;-22,92;DTE;4
404084;-2;-45,84;DTE;4
404232;-10;-4.626,94;DPM;4
404740;-12;-924,5;DTE;4
404740;-6;-462,25;DTE;4
404741;-3;-206,61;DTE;4
404741;-3;-206,61;DTE;4
404741;-1;-68,87;DTE;4
405473;-3;-402;DTE;4
407094;-8;-562,64;DTE;4
408896;-10;-19.689,34;DPM;4
408951;-10;-1.426,67;DPM;4
800007;-3;-13,77;DTE;4
800054;-10;-194,98;DIT;4
800054;-8;-155,98;DTE;4
800108;-3;-13,17;DTE;4
800116;-3;-17,51;DTE;4
800158;-5;-8,69;DTE;4
800344;-1;-29,05;DTE;4
800499;-6;-56,54;DTE;4
800515;-12;-450;DIT;4
800654;-6;-909,88;DIT;4
800654;-3;-454,94;DTE;4
800817;-3;-994,89;DTE;4
800824;-50;-395,42;DIT;4
800889;-3;-58,99;DTE;4
800922;-2;-44,72;DTE;4
801077;-2;-23,5;DTE;4
801081;-12;-311,14;DIT;4
801186;-12;-188,86;DIT;4
801215;-5;-52,42;DTE;4
801232;-24;-871,14;DIT;4
801240;-56;-4.067,78;DIT;4
801313;-3;-81,36;DTE;4
801313;-9;-244,07;DIT;4
801352;-3;-17,55;DTE;4
801400;-4;-398,61;DTE;4
801400;-10;-996,53;DIT;4
802246;-3;-496,14;DTE;4
802249;-24;-5.248,08;DIT;4
805400;-30;-9,3;DTM;4
805627;-4;-356,92;DTM;4
120452;-30;-76,5;DRI;4
400072;-1;-3.539,42;DIT;4
400072;-1;-3.539,42;DIT;4
400216;-2;-2.909,62;DIT;4
400221;-6;-12.787,47;DIT;4
400221;-10;-21.312,45;DIT;4
400221;-10;-21.312,45;DIT;4
400221;10;21.312,45;DIT;4
400221;-10;-21.312,44;DIT;4
400221;10;21.312,44;DIT;4
400221;-5;-10.656,22;DIT;4
400221;-5;-10.656,22;DIT;4
400221;-3;-6.393,73;DTE;4
400221;-5;-10.656,22;DIT;4
400307;-2;-12,72;DTE;4
400344;-3;-112,96;DTE;4
400344;-1;-37,65;DTE;4
400434;-500;0;DTM;4
400443;-37;-253,65;DTE;4
400484;-1;-15,98;DTE;4
400484;-3;-47,94;DTE;4
400506;-5;-49,32;DTE;4
400506;-5;-49,32;DTE;4
400673;-29;-40,21;DTE;4
400730;-500;0;DTM;4
400758;-20;0;DTM;4
400790;-2;-40,81;DTE;4
400790;-14;-285,64;DTE;4
400790;-12;-244,84;DTE;4
400906;-1;-99,53;DTE;4
400906;-6;-597,2;DTE;4
400906;-7;-696,73;DTE;4
400942;-7;-32,76;DTE;4
400942;-12;-56,16;DTE;4
400942;-6;-28,08;DTE;4
401127;-1;-2.060,79;DTE;4
401127;-3;-6.182,37;DTE;4
401127;-2;-4.121,58;DTE;4
401127;-3;-6.182,37;DTE;4
401127;-1;-2.060,79;DTE;4
401127;-1;-2.060,79;DTE;4
401127;-1;-2.060,79;DTE;4
401127;-1;-2.060,79;DTE;4
401131;-6;-77,14;DTE;4
401131;-3;-38,57;DTE;4
401131;-8;-102,85;DTE;4
401193;2;14.159,76;DIT;4
401318;-5;-11.740,41;DIT;4
401318;-8;-18.784,65;DIT;4
401360;-5;-8.279,77;DIT;4
401360;-5;-8.279,77;DIT;4
401375;-2;-371,89;DTE;4
401438;-5;-57,16;DTE;4
401438;-7;-80,02;DTE;4
401544;-72;-618,48;DTE;4
401566;-5;-114,65;DTE;4
401566;-8;-183,44;DTE;4
401566;-6;-137,58;DTE;4
401568;-1;-1,24;DTE;4
401568;-3;-3,71;DTE;4
401568;-2;-2,48;DTE;4
401576;-2;-46,46;DTE;4
401608;-3;-151,26;DTE;4
401608;-3;-151,26;DTE;4
401608;-3;-151,26;DTE;4
401937;-10;-40,9;DTE;4
401937;-18;-73,62;DTE;4
401937;-4;-16,36;DTE;4
401959;-50;-9.268,38;DIT;4
401959;-50;-9.268,38;DIT;4
402026;-17;-416,63;DTE;4
402127;-20;-88,02;DTE;4
402127;-14;-61,61;DTE;4
402127;-22;-96,82;DTE;4
402242;10;27.171,21;DIT;4
402242;-10;-27.171,21;DIT;4
402242;-5;-13.585,61;DIT;4
402242;-4;-10.868,48;DIT;4
402247;-1;-19,05;DTE;4
402247;-1;-19,05;DTE;4
402307;-39;-2.768,34;DTE;4
402307;-63;-4.471,94;DTE;4
402307;-44;-3.123,26;DTE;4
402312;-22;-248,33;DTE;4
402312;-20;-225,75;DTE;4
402312;-16;-180,6;DTE;4
402324;-2;0;DTM;4
402331;-4;-190,52;DTE;4
402331;-8;-381,03;DTE;4
402331;-5;-238,15;DTE;4
402397;-15;-431,01;DIT;4
402433;-3;-460,58;DTE;4
402433;-3;-460,58;DTE;4
402447;-2;-10.935,81;DIT;4
402447;-2;-10.935,81;DIT;4
403121;-10;-80,03;DTE;4
403121;-6;-48,02;DTE;4
403121;-8;-64,02;DTE;4
403390;-100;-865,63;DPM;4
403602;-72;-89,91;DTE;4
403602;-166;-207,29;DTE;4
403602;-126;-157,34;DTE;4
403647;-2;-40,98;DTE;4
404040;-100;-13,87;DPM;4
405539;-28;-531,02;DTE;4
405539;-16;-303,44;DTE;4
405539;-20;-379,3;DTE;4
407094;-8;-562,64;DTE;4
407094;-8;-562,64;DTE;4
407096;-26;-5.608,94;DTE;4
410213;-5;-90;DTE;4
410213;-6;-108;DTE;4
410213;-3;-54;DTE;4
800054;-50;-974,9;DIT;4
800515;-100;0;DTM;4
800654;-20;0;DTM;4
800824;-50;0;DTM;4
800852;-72;0;DTM;4
800959;-128;0;DTM;4
800981;-20;0;DTM;4
801220;-250;0;DTM;4
801400;-50;-4.982,67;DIT;4
803344;-150;0;DTM;4
803470;50;17.250,00;DIT;4
803470;-50;-17.250,00;DIT;4
805226;-1;-263,72;DTM;4
805254;-7;-1.444,94;DTM;4
120107;-1;-106,47;DTP;4
120343;-1;-158,87;DTP;4
400011;-2;-209,5;DTE;4
400040;-1;-9.423,86;DTE;4
400072;-1;-3.539,42;DTE;4
400072;-1;-3.539,42;DIT;4
400073;-1;-12.737,09;DTE;4
400111;-2;-11,14;DTE;4
400140;-85;-688,42;DIT;4
400140;-2;-16,2;DTE;4
400142;-3;-212,49;DTE;4
400221;-18;-38.362,40;DIT;4
400243;-1;-12.183,15;DTM;4
400292;-6;-2.451,84;DIT;4
400307;-99;-629,89;DTE;4
400307;-132;-839,85;DTE;4
400344;-2;-75,31;DTE;4
400378;-10;-12,17;DIT;4
400434;-150;-4.229,86;DIT;4
400474;-51;-1.419,50;DTE;4
400474;-6;-167;DTE;4
400474;-48;-1.336,00;DTE;4
400484;-2;-31,96;DTE;4
400506;-5;-49,32;DTE;4
400594;-150;-14.277,61;DPC;4
400594;-13;-1.237,39;DTE;4
400594;-6;-571,1;DTE;4
400673;-2;-2,77;DTM;4
400673;-3;-4,16;DTM;4
400673;-3;-4,16;DTM;4
400673;-13;-18,02;DTM;4
400673;-25;-34,66;DTM;4
400673;-10;-13,86;DTM;4
400673;-20;-27,73;DTM;4
400673;-17;-23,57;DTM;4
400673;-10;-13,86;DTM;4
400673;-2;-2,77;DTM;4
400673;-22;-30,5;DTM;4
400708;-9;-57,06;DTE;4
400708;-47;-298;DTE;4
400708;-9;-57,06;DTE;4
400790;-12;-244,84;DTE;4
400790;-4;-81,61;DTE;4
400805;-3;-16,67;DTE;4
400813;-1.000;-1.746,94;DIT;4
400813;-3;-5,24;DTE;4
400906;-6;-597,2;DTE;4
400906;-51;-5.076,18;DPC;4
400906;-2;-199,07;DTE;4
400930;-8;-19,43;DTE;4
400955;-55;-231,51;DIT;4
400955;-60;-252,56;DPC;4
400974;-8;-11,15;DTE;4
401117;-8;-98,32;DTE;4
401127;-6;-12.364,73;DIT;4
401131;-81;-1.041,32;DTE;4
401131;-4;-51,42;DTE;4
401131;-148;-1.902,66;DPC;4
401131;-115;-1.478,42;DTE;4
401131;-1;-12,86;DTE;4
401239;-6;-143,07;DTE;4
401264;-60;-1.593,73;DPC;4
401318;-5;-11.740,41;DIT;4
401318;-10;-23.480,81;DIT;4
401318;-4;-9.392,33;DIT;4
401360;-3;-4.967,87;DIT;4
401375;-21;-3.904,86;DTE;4
401375;-1;-185,95;DTE;4
401385;-25;-23,39;DIT;4
401485;-1;-141,79;DTE;4
401500;-1;-11,35;DTE;4
401566;-80;-1.834,41;DTE;4
401566;-8;-183,44;DTE;4
401566;-72;-1.650,97;DTE;4
401568;-2;-2,48;DTE;4
401568;-2;-2,48;DTE;4
401608;-3;-151,26;DTE;4
401763;-12;-450,83;DIT;4
401773;-330;-354,93;DIT;4
401783;-1;-12,13;DTE;4
401823;-66;-1.870,56;DTE;4
401823;-78;-2.210,66;DTE;4
401857;-3;-984,88;DTE;4
401857;-3;-984,88;DTE;4
401870;-2;-2,03;DTE;4
401927;-3;-62,37;DTE;4
401931;-6;-25.740,77;DIT;4
401937;-55;-224,96;DTE;4
401937;-68;-278,14;DTE;4
402098;-5;-14.963,47;DIT;4
402105;-200;-9.289,89;DPC;4
402127;-60;-264,05;DPC;4
402127;-13;-57,21;DTE;4
402127;-50;-220,04;DTE;4
402152;-14;-898,74;DTE;4
402152;-20;-1.283,91;DTE;4
402242;-2;-5.391,04;DTE;4
402242;-1;-2.695,52;DTE;4
402242;-5;-13.477,60;DIT;4
402242;-2;-5.434,24;DIT;4
402242;-10;-26.955,20;DIT;4
402247;-2;-38,1;DTE;4
402287;-50;-543,95;DIT;4
402296;-6;-75,17;DTM;4
402296;-9;-112,75;DTM;4
402296;-3;-37,58;DTM;4
402296;-6;-75,17;DTM;4
402296;-3;-37,58;DTM;4
402296;-3;-37,58;DTM;4
402296;-6;-75,17;DTM;4
402296;-3;-37,58;DTM;4
402296;-3;-37,58;DTM;4
402296;-6;-75,17;DTM;4
402296;-6;-75,17;DTM;4
402307;-94;-6.672,42;DTE;4
402307;-8;-567,87;DTE;4
402307;-74;-5.252,75;DTE;4
402312;-2;-22,58;DTE;4
402312;-68;-767,56;DTE;4
402312;-54;-609,53;DTE;4
402401;-12;-313,42;DTE;4
402433;-3;-460,58;DTE;4
402447;-2;-10.935,81;DIT;4
402587;-1;-29,7;DTE;4
402592;-200;-24.397,58;DPM;4
402592;-20;-2.439,76;DPM;4
402624;-4;-10.504,86;DTE;4
402624;-1;-2.626,21;DTE;4
402624;-1;-2.626,22;DTE;4
402624;-3;-7.878,65;DTE;4
402624;-1;-2.626,22;DTE;4
402624;-1;-2.626,22;DTE;4
402675;-2;-684,37;DIT;4
403113;-25;-195;DIT;4
403121;-8;-64,02;DTE;4
403121;-11;-88,03;DTE;4
403121;-1;-8;DTE;4
403409;-1;-57.312,45;DTE;4
403594;-30;-301,24;DIT;4
403594;-300;-3.012,38;DPM;4
403602;-6;-4,15;DTE;4
403602;-29;-20,05;DTE;4
403804;-6;-48,73;DTE;4
404010;-371;-37.233,43;DTE;4
404010;-373;-37.434,15;DTE;4
404071;-9;-1.481,56;DTE;4
404719;-2;-43,08;DTE;4
404719;-5;-107,7;DTE;4
404732;-60;-5.388,67;DPC;4
405382;-2;-3.806,93;DIT;4
405539;-36;-682,74;DTE;4
405539;-28;-531,02;DTE;4
407094;-8;-562,64;DTE;4
407094;-8;-562,64;DTE;4
407129;-700;-5.795,63;DPM;4
408994;-12;-306,07;DTE;4
410155;-8;-14.492,16;DTE;4
410155;-7;-12.680,64;DTE;4
410155;-13;-23.549,76;DTE;4
410155;-6;-10.869,12;DTE;4
410155;-8;-14.492,16;DTE;4
410155;-17;-30.795,84;DTE;4
410155;-2;-3.623,04;DTE;4
410155;-22;-39.853,44;DTE;4
410155;-16;-28.984,32;DTE;4
410155;-14;-25.361,28;DTE;4
410155;-21;-38.041,92;DTE;4
410177;-118;-251,29;DTE;4
410177;-118;-251,29;DTE;4
410200;-34;-411,33;DTE;4
410200;-4;-48,39;DTE;4
410200;-32;-387,14;DTE;4
410212;-1;-20,43;DTE;4
410212;-3;-61,29;DTE;4
410212;-4;-81,72;DTE;4
410212;-2;-40,86;DTE;4
410212;-6;-122,58;DTE;4
410212;-3;-61,29;DTE;4
410213;-2;-36;DTE;4
800026;-30;-35,91;DIT;4
800054;-55;-1.046,65;DIT;4
800654;-6;-909,88;DTM;4
800654;-3;-454,94;DTM;4
800654;-6;-909,88;DTM;4
800654;-3;-454,94;DTM;4
800654;-6;-909,88;DTM;4
800654;-3;-454,94;DTM;4
800654;-20;-3.032,93;DIT;4
800654;-3;-454,94;DTM;4
800654;-3;-454,94;DTM;4
800654;-3;-454,94;DTM;4
800683;-2.000;-4.420,22;DPM;4
800847;-9;-2.502,81;DIT;4
800847;-28;-7.786,52;DIT;4
800852;-30;-601,7;DPC;4
800959;-30;-3.276,78;DIT;4
801010;-50;-291,12;DIT;4
801081;-12;-311,14;DIT;4
801186;-25;-393,46;DIT;4
801303;-29;-170,39;DIT;4
801313;-12;-325,42;DTM;4
801313;-6;-162,71;DTM;4
801313;-6;-162,71;DTM;4
801313;-6;-162,71;DTM;4
801313;-6;-162,71;DTM;4
801313;-3;-81,36;DTM;4
801313;-3;-81,36;DTM;4
801313;-3;-81,36;DTM;4
801313;-3;-81,36;DTM;4
801400;-50;-4.982,67;DIT;4
801400;-55;-5.480,94;DIT;4
801400;-20;-1.993,07;DIT;4
803452;-20;-448,93;DTM;4
803452;-15;-336,7;DTM;4
803452;-8;-179,57;DTM;4
803452;-20;-448,93;DTM;4
803452;-8;-179,57;DTM;4
803452;-8;-179,57;DTM;4
803452;-12;-269,36;DTM;4
803452;-16;-359,14;DTM;4
803452;-16;-359,14;DTM;4
804115;-55;-3.482,08;DIT;4
120007;-1;-32,07;DTM;4
120062;-1;-363,36;DTM;4
120452;-12;-30,6;DTM;4
400011;-1;-104,75;DTM;4
400011;-1;-104,75;DTM;4
400111;-2;-11,14;DTM;4
400111;-2;-11,14;DTE;4
400137;-2;-6,3;DTM;4
400140;-2;-16,2;DTM;4
400140;-4;-32,4;DTM;4
400140;-4;-32,4;DTM;4
400140;-5;-40,5;DTM;4
400142;-3;-212,49;DTM;4
400142;-3;-212,49;DTE;4
400142;-3;-212,49;DTE;4
400193;-18;-530,12;DIT;4
400193;-2;-58,9;DTM;4
400193;-50;-1.472,57;DIT;4
400292;-3;-1.225,92;DIT;4
400344;-3;-112,96;DTE;4
400359;-11;-270,81;DTE;4
400366;-3;-32,84;DTE;4
400375;-4;-34,14;DTE;4
400375;-2;-17,07;DTE;4
400375;-10;-85,36;DTE;4
400375;-10;-85,36;DTE;4
400375;-2;-17,07;DTE;4
400375;-2;-17,07;DTE;4
400375;-2;-17,07;DTE;4
400375;-1;-8,54;DTE;4
400375;-10;-85,36;DTE;4
400375;-1;-8,54;DTE;4
400375;-3;-25,61;DTE;4
400375;-1;-8,54;DTE;4
400434;-250;-7.049,77;DIT;4
400460;-350;-9.516,00;DIT;4
400492;-2;-15,88;DTE;4
400506;-15;-147,97;DTE;4
400543;-100;-1.189,79;DIT;4
400545;-2;-32,4;DTM;4
400545;-5;-80,99;DTM;4
400594;-12;-1.142,21;DTM;4
400594;-7;-666,29;DTM;4
400594;-3;-285,55;DTE;4
400655;-8;-342,27;DTM;4
400655;-8;-342,27;DTM;4
400655;-16;-684,54;DTM;4
400655;-12;-513,4;DTM;4
400673;-79;-109,53;DTE;4
400673;-44;-61;DTE;4
400673;-15;-20,8;DTE;4
400673;-60;-83,18;DTE;4
400673;-12;-16,64;DTE;4
400673;-37;-51,3;DTE;4
400683;-3;-5,82;DTE;4
400708;-10;-63,4;DTM;4
400708;-6;-38,04;DTE;4
400708;-15;-95,1;DTM;4
400758;-10;-4.720,02;DIT;4
400758;-20;-9.440,04;DIT;4
400758;-12;-5.664,03;DTE;4
400790;-36;-734,51;DTE;4
400790;-6;-122,42;DTE;4
400828;-4;-139,17;DTM;4
400828;-4;-139,17;DTM;4
400855;-1;-19,14;DTM;4
400906;-18;-1.791,59;DTE;4
400930;-4;-9,71;DTE;4
400930;-20;-48,57;DTE;4
400942;-2;-9,36;DTE;4
400955;-4;-16,84;DTM;4
400955;-4;-16,84;DTM;4
400955;-5;-21,05;DTM;4
400955;-2;-8,42;DTM;4
400955;-2;-8,42;DTM;4
400974;-6;-8,37;DTE;4
401079;-6;-118,46;DTE;4
401079;-9;-177,69;DTE;4
401079;-15;-296,16;DTE;4
401102;-1;-1,33;DTM;4
401102;-30;-39,92;DTM;4
401105;-3;-9,62;DTM;4
401105;-14;-44,91;DTM;4
401108;-2;-6,05;DTM;4
401116;-12;-438,55;DTM;4
401116;-2;-73,09;DTM;4
401117;-4;-49,16;DTE;4
401117;-2;-24,58;DTE;4
401131;-20;-260,3;DIT;4
401131;-7;-91,11;DTE;4
401131;-28;-364,42;DTE;4
401131;-100;-1.301,50;DIT;4
401155;-50;-731,44;DIT;4
401239;-3;-71,54;DTM;4
401239;-2;-47,69;DTM;4
401239;-3;-71,54;DTM;4
401239;-2;-47,69;DTM;4
401239;-3;-71,54;DTM;4
401239;-2;-47,69;DTM;4
401239;-3;-71,54;DTM;4
401239;-3;-71,54;DTM;4
401239;-3;-71,54;DTM;4
401239;-3;-71,54;DTM;4
401239;-3;-71,54;DTM;4
401264;-3;-79,69;DTM;4
401264;-6;-159,37;DTM;4
401264;-6;-159,37;DTM;4
401264;-3;-79,69;DTM;4
401264;-3;-79,69;DTM;4
401318;-6;-14.222,27;DIT;4
401318;10;23.480,81;DIT;4
401360;-10;-16.559,55;DIT;4
401403;-1;-10,02;DTE;4
401451;-100;-2.364,60;DIT;4
401485;-1;-142,8;DTE;4
401485;-4;-571,21;DTE;4
401485;-6;-856,82;DTE;4
401485;-1;-142,8;DTE;4
401485;-3;-428,41;DTE;4
401485;-10;-1.428,03;DTE;4
401485;-11;-1.570,83;DTE;4
401485;-10;-1.428,03;DTE;4
401485;-1;-142,8;DTE;4
401485;-2;-285,61;DTE;4
401485;-1;-142,8;DTE;4
401485;-6;-856,82;DTE;4
401485;-1;-142,8;DTE;4
401485;-8;-1.142,43;DTE;4
401485;-1;-142,8;DTE;4
401485;-1;-142,8;DTE;4
401485;-1;-142,8;DTE;4
401489;-1;-5,81;DTM;4
401566;-2;-45,86;DTE;4
401566;-11;-252,23;DTE;4
401574;-2;-38,02;DTE;4
401576;-1;-23,23;DTE;4
401576;-6;-139,39;DTE;4
401620;-2;-5,82;DTM;4
401620;-3;-8,73;DTM;4
401655;-4;-49,38;DTM;4
401655;-4;-49,38;DTM;4
401683;-1;-187,82;DTM;4
401683;-1;-187,82;DTM;4
401683;-1;-187,82;DTM;4
401683;-1;-187,82;DTM;4
401686;-2;-23,81;DTM;4
401706;-1;-15,07;DTM;4
401738;-8;-54,75;DIT;4
401753;-2;-15,29;DTE;4
401753;-4;-30,58;DTE;4
401753;-3;-22,94;DTE;4
401753;-2;-15,29;DTE;4
401753;-2;-15,29;DTE;4
401753;-2;-15,29;DTE;4
401753;-2;-15,29;DTE;4
401753;-4;-30,58;DTE;4
401753;-4;-30,58;DTE;4
401753;-2;-15,29;DTE;4
401753;-6;-45,87;DTE;4
401823;-11;-311,76;DTE;4
401844;-1;-135,16;DTE;4
401844;-3;-405,47;DTE;4
401844;-1;-135,16;DTE;4
401844;-2;-270,31;DTE;4
401844;-3;-405,47;DTE;4
401844;-5;-675,78;DTE;4
401844;-3;-405,47;DTE;4
401857;-3;-984,77;DTE;4
401857;-3;-984,77;DTM;4
401857;-3;-984,77;DTE;4
401870;-18;-18,29;DTE;4
401916;-3;-9,25;DTM;4
401927;-27;-561,3;DTE;4
401927;-9;-187,1;DTE;4
401931;-6;-25.740,77;DIT;4
401931;6;25.740,77;DIT;4
402026;-6;-147,05;DTE;4
402026;-7;-171,56;DTE;4
402026;-1;-24,51;DTE;4
402026;-1;-24,51;DTE;4
402026;-2;-49,02;DTE;4
402026;-2;-49,02;DTE;4
402026;-10;-245,08;DTE;4
402026;-10;-245,08;DTE;4
402059;-6;-187,83;DTM;4
402065;-3;-47,26;DTE;4
402065;-6;-94,51;DTE;4
402098;-5;-14.963,47;DIT;4
402098;5;14.963,47;DIT;4
402106;-2;-153,85;DTE;4
402106;-1;-76,92;DTE;4
402106;-3;-230,77;DTE;4
402106;-2;-153,85;DTE;4
402106;-1;-76,92;DTE;4
402106;-1;-76,92;DTE;4
402127;-6;-26,4;DTM;4
402127;-4;-17,6;DTM;4
402127;-14;-61,61;DTM;4
402127;-4;-17,6;DTM;4
402127;-4;-17,6;DTM;4
402127;-4;-17,6;DTM;4
402127;-4;-17,6;DTM;4
402149;-100;-14.470,82;DIT;4
402221;-2;-80,43;DTE;4
402242;-5;-13.477,60;DIT;4
402242;5;13.477,60;DIT;4
402296;-3;-37,58;DTM;4
402296;-100;-1.252,76;DIT;4
402296;-12;-150,33;DTM;4
402331;-1;-47,63;DTE;4
402365;-1;-20;DTE;4
402365;-2;-40;DTE;4
402365;-1;-20;DTE;4
402397;-4;-114,94;DTE;4
402397;-200;-5.746,86;DIT;4
402400;-3;-966,14;DIT;4
402401;-9;-235,07;DTE;4
402401;-3;-78,36;DTE;4
402433;-15;-2.302,89;DTE;4
402533;-2;-4.816,84;DIT;4
402675;-1;-342,19;DIT;4
402689;-1;-63,32;DTM;4
402689;-1;-63,32;DTM;4
402720;-1;-11,26;DTM;4
402720;-1;-11,26;DTM;4
402741;-3;-25,92;DTM;4
402741;-3;-25,92;DTM;4
402741;-3;-25,92;DTM;4
402741;-3;-25,92;DTM;4
402741;-3;-25,92;DTM;4
402741;-3;-25,92;DTM;4
402741;-3;-25,92;DTM;4
403182;-30;-6.380,56;DIT;4
403337;-1;-1.034,41;DIT;4
403499;-7;-1,29;DTE;4
403587;-1;-5.404,40;DTM;4
403647;-14;-286,85;DTE;4
403804;-13;-105,59;DTE;4
403804;-8;-64,98;DTE;4
404010;-296;-29.706,45;DTE;4
404010;-28;-2.810,07;DTE;4
404071;-3;-493,85;DTE;4
404084;-6;-137,51;DTM;4
404084;-3;-68,76;DTM;4
404084;-9;-206,27;DTM;4
404719;-1;-22,69;DTE;4
404719;-2;-45,38;DTE;4
404732;-3;-269,43;DTE;4
404732;-30;-2.694,33;DTE;4
405382;-1;-1.903,46;DIT;4
405382;-1;-1.903,46;DIT;4
405473;-50;-6.700,05;DIT;4
408994;-9;-229,55;DTE;4
408994;-3;-76,52;DTE;4
408995;-50;-1.315,71;DIT;4
410213;-3;-54;DTE;4
800026;-20;-23,94;DIT;4
800260;-20;-337,1;DIT;4
800344;-50;-1.452,65;DIT;4
800345;-50;-935,47;DIT;4
800499;-100;-942,29;DIT;4
800499;-50;-471,15;DIT;4
800499;-70;-659,6;DIT;4
800499;-200;-1.884,58;DIT;4
800515;-60;-2.250,01;DIT;4
800515;-50;-1.875,01;DIT;4
800515;-100;-3.750,02;DIT;4
800569;-100;-15.483,02;DIT;4
800569;-50;-7.741,51;DIT;4
800654;-35;-5.307,62;DIT;4
800654;-50;-7.582,32;DIT;4
800741;-50;-4.806,93;DIT;4
800817;-9;-2.984,66;DIT;4
800847;-100;-27.808,99;DIT;4
800852;-50;-1.002,83;DIT;4
800889;-50;-983,14;DIT;4
800889;-100;-1.966,28;DIT;4
800922;-100;-2.236,16;DIT;4
800922;-100;-2.236,17;DIT;4
801081;-100;-2.592,79;DIT;4
801081;-100;-2.592,79;DIT;4
801112;-100;-18.214,84;DIT;4
801164;-50;-1.285,18;DIT;4
801186;-50;-786,93;DIT;4
801232;-100;-3.629,76;DIT;4
801311;-100;-3.017,99;DIT;4
801313;-200;-5.423,67;DIT;4
801313;-50;-1.355,92;DIT;4
803344;-100;-9.226,98;DIT;4
120344;-1;-158,87;DTM;4
400011;-2;-209,5;DTE;4
400111;-2;-11,13;DTE;4
400111;-2;-11,13;DTE;4
400130;-3;-8,95;DTE;4
400140;-2;-16,2;DTE;4
400140;-500;-4.049,52;DPC;4
400140;-2;-16,2;DTE;4
400142;-3;-212,49;DTM;4
400193;-50;-1.472,57;DIT;4
400221;-20;-42.624,89;DIT;4
400288;-1;-3.349,31;DTM;4
400292;-3;-1.225,92;DIT;4
400307;-36;-228,36;DTE;4
400307;-50;-317,16;DTE;4
400307;-76;-482,08;DTE;4
400307;-36;-228,36;DTE;4
400344;-1;-37,65;DTE;4
400366;-10;-109,47;DTE;4
400366;-6;-65,68;DTE;4
400375;-10;-85,36;DTE;4
400375;-2;-17,07;DTE;4
400375;-2;-17,07;DTM;4
400375;-2;-17,07;DTE;4
400375;-2;-17,07;DTM;4
400434;-546;-15.396,70;DIT;4
400484;-1;-15,98;DTE;4
400506;-5;-49,32;DTE;4
400506;-5;-49,32;DTE;4
400506;-3;-29,59;DTM;4
400545;-1;-16,2;DTM;4
400673;-8;-11,09;DTM;4
400790;-4;-81,61;DTE;4
400790;-12;-244,84;DTE;4
400790;-14;-285,64;DTE;4
400790;-4;-81,61;DTE;4
400790;-8;-163,22;DTM;4
400805;-3;-16,72;DTM;4
400805;-3;-16,72;DTM;4
400813;-10;-17,47;DTM;4
400880;-4;-7,63;DTE;4
400906;-2;-199,07;DTE;4
400906;-2;-199,07;DTE;4
400906;-6;-597,2;DTE;4
400906;-7;-696,73;DTE;4
400906;-4;-398,13;DTM;4
400930;-24;-58,28;DTE;4
400930;-4;-9,71;DTE;4
400930;-4;-9,71;DTM;4
400930;-6;-14,57;DTE;4
400974;-16;-22,31;DTE;4
400974;-4;-5,58;DTE;4
400974;-4;-5,58;DTE;4
400974;-4;-5,58;DTM;4
401116;-6;-219,28;DTM;4
401117;-24;-294,95;DTE;4
401117;-4;-49,16;DTE;4
401117;-6;-73,74;DTE;4
401117;-4;-49,16;DTM;4
401131;-4;-52,06;DTM;4
401131;-8;-104,12;DTM;4
401131;-8;-104,12;DTM;4
401131;-4;-52,06;DTM;4
401131;-1;-13,02;DTM;4
401131;-4;-52,06;DTM;4
401131;-2;-26,03;DTM;4
401131;-7;-91,11;DTM;4
401131;-12;-156,18;DTM;4
401131;-4;-52,06;DTM;4
401131;-1;-13,02;DTM;4
401131;-11;-143,17;DTM;4
401131;-4;-52,06;DTM;4
401131;-94;-1.223,41;DTE;4
401131;-47;-611,71;DTE;4
401131;-34;-442,51;DTE;4
401131;-28;-364,42;DTE;4
401131;-45;-585,68;DTE;4
401131;-32;-416,48;DTE;4
401239;-3;-71,54;DTE;4
401239;-3;-71,54;DTE;4
401264;-9;-239,06;DTE;4
401318;-10;-23.585,30;DIT;4
401318;-6;-14.151,18;DIT;4
401358;-14;-33,47;DIT;4
401360;-10;-16.559,55;DIT;4
401375;-4;-743,78;DTE;4
401375;-4;-743,78;DTE;4
401375;-4;-743,78;DTE;4
401375;-3;-557,84;DTE;4
401375;-2;-371,89;DTE;4
401375;-1;-185,95;DTE;4
401435;-8;-45,95;DTE;4
401438;-9;-102,89;DTE;4
401485;-1;-142,8;DTE;4
401485;-1;-142,8;DTM;4
401485;-1;-142,8;DTM;4
401485;-2;-285,61;DTM;4
401485;-2;-285,61;DTM;4
401485;-1;-142,8;DTM;4
401566;-29;-664,97;DTE;4
401566;-50;-1.146,51;DTE;4
401566;-26;-596,18;DTE;4
401566;-60;-1.375,81;DTE;4
401566;-34;-779,63;DTE;4
401566;-41;-940,14;DTE;4
401566;-2;-45,86;DTE;4
401568;-3;-3,71;DTE;4
401568;-2;-2,48;DTE;4
401568;-2;-2,48;DTE;4
401576;-2;-46,46;DTE;4
401608;-3;-151,26;DTE;4
401608;-3;-151,26;DTE;4
401608;-3;-151,26;DTE;4
401608;-3;-151,26;DTE;4
401608;-3;-151,26;DTE;4
401620;-1;-2,91;DTE;4
401632;-30.000;-66.303,37;DPC;4
401711;-9;-215,7;DTE;4
401753;-2;-15,29;DTM;4
401753;-2;-15,29;DTM;4
401753;-2;-15,29;DTM;4
401791;-2.000;-8.886,49;DIT;4
401844;-2;-270,31;DTE;4
401844;-1;-135,16;DTE;4
401844;-2;-270,31;DTE;4
401844;-5;-675,78;DTE;4
401844;-1;-135,16;DTM;4
401844;-2;-270,31;DTE;4
401844;-1;-135,16;DTE;4
401844;-2;-270,31;DTE;4
401844;-5;-675,78;DTE;4
401844;-2;-270,31;DTE;4
401857;-3;-984,77;DTM;4
401870;-4;-4,06;DTE;4
401870;-6;-6,1;DTE;4
401888;-3;-91,04;DTE;4
401937;-36;-121,75;DTE;4
401937;-18;-60,87;DTE;4
401937;-26;-87,93;DTE;4
401937;-17;-57,49;DTE;4
401937;-22;-74,4;DTE;4
401959;-2;-370,74;DTM;4
402017;-1;-154,38;DTM;4
402027;-15.000;-19.301,53;DPC;4
402081;-3;-292,09;DTM;4
402105;-10;-491,89;DTM;4
402105;-4;-196,75;DTM;4
402105;-8;-393,51;DTM;4
402105;-4;-196,75;DTM;4
402105;-16;-787,02;DTM;4
402105;-8;-393,51;DTM;4
402105;-4;-196,75;DTM;4
402106;-2;-153,85;DTM;4
402106;-3;-230,77;DTE;4
402127;-10;-44,01;DTE;4
402127;-4;-17,6;DTE;4
402127;-6;-26,4;DTE;4
402127;-8;-35,21;DTE;4
402127;-2;-8,8;DTE;4
402242;-10;-26.955,19;DIT;4
402287;-2;-21,76;DTE;4
402287;-2;-21,76;DTE;4
402287;-250;-2.719,74;DPC;4
402307;-39;-2.768,33;DTE;4
402307;-29;-2.058,50;DTE;4
402307;-54;-3.833,07;DTE;4
402307;-33;-2.342,43;DTE;4
402307;-45;-3.194,23;DTE;4
402307;-74;-5.252,73;DTE;4
402307;-16;-1.135,72;DTM;4
402324;-2;-11,51;DTM;4
402401;-3;-78,36;DTE;4
402401;-9;-235,07;DTE;4
402404;-2;-18,16;DTE;4
402433;-3;-460,58;DTE;4
402433;-3;-460,58;DTE;4
402433;-3;-460,58;DTM;4
402447;-1;-5.467,90;DIT;4
402447;-2;-10.935,81;DIT;4
402587;-1;-29,7;DTE;4
402675;-1;-342,19;DIT;4
402875;-1;-94,38;DIT;4
403209;-2.100;-12.122,86;DPC;4
403390;-3.560;-30.816,32;DPC;4
403499;-30.000;-5.525,40;DPC;4
403499;-11.828;-2.178,48;DPC;4
403513;-10;-49,85;DIT;4
403513;-10;-49,85;DIT;4
403594;-2.100;-21.086,68;DPC;4
403602;-30.000;-20.740,27;DPC;4
403602;-6;-4,15;DTE;4
403602;-3.971;-2.745,32;DPC;4
403602;-6;-4,15;DTE;4
403602;-6;-4,15;DTE;4
403602;-6;-4,15;DTE;4
403602;-6;-4,15;DTE;4
403602;-6;-4,15;DTE;4
403647;-4;-81,96;DTE;4
403647;-32;-655,67;DTE;4
403682;-20.000;-16.999,44;DPC;4
403804;-6;-48,73;DTE;4
403804;-4;-32,49;DTE;4
403838;-2.000;-6.135,40;DPC;4
404084;-4;-91,68;DTM;4
404719;-1;-22,69;DTM;4
404719;-2;-45,38;DTE;4
404719;-2;-45,38;DTE;4
404719;-1;-22,69;DTE;4
404719;-2;-45,38;DTE;4
404719;-1;-22,69;DTE;4
404719;-5;-113,46;DTE;4
404719;-2;-45,38;DTE;4
404741;-3;-206,61;DTE;4
405382;-2;-3.806,93;DIT;4
405382;-1;-1.903,46;DIT;4
405473;-10;-1.340,01;DTE;4
405539;-18;-341,37;DTE;4
405539;-12;-227,58;DTE;4
405539;-12;-227,58;DTE;4
405539;-8;-151,72;DTE;4
405539;-12;-227,58;DTE;4
407094;-8;-562,64;DTE;4
407094;-8;-562,64;DTE;4
407094;-8;-562,64;DTE;4
407094;-8;-562,64;DTE;4
408994;-3;-76,52;DTE;4
408994;-9;-229,55;DTE;4
408995;-9;-236,83;DTM;4
409376;-180;-11.395,89;DPC;4
410155;-14;-25.361,28;DTE;4
410155;-9;-16.303,68;DTE;4
410155;-6;-10.869,12;DTE;4
410155;-11;-19.926,72;DTE;4
410155;-6;-10.869,12;DTE;4
410155;-8;-14.492,16;DTE;4
410177;-31;-66,02;DTE;4
410177;-23;-48,98;DTE;4
410177;-49;-104,35;DTE;4
410177;-40;-85,18;DTE;4
410177;-94;-200,18;DTE;4
410177;-65;-138,42;DTE;4
410200;-28;-338,75;DTE;4
410200;-18;-217,76;DTE;4
410200;-16;-193,57;DTE;4
410200;-12;-145,18;DTE;4
410200;-22;-266,16;DTE;4
410200;-12;-145,18;DTE;4
410200;-2;-24,2;DTE;4
800026;-15;-17,96;DIT;4
800054;-8;-152,24;DTM;4
800100;-72;-1.724,47;DIT;4
800108;-4;-17,55;DTM;4
800108;-4;-17,55;DTM;4
800116;-4;-23,35;DTM;4
800116;-2;-11,67;DTM;4
800202;-3;-43,3;DTM;4
800223;-22;-28,57;DTM;4
800228;-3;-24,07;DTM;4
800266;-2;-31,6;DTM;4
800337;-2;-133,87;DTM;4
800357;-4;-33,02;DTM;4
800364;-2;-32,15;DTM;4
800435;-4;-59,29;DTM;4
800435;-3;-44,47;DTM;4
800499;-12;-113,07;DTM;4
800499;-8;-75,38;DTM;4
800822;-3;-68,81;DTM;4
800822;-6;-137,61;DTM;4
800876;-3;-66,41;DTM;4
800889;-2;-39,33;DTM;4
800905;-1;-8,72;DTM;4
800922;-3;-67,08;DTM;4
801087;-9;-109,4;DTM;4
801087;-6;-72,93;DTM;4
801125;-8;-274,97;DTM;4
801166;-6;-26,01;DTM;4
801186;-4;-62,95;DTM;4
801186;-2;-31,48;DTM;4
801199;-6;-51,06;DTM;4
801199;-9;-76,59;DTM;4
801225;-6;-175,84;DTM;4
801225;-6;-175,84;DTM;4
801272;-3;-12,22;DTM;4
801346;-1;-16,24;DTM;4
801346;-2;-32,49;DTM;4
801400;-4;-398,61;DTM;4
801826;-3;-17,29;DTM;4
801826;-3;-17,29;DTM;4
801834;-2;-11,66;DTM;4
802249;-2;-437,34;DTM;4
802249;-2;-437,34;DTM;4
803344;-12;-1.107,24;DTM;4
803344;-6;-553,62;DTM;4
803344;-3;-276,81;DTM;4
803368;-4;-117,96;DTM;4
803452;-30;-673,39;DTM;4
805459;-3;-494,16;DTM;4
120007;-1;-32,08;DTO;4
120100;-1;-14,9;DTO;4
120136;-1;-106,93;DTO;4
120170;-1;-51,4;DTO;4
120336;-2;-311,18;DTO;4
120347;-2;-253,21;DTO;4
120392;-1;-519,84;DTO;4
400040;-1;-9.800,90;DIT;4
400142;-3;-212,49;DTM;4
400142;-3;-212,49;DTE;4
400142;-9;-637,48;DTE;4
400142;-3;-212,49;DTE;4
400142;-3;-212,49;DTE;4
400142;-3;-212,49;DTE;4
400142;-24;-1.699,96;DTE;4
400142;-1;-70,83;DTE;4
400142;-3;-212,49;DTE;4
400193;-63;-1.855,43;DIT;4
400193;-30;-883,54;DIT;4
400193;-60;-1.767,08;DIT;4
400193;-50;-1.472,57;DIT;4
400193;50;1.472,57;DIT;4
400224;-3;-4.851,80;DTE;4
400366;-3;-32,84;DTM;4
400366;-2;-21,89;DTM;4
400366;-6;-65,68;DTM;4
400366;-5;-54,73;DTM;4
400434;-37;-1.043,37;DTE;4
400434;-100;-2.819,91;DIT;4
400459;-100;-503,48;DTM;4
400460;-5;-135,94;DTE;4
400460;-221;-6.008,67;DTM;4
400460;-2;-54,38;DTM;4
400460;-2;-54,38;DTM;4
400460;-500;0;DTM;4
400460;-10;-271,89;DTE;4
400474;-35;-974,17;DTM;4
400487;-40;-2.191,08;DTM;4
400487;-280;-15.337,56;DTM;4
400487;-180;-9.859,86;DTM;4
400487;-70;-3.834,39;DTM;4
400487;-110;-6.025,47;DTM;4
400487;-130;-7.121,01;DTM;4
400487;-250;-13.694,25;DTM;4
400487;-140;-7.668,78;DTM;4
400506;-5;-49,32;DTE;4
400506;-5;-49,32;DTE;4
400506;-5;-49,32;DTE;4
400506;-20;-197,29;DTE;4
400594;-6;-571,1;DTE;4
400594;-16;-1.522,95;DTE;4
400594;-13;-1.237,39;DTE;4
400594;-6;-571,1;DTE;4
400594;-6;-571,1;DTE;4
400594;-7;-666,29;DTM;4
400603;-5;-141,62;DTM;4
400603;-5;-141,62;DTM;4
400603;-3;-84,97;DTM;4
400603;-47;-1.331,18;DTM;4
400603;-46;-1.302,86;DTE;4
400603;-3;-84,97;DTM;4
400665;-6;-142,1;DTE;4
400665;-36;-852,62;DTE;4
400665;-6;-142,1;DTE;4
400665;-6;-142,1;DTE;4
400730;-220;-4.206,39;DTM;4
400730;-45;-860,4;DTM;4
400730;-10;-191,2;DTM;4
400730;-660;-12.619,16;DTM;4
400730;-400;-7.647,98;DTM;4
400758;-20;-9.440,05;DIT;4
400758;20;9.440,05;DIT;4
400758;-6;-2.832,01;DIT;4
400790;-8;-163,22;DTM;4
400790;-10;-204,03;DTE;4
400790;-8;-163,22;DTE;4
400790;-12;-244,84;DTE;4
400813;-8;-13,98;DTE;4
400813;-8;-13,98;DTE;4
400813;-3;-5,24;DTE;4
400813;-3;-5,24;DTE;4
400813;-3;-5,24;DTE;4
400813;-60;-104,82;DTM;4
400813;-10;-17,47;DTM;4
400813;-10;-17,47;DTM;4
400813;-30;-52,41;DTM;4
400813;-4;-6,99;DTM;4
400813;-30;-52,41;DTM;4
400813;-15;-26,2;DTM;4
400813;-84;-146,74;DTE;4
400813;-60;-104,82;DTE;4
400813;-78;-136,26;DTE;4
400889;-9;-593,3;DIT;4
400906;-5;-489,15;DTE;4
400906;-4;-391,32;DTE;4
400906;-6;-586,98;DTE;4
400930;-4;-9,71;DTE;4
400930;-6;-14,57;DTE;4
400930;-8;-19,43;DTE;4
400930;-8;-19,43;DTE;4
400930;-4;-9,71;DTE;4
400930;-4;-9,71;DTE;4
400930;-4;-9,71;DTE;4
400942;-2;-9,36;DTE;4
400974;-4;-9,8;DTE;4
400974;-10;-24,51;DTE;4
400974;-6;-14,71;DTE;4
400974;-6;-14,71;DTE;4
400974;-4;-9,8;DTE;4
400974;-4;-9,8;DTE;4
400974;-12;-29,41;DTE;4
401079;-9;-177,7;DTE;4
401088;-213;-465,09;DIT;4
401108;-108;-326,71;DIT;4
401116;-117;-4.275,89;DIT;4
401117;-8;-98,32;DTE;4
401117;-8;-98,32;DTE;4
401117;-4;-49,16;DTE;4
401117;-6;-73,74;DTE;4
401117;-4;-49,16;DTE;4
401117;-4;-49,16;DTE;4
401117;-4;-49,16;DTE;4
401131;-200;-2.603,01;DIT;4
401131;-164;-2.134,47;DIT;4
401131;200;2.603,01;DIT;4
401131;-2;-26,03;DPC;4
401131;-100;-1.301,50;DIT;4
401239;-213;-5.079,16;DIT;4
401239;-150;-3.576,87;DPC;4
401239;78;1.859,97;DIT;4
401239;-78;-1.859,97;DIT;4
401264;-150;-3.984,33;DIT;4
401264;150;3.984,33;DIT;4
401264;-588;-15.618,57;DIT;4
401309;-9;-13.432,32;DPC;4
401318;-1;-2.358,53;DTM;4
401318;-4;-9.434,12;DTM;4
401485;-1;-142,8;DTM;4
401485;-2;-285,61;DTM;4
401485;-1;-142,8;DTM;4
401485;-1;-142,8;DTM;4
401485;-1;-142,8;DTM;4
401485;-2;-285,61;DTM;4
401485;-2;-285,61;DTM;4
401485;-2;-285,61;DTM;4
401485;-1;-142,8;DTM;4
401485;-3;-428,41;DTM;4
401485;-1;-142,8;DTM;4
401485;-1;-142,8;DTM;4
401485;-1;-142,8;DTM;4
401485;-1;-142,8;DTM;4
401485;-1;-142,8;DTM;4
401485;-1;-142,8;DTM;4
401485;-1;-142,8;DTM;4
401485;-2;-285,61;DTM;4
401485;-1;-142,8;DTM;4
401485;-3;-428,41;DTM;4
401485;-1;-142,8;DTM;4
401485;-3;-428,41;DTM;4
401485;-2;-285,61;DTM;4
401485;-4;-571,21;DTM;4
401485;-1;-142,8;DTM;4
401485;-1;-142,8;DTM;4
401485;-1;-142,8;DTM;4
401485;-1;-142,8;DTM;4
401485;-3;-428,41;DTM;4
401531;-20;-173,97;DTM;4
401566;-10;-229,3;DTE;4
401566;-2;-45,86;DTE;4
401566;-2;-45,86;DTE;4
401566;-4;-91,72;DTE;4
401608;-3;-151,26;DTE;4
401608;-3;-151,26;DTE;4
401632;-12.000;-26.521,35;DCR;4
401685;-27;-11.093,55;DPC;4
401753;-4;-30,58;DTM;4
401753;-10;-76,46;DTM;4
401753;-9;-68,81;DIT;4
401753;-4;-30,58;DTM;4
401753;-2;-15,29;DTM;4
401753;-2;-15,29;DTM;4
401753;-4;-30,58;DTM;4
401753;-50;-382,28;DIT;4
401753;-3;-22,94;DTM;4
401753;-10;-76,46;DTM;4
401753;-4;-30,58;DTM;4
401753;-2;-15,29;DTM;4
401753;-2;-15,29;DTM;4
401753;-9;-68,81;DTM;4
401753;-6;-45,87;DTM;4
401753;-3;-22,94;DTM;4
401753;-2;-15,29;DTM;4
401753;-6;-45,87;DTM;4
401753;-2;-15,29;DTM;4
401773;-1.000;-1.075,54;DCR;4
401791;-2.000;-8.886,49;DIT;4
401823;-13;-368,44;DTE;4
401823;-17;-481,81;DTE;4
401823;-22;-623,52;DTE;4
401823;-36;-1.020,31;DTE;4
401823;-56;-1.587,14;DTE;4
401823;-39;-1.105,33;DTE;4
401834;-100;-1.149,99;DIT;4
401834;-40;-460;DIT;4
401844;-1;-135,16;DTE;4
401844;-8;-1.081,24;DTE;4
401857;-3;-984,77;DTE;4
401857;-3;-984,77;DTM;4
401857;-1;-328,26;DTE;4
401857;-6;-1.969,53;DTE;4
401857;-3;-984,77;DTE;4
401857;-3;-984,77;DTE;4
401857;-3;-984,77;DTE;4
401857;-3;-984,77;DTE;4
401927;-6;-124,73;DTE;4
401927;-2;-41,58;DTE;4
401927;-6;-124,73;DTE;4
401927;-33;-686,03;DTE;4
401927;-3;-62,37;DTE;4
401927;-3;-62,37;DTE;4
401927;-3;-62,37;DTE;4
401937;-18;-60,87;DTE;4
401937;-1;-3,38;DTE;4
401937;-1;-3,38;DTE;4
401937;-2;-6,76;DTE;4
401959;-1;-185,37;DTM;4
401959;-2;-370,74;DTM;4
401959;-2;-370,74;DTM;4
401959;-4;-741,47;DTM;4
401959;-2;-370,74;DTM;4
401959;-3;-556,1;DTM;4
401959;-2;-370,74;DTM;4
401959;-4;-741,47;DTM;4
401959;-2;-370,74;DTM;4
401959;-2;-370,74;DTM;4
401959;-3;-556,1;DTM;4
401959;-3;-556,1;DTM;4
401959;-2;-370,74;DTM;4
401959;-2;-370,74;DTM;4
401959;-2;-370,74;DTM;4
401959;-2;-370,74;DTM;4
401959;-3;-556,1;DTM;4
401981;-250;-447,29;DIT;4
402027;-1.000;-1.286,77;DCR;4
402041;-974;-950,36;DIT;4
402041;-100;-97,57;DIT;4
402081;-50;-4.868,22;DIT;4
402081;-6;-584,19;DTM;4
402081;-6;-584,19;DTM;4
402081;-6;-584,19;DTM;4
402081;-6;-584,19;DTM;4
402105;-8;-393,51;DTM;4
402105;-4;-196,75;DTM;4
402105;-12;-590,26;DTM;4
402105;-12;-590,26;DTM;4
402105;-4;-196,75;DTM;4
402105;-8;-393,51;DTM;4
402105;-8;-393,51;DTM;4
402105;-8;-393,51;DTM;4
402105;-4;-196,75;DTM;4
402105;-4;-196,75;DTM;4
402105;-8;-393,51;DTM;4
402105;-8;-393,51;DTM;4
402105;-24;-1.180,53;DTM;4
402105;-12;-590,26;DTM;4
402105;-12;-590,26;DTM;4
402105;-16;-787,02;DTM;4
402105;-8;-393,51;DTM;4
402105;-8;-393,51;DTM;4
402105;-4;-196,75;DTM;4
402105;-4;-196,75;DTM;4
402105;-4;-196,75;DTM;4
402105;-16;-787,02;DTM;4
402105;-8;-393,51;DTM;4
402105;-8;-393,51;DTM;4
402105;-12;-590,26;DTM;4
402105;-8;-393,51;DTM;4
402105;-8;-393,51;DTM;4
402105;-4;-196,75;DTM;4
402105;-8;-393,51;DTM;4
402152;-10;-641,96;DTE;4
402152;-20;-1.283,91;DTE;4
402152;-8;-513,56;DTE;4
402296;-6;-75,17;DTE;4
402296;-117;-1.465,73;DIT;4
402296;-30;-375,83;DTE;4
402296;-3;-37,58;DTE;4
402296;-3;-37,58;DTE;4
402307;-20;-1.452,14;DTM;4
402307;-12;-871,28;DTM;4
402307;-4;-290,43;DTM;4
402307;-12;-871,28;DTM;4
402307;-20;-1.452,14;DTM;4
402307;-28;-2.032,99;DTM;4
402307;-18;-1.306,92;DTM;4
402307;-36;-2.613,85;DTM;4
402307;-44;-3.194,71;DTM;4
402307;-25;-1.815,17;DTM;4
402307;-44;-3.194,71;DTM;4
402307;-44;-3.194,71;DTM;4
402307;-40;-2.904,28;DTM;4
402307;-28;-2.032,99;DTM;4
402307;-4;-290,43;DTM;4
402307;-40;-2.904,28;DTM;4
402307;-4;-290,43;DTM;4
402307;-45;-3.267,31;DTM;4
402307;-20;-1.452,14;DTM;4
402307;-30;-2.178,21;DTM;4
402307;-44;-3.194,71;DTM;4
402307;-8;-580,86;DTM;4
402307;-32;-2.323,42;DTM;4
402307;-40;-2.904,28;DTM;4
402307;-40;-2.904,28;DTM;4
402307;-56;-4.065,99;DTM;4
402307;-24;-1.742,57;DTM;4
402307;-44;-3.194,71;DTM;4
402307;-60;-4.356,42;DTM;4
402307;-24;-1.742,57;DTM;4
402307;-28;-2.032,99;DTM;4
402307;-20;-1.452,14;DTM;4
402307;-6;-435,64;DTM;4
402307;-16;-1.161,71;DTM;4
402307;-40;-2.904,28;DTM;4
402307;-8;-580,86;DTM;4
402307;-28;-2.032,99;DTM;4
402307;-60;-4.356,42;DTM;4
402307;-60;-4.356,42;DTM;4
402307;-10;-726,07;DTM;4
402307;-3;-217,82;DTM;4
402307;-8;-580,86;DTM;4
402307;-50;-3.630,35;DTM;4
402307;-36;-2.613,85;DTM;4
402307;-12;-871,28;DTM;4
402307;-20;-1.452,14;DTM;4
402307;-24;-1.742,57;DTM;4
402307;-32;-2.323,42;DTM;4
402307;-4;-290,43;DTM;4
402307;-8;-580,86;DTM;4
402307;-8;-580,86;DTM;4
402307;-52;-3.775,56;DTM;4
402307;-600;-43.564,17;DCR;4
402307;-32;-2.323,42;DTM;4
402307;-600;-43.564,17;DCR;4
402307;-8;-580,86;DTM;4
402307;-16;-1.161,71;DTM;4
402307;-24;-1.742,57;DTM;4
402318;-170;-7.997,30;DTM;4
402318;-8;-376,34;DTM;4
402318;-168;-7.903,22;DTM;4
402318;-90;-4.233,87;DTM;4
402318;-65;-3.057,79;DTM;4
402331;-1;-47,63;DTE;4
402397;-1;-28,73;DTM;4
402397;-1.500;-43.101,43;DIT;4
402401;-9;-235,07;DTE;4
402401;-3;-78,36;DTE;4
402401;-9;-235,07;DTE;4
402401;-3;-78,36;DTM;4
402433;-3;-460,58;DTE;4
402433;-1;-153,53;DTE;4
402433;-3;-460,58;DTE;4
402592;-100;-12.198,78;DCR;4
402592;-30;-3.659,64;DPM;4
402824;-200;-11.613,01;DCR;4
403113;-391;-3.049,80;DCR;4
403182;-50;-10.634,26;DIT;4
403182;-60;-12.761,12;DIT;4
403182;-60;-12.761,11;DIT;4
403306;-10;-181,7;DCR;4
403306;-10;-181,7;DCR;4
403337;-10;-10.344,07;DCR;4
403499;-7;-1,29;DTE;4
403499;-5.900;-1.086,66;DPM;4
403572;-70;-262,52;DCR;4
403574;-74;-4.937,11;DTE;4
403574;-204;-13.610,42;DTE;4
403574;-50;-3.335,89;DPC;4
403574;-1.000;-66.717,76;DPC;4
403594;-200;-2.008,25;DCR;4
403602;-70;-48,39;DPM;4
403602;-1.800;-1.244,42;DPM;4
403602;-2.300;-1.590,09;DPM;4
403602;-6;-4,15;DTE;4
403602;-2;-1,38;DTE;4
403641;-100;-1.031,74;DCR;4
403642;-30.000;-458.094,90;DPC;4
403642;-245;-3.741,11;DPC;4
403642;-15.400;-235.155,38;DPM;4
403642;-9.000;-137.428,47;DPM;4
403642;-820;-12.521,26;DPM;4
403656;-6.000;-151.483,40;DPM;4
403682;-800;-679,98;DCR;4
403804;-2;-16,24;DTE;4
403804;-1;-8,12;DTE;4
403804;-13;-105,59;DTE;4
403804;-2;-16,24;DTE;4
403804;-1;-8,12;DTE;4
403852;-50;-3.222,94;DPC;4
403852;-1.000;-64.458,83;DPC;4
404009;-9.000;-53.146,29;DPM;4
404009;-30.000;-177.154,29;DPC;4
404010;-153;-15.355,03;DTE;4
404010;-99;-9.935,60;DTE;4
404010;-98;-9.835,24;DTE;4
404040;-100;-13,87;DPM;4
404071;-3;-493,85;DTE;4
404071;-3;-493,85;DTE;4
404084;-2;-45,84;DTE;4
404084;-1;-22,92;DTE;4
404084;-1;-22,92;DTE;4
404084;-27;-618,81;DTE;4
404282;-325;-73.085,64;DPC;4
404282;-65;-14.617,13;DPM;4
404732;-3;-269,43;DTE;4
404732;-3;-269,43;DTE;4
404732;-3;-269,43;DTE;4
405473;-6;-804,01;DTM;4
405473;-6;-804,01;DTM;4
405473;-6;-804,01;DTM;4
405473;-6;-804,01;DTM;4
405487;-70;-51,97;DPM;4
405491;-70;-65,31;DPM;4
405537;-4;-194,93;DTE;4
407129;-100;-827,95;DPM;4
407129;-700;-5.795,63;DPM;4
408896;-80;-157.514,70;DPM;4
408951;-63;-8.988,03;DPM;4
408994;-3;-76,52;DTM;4
408994;-9;-229,55;DTE;4
408994;-9;-229,55;DTE;4
408994;-3;-76,52;DTE;4
409376;-80;-5.064,84;DCR;4
409659;-23;-220,58;DPM;4
409696;-400;-19.797,42;DTM;4
409696;-180;-8.908,84;DTM;4
409696;-10;-494,94;DTM;4
409696;-97;-4.800,87;DTM;4
409696;-150;-7.424,03;DTM;4
409696;-94;-4.652,40;DTM;4
410041;-160;-68,8;DPM;4
410041;-9.700;-4.171,00;DPM;4
410041;-580;-249,4;DPM;4
410041;-1.200;-516;DPM;4
800118;-100;-1.715,27;DIT;4
800118;-40;-686,11;DIT;4
800158;-3;-5,22;DTM;4
800158;-3;-5,22;DTM;4
800158;-5;-8,69;DTM;4
800158;-2;-3,48;DTM;4
800158;-4;-6,96;DTM;4
800158;-4;-6,96;DTM;4
800158;-4;-6,96;DTM;4
800158;-2;-3,48;DTM;4
800158;-4;-6,96;DTM;4
800163;-1;-27,74;DTM;4
800228;-3;-24,07;DTM;4
800228;-6;-48,14;DTM;4
800228;-6;-48,14;DTM;4
800228;-4;-32,09;DTM;4
800228;-6;-48,14;DTM;4
800228;-3;-24,07;DTM;4
800228;-3;-24,07;DTM;4
800228;-3;-24,07;DTM;4
800228;-1;-8,02;DTM;4
800228;-3;-24,07;DTM;4
800256;-5;0;DTM;4
800272;-40;-475,91;DIT;4
800344;-30;-871,59;DIT;4
800345;-50;-935,48;DIT;4
800499;-200;-1.884,58;DIT;4
800499;200;1.884,58;DIT;4
800499;-50;-471,15;DIT;4
800515;-50;-1.875,01;DIT;4
800654;-25;-3.791,16;DIT;4
800654;-15;-2.274,70;DIT;4
800654;-30;-4.549,39;DIT;4
800654;-20;-3.032,93;DIT;4
800682;-3;-85,19;DTM;4
800682;-2;-56,79;DTM;4
800682;-2;-56,79;DTM;4
800763;-10;-86,75;DTM;4
800763;-4;-34,7;DTM;4
800884;-30;-378,91;DIT;4
800889;-50;-983,14;DIT;4
800889;-100;-1.966,28;DIT;4
800901;-50;-6.386,04;DIT;4
800901;-17;-2.171,25;DIT;4
800905;-50;-435,9;DIT;4
800906;-30;-302,75;DIT;4
800922;-50;-1.118,08;DIT;4
800922;-40;-894,47;DIT;4
800981;-6;-29,29;DTM;4
800991;-6;-830,62;DIT;4
801079;-1;-28,93;DTM;4
801079;-2;-57,86;DTM;4
801081;-50;-1.296,40;DIT;4
801081;-117;-3.033,57;DIT;4
801112;-22;0;DTM;4
801135;-25;-285,46;DIT;4
801186;-50;-786,93;DIT;4
801186;-54;-849,88;DIT;4
801199;-120;0;DTM;4
801199;-3;-25,53;DTM;4
801199;-6;-51,06;DTM;4
801199;-6;-51,06;DTM;4
801199;-6;-51,06;DTM;4
801240;-50;-3.631,95;DIT;4
801303;-50;-295,55;DIT;4
801352;-50;-293,98;DIT;4
801375;-100;-574,61;DIT;4
801400;-30;-2.989,60;DIT;4
801826;-100;-576,2;DIT;4
802178;-48;-907,2;DCF;4
802249;-50;-10.933,51;DIT;4
803344;-50;-4.613,49;DIT;4
804422;-30;-789,43;DIT;4
400011;-2;-209,5;DTE;4
400111;-1;-4,65;DTE;4
400122;-429;-871,74;DIT;4
400130;-28;-83,56;DIT;4
400137;-78;-245,74;DIT;4
400140;-447;-3.620,27;DIT;4
400142;-136;-9.633,11;DIT;4
400142;-9;-637,49;DTE;4
400193;-9;-266,85;DTE;4
400193;-135;-4.002,78;DIT;4
400193;-4;-118,6;DIT;4
400307;-1;-6,34;DTE;4
400359;-21;-516,99;DTE;4
400366;-256;-2.802,34;DIT;4
400373;-10;-7,83;DTE;4
400375;-210;-1.792,56;DIT;4
400434;-374;-10.546,46;DIT;4
400434;-67;-1.889,34;DIT;4
400460;-862;-23.594,28;DIT;4
400474;-1.840;-51.213,45;DIT;4
400506;-96;-946,98;DIT;4
400506;-15;-147,97;DTE;4
400506;-10;-98,64;DTE;4
400594;-232,5;-22.129,73;DIT;4
400603;-3.476;-98.450,95;DIT;4
400655;-27;-1.155,10;DTE;4
400665;-15;-355,26;DTE;4
400673;-73;-101,21;DTE;4
400673;-4;-5,55;DTE;4
400673;-18;-24,96;DTE;4
400673;-14;-19,41;DTE;4
400758;-18;-8.496,04;DIT;4
400790;-28;-571,19;DTE;4
400790;-26;-530,39;DTE;4
400805;-3;-16,72;DTE;4
400805;-21;-117,02;DIT;4
400827;-164;-476,7;DTE;4
400880;-120;-228,89;DIT;4
400906;-8;-782,65;DIT;4
400906;-13;-1.271,81;DTE;4
400906;-14;-1.369,64;DTE;4
400906;-125;-12.228,95;DIT;4
400930;-12;-29,14;DTE;4
400930;-22;-53,42;DTE;4
400942;-6;-28,08;DTE;4
400942;-3;-14,04;DTE;4
400974;-324;-794,12;DIT;4
400974;-4;-9,8;DIT;4
400974;-22;-53,92;DTE;4
400974;-24;-58,82;DTE;4
401088;-9;-19,65;DIT;4
401090;-15;-47,15;DIT;4
401102;-117;-155,7;DIT;4
401105;-27;-86,61;DIT;4
401108;-18;-54,45;DIT;4
401116;-213;-7.784,31;DIT;4
401116;-15;-548,19;DTE;4
401116;-4;-146,18;DIT;4
401117;-22;-270,37;DTE;4
401117;-12;-147,47;DTE;4
401117;-270;-3.318,14;DIT;4
401131;-18;-234,27;DIT;4
401131;-702;-9.136,56;DIT;4
401131;-138;-1.796,08;DTE;4
401234;-106;-685,51;DIT;4
401239;-5;-119,23;DTE;4
401264;-9;-239,06;DTE;4
401264;-609;-16.176,38;DIT;4
401318;-10;-23.585,30;DIT;4
401360;-10;-16.559,55;DIT;4
401375;-5;-929,73;DTE;4
401375;-1;-185,95;DTE;4
401451;-100;-2.364,60;DIT;4
401471;-9;-300,86;DTE;4
401485;-3;-428,41;DTE;4
401500;-1;-11,35;DTE;4
401505;-72;-7.044,73;DIT;4
401505;-4;-391,37;DIT;4
401566;-25;-573,25;DTE;4
401566;-8;-183,44;DTE;4
401568;-2;-2,48;DTE;4
401576;-2;-46,46;DTE;4
401608;-6;-302,52;DTE;4
401608;-3;-151,26;DTE;4
401620;-81;-235,7;DIT;4
401686;-8;-95,24;DIT;4
401711;-3;-71,9;DTE;4
401711;-9;-215,7;DTE;4
401711;-609;-14.595,43;DIT;4
401753;-95;-726,32;DIT;4
401783;-30;-363,84;DIT;4
401791;-2.000;-8.886,49;DIT;4
401834;-10;-115;DTE;4
401834;-357;-4.105,47;DIT;4
401844;-25;-3.378,88;DTE;4
401857;-54;-17.725,79;DIT;4
401857;-6;-1.969,53;DTE;4
401870;-9;-9,14;DTE;4
401916;-18;-55,51;DIT;4
401927;-33;-686,03;DTE;4
401927;-15;-311,83;DTE;4
401937;-42;-142,04;DTE;4
401937;-91;-307,76;DTE;4
401959;-50;-9.268,38;DIT;4
401981;-100;-178,91;DIT;4
402026;-7;-171,56;DTE;4
402041;-12;-11,71;DIT;4
402041;-1.402;-1.367,97;DIT;4
402065;-2;-31,5;DTE;4
402105;-112;-5.509,14;DIT;4
402127;-96;-422,47;DTE;4
402152;-84;-5.392,42;DIT;4
402242;-10;-26.860,25;DIT;4
402247;-2;-38,1;DTE;4
402247;-1;-19,05;DTE;4
402247;-5;-95,25;DTE;4
402287;-103;-1.120,53;DIT;4
402296;-4;-50,11;DIT;4
402296;-15;-187,91;DTE;4
402296;-33;-413,41;DTE;4
402307;-910;-66.072,32;DIT;4
402307;-155;-11.328,82;DTE;4
402307;-27;-1.960,39;DTE;4
402312;-99;-1.491,73;DTE;4
402318;-1.050;-49.395,10;DIT;4
402331;-9;-428,66;DTE;4
402331;-2;-95,26;DTE;4
402397;-320;-9.254,58;DIT;4
402401;-39;-1.018,62;DTE;4
402433;-6;-921,16;DTE;4
402433;-9;-1.381,73;DTE;4
402587;-3;-89,09;DTE;4
402733;-2;-11,72;DIT;4
402741;-6;-50,94;DIT;4
402741;-3;-25,47;DTE;4
402824;-21;-1.219,37;DIT;4
403120;-1;-53,44;DTE;4
403120;-1;-53,44;DTE;4
403120;-1;-53,44;DTE;4
403161;-50;-17.115,52;DIT;4
403182;-24;-5.104,44;DIT;4
403337;-1;-1.034,41;DIT;4
403602;-30;-20,74;DTE;4
403602;-18;-12,44;DTE;4
403804;-75;-609,19;DTE;4
404084;-73;-1.673,08;DTE;4
404084;-7;-160,43;DTE;4
404112;-3;-1.050,25;DIT;4
404114;-7;-4.109,11;DIT;4
404719;-17;-385,76;DTE;4
404732;-27;-2.424,90;DTE;4
405382;-1;-1.903,46;DIT;4
405382;-1;-1.903,46;DIT;4
405382;-1;-1.903,46;DIT;4
405382;-1;-1.903,46;DIT;4
405473;-12;-1.608,01;DIT;4
405539;-50;-1.077,69;DTE;4
407094;-16;-1.125,27;DTE;4
408994;-39;-994,72;DTE;4
410155;-31;-56.157,12;DTE;4
410177;-395;-841,17;DTE;4
410200;-62;-750,08;DTE;4
800054;-250;-4.757,50;DIT;4
800345;-231;-4.321,89;DIT;4
800417;-40;-1.856,61;DIT;4
800499;-300;-2.826,87;DIT;4
800654;-51;-7.733,97;DIT;4
800654;-20;0;DTM;4
800817;-20;0;DTM;4
800889;-390;-7.668,51;DIT;4
800901;50;6.386,04;DIT;4
800901;-17;-2.171,25;DIT;4
800901;17;2.171,25;DIT;4
800901;17;2.171,25;DIT;4
801010;-9;-52,61;DIT;4
801081;-213;-5.522,65;DIT;4
801081;-20;0;DTM;4
801087;-20;0;DTM;4
801186;-122;-1.920,10;DIT;4
801225;-87;-2.575,75;DIT;4
400040;-1;-9.922,48;DIT;4
400040;-4;-46.656,00;DTE;4
400142;-25;-1.770,79;DIT;4
400142;-9;-637,48;DTE;4
400142;-3;-212,49;DTM;4
400221;-2;-4.262,49;DIT;4
400221;-5;-10.656,22;DIT;4
400224;-1;0;DTM;4
400224;-4;-6.469,06;DIT;4
400422;-1;-2,6;DTE;4
400460;77;2.107,61;DIT;4
400460;-77;-2.107,61;DIT;4
400460;-47;-1.286,46;DIT;4
400460;-25;0;DTM;4
400460;-77;-2.107,61;DIT;4
400474;-60;-1.670,00;DIT;4
400474;-60;-1.670,00;DIT;4
400474;60;1.670,00;DIT;4
400506;-5;-49,32;DTE;4
400506;-13;-128,24;DTE;4
400506;-3;-29,59;DTM;4
400603;9;254,91;DIT;4
400603;-9;-254,91;DIT;4
400603;-9;-254,91;DIT;4
400708;-25;-158,5;DTE;4
400708;-9;-57,06;DTE;4
400730;-159;-3.040,13;DTM;4
400730;-6;-114,72;DTM;4
400790;-8;-163,2;DTE;4
400790;-8;-163,2;DTE;4
400790;-8;-163,2;DTM;4
400827;-30;-87,2;DTE;4
400827;-12;-34,88;DTE;4
400827;-13;-37,79;DTE;4
400827;-77;-223,82;DTE;4
400906;-4;-391,33;DTM;4
401116;-21;-767,47;DTE;4
401117;-2;-24,58;DTE;4
401127;-2;0;DTM;4
401127;-4;-8.129,84;DIT;4
401349;-2;-7.223,85;DIT;4
401360;-2;-3.311,91;DIT;4
401566;-12;-275,16;DTE;4
401566;-3;-68,79;DTE;4
401566;-5;-114,65;DTE;4
401629;-1;-30.800,53;DIT;4
401791;-1.000;-4.443,25;DIT;4
401823;-1;-28,34;DTE;4
401844;-1;-135,02;DTE;4
401844;-4;-540,1;DTE;4
401857;-3;-984,77;DTE;4
401857;-3;-984,77;DTE;4
401857;-3;-984,77;DTE;4
401857;-3;-984,77;DTE;4
401857;-3;-984,77;DTE;4
401857;-3;-984,77;DTE;4
401857;-3;-984,77;DTE;4
401857;-3;-984,77;DTM;4
401927;-21;-436,56;DTE;4
401931;-2;-7.952,69;DIT;4
401941;-100;-180,41;DTE;4
401959;-200;-37.073,51;DIT;4
401959;-50;-9.268,38;DIT;4
401959;-20;-3.707,35;DIT;4
402111;-3;-16,19;DTE;4
402242;-10;-26.860,25;DIT;4
402312;-11;-165,75;DTE;4
402318;-69;-3.247,79;DIT;4
402318;-69;-3.247,79;DIT;4
402318;69;3.247,79;DIT;4
402397;-139;-4.025,30;DIT;4
402397;-139;-4.025,30;DIT;4
402397;139;4.025,30;DIT;4
402397;-172;-4.980,95;DIT;4
402401;-9;-235,07;DTE;4
402401;-5;-130,59;DTE;4
402433;-3;-460,58;DTM;4
402447;-1;-5.467,90;DIT;4
402650;-1;-1.453,26;DIT;4
402650;-1;0;DTM;4
402847;-1;-1.089,32;DIT;4
403642;-976;-14.903,35;DIT;4
403642;-89;-1.359,01;DPM;4
403656;-700;-17.673,06;DPM;4
404732;-6;-541,32;DTE;4
404732;-6;-541,32;DTE;4
404732;-36;-3.247,90;DTE;4
404741;-3;-206,61;DTM;4
407094;-2;-140,66;DTE;4
408994;-3;-76,52;DTE;4
408994;-20;-510,11;DTE;4
408994;-12;-306,07;DTE;4
408994;-2;-51,01;DTE;4
409240;-1;-185.582,92;DTM;4
800817;-3;-994,7;DTM;4
800817;-6;-1.989,40;DTM;4
800817;-6;-1.989,40;DTM;4
800817;-6;-1.989,40;DTM;4
800817;-1;-331,57;DTM;4
800817;-3;-994,7;DTM;4
800847;-50;-13.904,50;DIT;4
800894;-100;-612,77;DIT;4
801352;-100;-587,96;DIT;4
805478;-25;0;DTM;4
120050;-1;-106,47;DRI;4
120118;-1;-108,24;DRI;4
120344;-3;-476,6;DTM;4
400011;-2;-209,5;DTE;4
400040;-1;-11.931,50;DTE;4
400040;-1;-11.931,50;DTE;4
400072;-1;-3.539,42;DIT;4
400111;-3;-13,95;DIT;4
400130;-12;-35,81;DTE;4
400137;-75;-236,29;DIT;4
400140;-20;-161,98;DTE;4
400140;-4;-32,4;DTM;4
400140;-120;-971,89;DIT;4
400142;-3;-212,5;DTM;4
400142;-3;-212,49;DTE;4
400142;-3;-212,5;DTM;4
400192;-3;-43,52;DTE;4
400192;-3;-43,52;DTE;4
400193;-12;-355,8;DTE;4
400193;-72;-2.134,81;DIT;4
400224;-2;-3.234,53;DTE;4
400307;-6;-38,06;DIT;4
400307;-5;-31,72;DTM;4
400318;-2;-27,2;DTE;4
400318;-2;-27,2;DTE;4
400366;-5;-54,73;DTM;4
400366;-2;-21,89;DTM;4
400375;-4;-34,14;DIT;4
400434;-575;-16.214,48;DIT;4
400459;-105;-528,66;DIT;4
400474;-2.200;-61.233,47;DIT;4
400484;-3;-47,94;DTE;4
400484;-2;-31,96;DTM;4
400484;-2;-31,96;DTM;4
400484;-2;-31,96;DTM;4
400484;-3;-47,94;DTE;4
400484;-1;-15,98;DTE;4
400506;-5;-50,4;DTE;4
400506;-3;-30,24;DTM;4
400543;-3;-35,69;DTE;4
400594;-7;-666,27;DTM;4
400673;-10;-13,86;DTM;4
400673;-6;-8,32;DTM;4
400673;-15;-20,8;DTM;4
400673;-3;-4,16;DTE;4
400673;-13;-18,02;DTM;4
400673;-2;-2,77;DTM;4
400673;-12;-16,64;DTM;4
400673;-10;-13,86;DTM;4
400673;-20;-27,73;DTM;4
400673;-10;-13,86;DTM;4
400673;-7;-9,7;DTM;4
400673;-1;-1,39;DTM;4
400708;-15;-95,1;DTM;4
400708;-2;-12,68;DTE;4
400708;-2;-12,68;DTE;4
400708;-60;-380,4;DTE;4
400708;-66;-418,44;DTE;4
400708;-74;-469,15;DTE;4
400708;-79;-500,85;DTE;4
400708;-27;-171,18;DTE;4
400708;-690;-4.374,55;DTE;4
400708;-85;-538,88;DTM;4
400790;-8;-163,2;DTE;4
400790;-8;-163,2;DTM;4
400805;-12;-66,87;DIT;4
400805;-3;-16,72;DTE;4
400880;-50;-95,37;DIT;4
400906;-31;-3.032,92;DIT;4
400906;-4;-391,35;DTE;4
400906;-4;-391,35;DTM;4
400955;-6;-25,26;DTE;4
400974;-10;-24,51;DTE;4
400974;-6;-14,71;DTE;4
400974;-10;-24,51;DTE;4
400974;-4;-9,8;DTM;4
400974;-152;-372,55;DIT;4
401034;-2;-25,53;DTE;4
401116;-3;-109,64;DTE;4
401116;-3;-109,64;DTE;4
401116;-9;-328,91;DTE;4
401116;-50;-1.827,30;DIT;4
401116;-3;-109,64;DTE;4
401116;-3;-109,64;DTE;4
401116;-33;-1.206,02;DTE;4
401116;-33;-1.206,02;DTE;4
401116;-3;-109,64;DTE;4
401116;-6;-219,28;DTM;4
401116;-6;-219,28;DTE;4
401117;-4;-49,16;DTM;4
401117;-4;-49,16;DTM;4
401127;-2;-4.064,92;DTE;4
401127;-1;-2.032,46;DTE;4
401127;-1;-2.032,46;DTE;4
401127;-6;-12.194,76;DTE;4
401127;-5;-10.162,30;DTE;4
401127;-1;-2.032,46;DTE;4
401127;-4;-8.129,84;DTE;4
401131;-12;-156,18;DTE;4
401131;-8;-104,12;DTM;4
401234;-50;-323,35;DIT;4
401234;-1;-6,47;DTM;4
401239;-3;-71,54;DTE;4
401239;-2;-47,69;DTM;4
401239;-2;-47,69;DTE;4
401239;-31;-739,22;DIT;4
401239;-1;-23,85;DTE;4
401239;-3;-71,54;DTE;4
401239;-1;-23,85;DTE;4
401264;-95;-2.523,41;DIT;4
401264;-3;-79,69;DTE;4
401264;-3;-79,69;DTE;4
401264;-3;-79,69;DTE;4
401375;-2;-371,89;DTE;4
401403;-1;-10,02;DTM;4
401471;-3;-100,29;DTE;4
401471;-3;-100,29;DTE;4
401500;-1;-11,35;DTE;4
401505;-24;-2.348,24;DIT;4
401566;-4;-91,72;DTE;4
401566;-1;-22,93;DTM;4
401576;-2;-46,46;DTM;4
401576;-3;-69,7;DTM;4
401576;-1;-23,23;DTM;4
401576;-2;-46,46;DTM;4
401576;-1;-23,23;DTM;4
401576;-1;-23,23;DTM;4
401608;-3;-151,26;DTE;4
401620;-3;-8,73;DTM;4
401620;-30;-87,29;DIT;4
401620;-4;-11,64;DTE;4
401620;-2;-5,82;DTE;4
401657;-2;-290,44;DTE;4
401753;-35;-267,59;DIT;4
401823;-41;-1.162,02;DTE;4
401823;-8;-226,73;DTM;4
401834;-60;-702,46;DIT;4
401834;-1;-11,71;DTE;4
401844;-3;-404,39;DTM;4
401844;-3;-404,39;DTE;4
401844;-4;-539,18;DTE;4
401857;-3;-984,77;DTE;4
401857;-6;-1.969,53;DTE;4
401857;-3;-984,77;DTE;4
401857;-3;-984,77;DTE;4
401857;-3;-984,77;DTE;4
401857;-3;-984,77;DTE;4
401857;-1;-328,26;DTE;4
401857;-3;-984,77;DTE;4
401857;-1;-328,26;DTE;4
401857;-3;-984,77;DTE;4
401857;-3;-984,77;DTM;4
401857;-3;-984,77;DTE;4
401857;-3;-984,77;DTM;4
401870;-8;-8,13;DTE;4
401870;-2;-2,03;DTE;4
401870;-6;-6,1;DTE;4
401870;-6;-6,1;DTE;4
401888;-3;-91,04;DTE;4
401927;-6;-124,73;DTM;4
401937;-1;-3,38;DTE;4
401937;-6;-20,29;DTE;4
401937;-1;-3,38;DTE;4
401937;-1;-3,38;DTE;4
401937;-1;-3,38;DTE;4
401937;-2;-6,76;DTE;4
401959;-4;-741,45;DTE;4
402026;-4;-98,03;DTM;4
402026;-2;-49,02;DTM;4
402026;-1;-24,51;DTM;4
402026;-1;-24,51;DTM;4
402026;-2;-49,02;DTM;4
402065;-1;-15,75;DTM;4
402065;-1;-15,75;DTM;4
402065;-1;-15,75;DTM;4
402065;-4;-63,01;DTM;4
402065;-1;-15,75;DTM;4
402106;-3;-230,77;DTM;4
402106;-1;-76,92;DTM;4
402127;-7;-30,81;DTE;4
402127;-35;-154,03;DTE;4
402127;-4;-17,6;DTE;4
402127;-2;-8,8;DTE;4
402127;-27;-118,82;DTE;4
402127;-4;-17,6;DTE;4
402128;-12;-111,51;DTE;4
402128;-12;-111,51;DTE;4
402152;-500;0;DTM;4
402287;-1;-10,88;DTM;4
402287;-1;-10,88;DTM;4
402287;-1;-10,88;DTM;4
402296;-6;-75,17;DTM;4
402296;-90;-1.127,48;DIT;4
402296;-3;-37,58;DTE;4
402296;-9;-112,75;DTE;4
402296;-3;-37,58;DTE;4
402296;-3;-37,58;DTE;4
402307;-400;-29.235,67;DIT;4
402307;-35;-2.558,12;DTE;4
402307;-5;-365,45;DTE;4
402307;-2;-146,18;DTE;4
402312;-11;-160,26;DTM;4
402318;-2.100;-98.845,69;DIT;4
402324;-2;-11,07;DTM;4
402324;-4;-22,13;DTE;4
402359;-4;-24,83;DTE;4
402373;-2;-21,6;DTE;4
402401;-27;-750,69;DTE;4
402401;-18;-500,46;DTE;4
402401;-3;-83,41;DTE;4
402401;-3;-83,41;DTE;4
402401;-3;-83,41;DTE;4
402401;-4;-111,21;DTM;4
402433;-3;-460,58;DTM;4
402433;-3;-460,58;DTE;4
402490;-7;-2.316,02;DTE;4
402526;-1;-1.794,50;DTE;4
402587;-2;-59,39;DTE;4
402587;-2;-59,39;DTE;4
402587;-1;-29,7;DTE;4
402587;-1;-29,7;DTE;4
402587;-2;-59,39;DTE;4
402587;-2;-59,39;DTM;4
402587;-2;-59,39;DTE;4
402587;-1;-29,7;DTE;4
402587;-1;-29,7;DTE;4
402587;-1;-29,7;DTE;4
402587;-2;-59,39;DTE;4
403121;-2;-19,87;DTM;4
403182;-24;-5.104,44;DTE;4
404071;-3;-492,52;DTE;4
404071;-3;-492,52;DTE;4
404071;-3;-492,52;DTM;4
404071;-18;-2.955,13;DTE;4
404071;-3;-492,52;DTE;4
404071;-3;-492,52;DTE;4
404071;-12;-1.970,09;DTE;4
404084;-5;-114,59;DTM;4
404084;-3;-68,76;DTE;4
404084;-1;-22,92;DTE;4
404084;-2;-45,84;DTE;4
404719;-2;-45,38;DTM;4
404719;-8;-181,51;DTE;4
404732;-3;-270,66;DTM;4
404732;-4;-360,88;DTM;4
404741;-9;-619,83;DTE;4
404972;-2;-1.010,86;DTM;4
408994;-4;-102,04;DTM;4
408995;-6;-157,88;DTM;4
800158;-10;-17,39;DTM;4
800327;-30;-851,2;DIT;4
800668;-2;-5,68;DIT;4
801186;-34;-535,11;DIT;4
803701;-10;-44,31;DTM;4
805639;-10;-19,43;DTM;4
400011;-2;-209,5;DTE;4
400040;-1;-11.931,50;DTE;4
400040;-1;-11.931,50;DIT;4
400111;-1;-4,65;DTE;4
400111;-1;-4,65;DTE;4
400122;429;871,74;DIT;4
400122;-429;-871,74;DIT;4
400130;28;83,56;DIT;4
400130;-6;-17,91;DTE;4
400130;-28;-83,56;DIT;4
400137;-78;-245,75;DIT;4
400137;78;245,74;DIT;4
400140;-15;-121,49;DIT;4
400140;-1;-8,1;DTM;4
400140;-4;-32,4;DTM;4
400140;447;3.620,27;DIT;4
400140;-4;-32,4;DTE;4
400140;-447;-3.620,27;DIT;4
400140;-1;-8,1;DTE;4
400142;-3;-212,49;DTE;4
400142;-3;-212,5;DTE;4
400142;-3;-212,5;DTE;4
400142;-3;-212,49;DTE;4
400142;-1;-70,83;DTE;4
400193;-3;-88,95;DTE;4
400193;-135;-4.002,78;DIT;4
400193;-50;-1.482,51;DIT;4
400193;-50;-1.482,51;DIT;4
400193;-6;-177,9;DIT;4
400193;135;4.002,78;DIT;4
400221;-1;-2.131,24;DIT;4
400307;-38;-241,04;DTE;4
400307;-1;-6,34;DTE;4
400307;-37;-234,7;DTE;4
400344;-1;-37,65;DTE;4
400344;-1;-37,65;DTE;4
400366;-256;-2.802,34;DIT;4
400366;256;2.802,34;DIT;4
400366;-12;-131,36;DTE;4
400375;-210;-1.792,56;DIT;4
400375;210;1.792,56;DIT;4
400434;-374;-10.546,46;DIT;4
400434;374;10.546,46;DIT;4
400434;-7;-197,39;DIT;4
400443;-126;-863,78;DIT;4
400460;-862;-23.594,28;DIT;4
400460;862;23.594,28;DIT;4
400474;1.840;51.213,45;DIT;4
400474;-1.840;-51.213,45;DIT;4
400474;-2;-55,67;DTE;4
400474;-6;-167;DTE;4
400474;-7;-194,83;DTE;4
400474;-3;-83,5;DTE;4
400474;-3;-83,5;DTE;4
400474;-5;-139,17;DTE;4
400474;-15;-417,5;DTE;4
400474;-4;-111,33;DTE;4
400474;-6;-167;DTE;4
400474;-16;-445,33;DTE;4
400474;-15;-417,5;DTE;4
400474;-24;-668;DTE;4
400474;-1;-27,83;DTE;4
400474;-3;-83,5;DTE;4
400474;-4;-111,33;DTE;4
400474;-4;-111,33;DTE;4
400474;-12;-334;DTE;4
400474;-18;-501;DTE;4
400474;-15;-417,5;DTE;4
400474;-3;-83,5;DTE;4
400474;-24;-668;DTE;4
400474;-18;-501;DTE;4
400474;-18;-501;DTE;4
400474;-7;-194,83;DTE;4
400474;-1;-27,83;DTE;4
400474;-33;-918,5;DTE;4
400474;-6;-167;DTE;4
400474;-27;-751,5;DTE;4
400474;-1;-27,83;DTE;4
400474;-3;-83,5;DTE;4
400474;-9;-250,5;DTE;4
400484;-1;-15,98;DTE;4
400484;-2;-31,96;DTE;4
400496;-2;-68,81;DTE;4
400506;-1;-10,08;DTM;4
400506;-10;-100,8;DTE;4
400506;-5;-50,4;DTE;4
400506;-6;-60,48;DIT;4
400506;-5;-50,4;DTE;4
400506;-2;-20,16;DTM;4
400506;-5;-50,4;DTE;4
400506;-3;-30,24;DTM;4
400506;-5;-50,4;DTE;4
400588;-3;-171,41;DTM;4
400594;-50;-4.759,08;DIT;4
400594;-20;-1.903,63;DTE;4
400594;-7;-666,27;DTE;4
400594;-10;-951,82;DTE;4
400603;-3.476;-98.450,95;DIT;4
400603;-890;-25.207,52;DIT;4
400603;3.476;98.450,95;DIT;4
400665;-3;-71,05;DTE;4
400708;-88;-557,9;DTE;4
400708;-18;-114,12;DTE;4
400758;-18;-8.496,04;DIT;4
400758;18;8.496,04;DIT;4
400790;-8;-163,2;DTE;4
400790;-4;-81,6;DTE;4
400790;-10;-204;DTE;4
400790;-4;-81,6;DTE;4
400790;-12;-244,8;DTE;4
400790;-10;-204;DTE;4
400790;-20;-408;DTE;4
400790;-4;-81,6;DTE;4
400805;21;117,02;DIT;4
400805;-21;-117,02;DIT;4
400805;-3;-16,72;DTE;4
400813;-6;-10,48;DTE;4
400813;-3;-5,24;DTE;4
400813;-12;-20,96;DTE;4
400813;-3;-5,24;DTE;4
400813;-5;-8,73;DTE;4
400813;-8;-13,98;DTE;4
400813;-6;-10,48;DTE;4
400813;-8;-13,98;DTE;4
400813;-5;-8,73;DTE;4
400813;-39;-68,13;DTE;4
400813;-6;-10,48;DTE;4
400813;-3;-5,24;DTE;4
400813;-3;-5,24;DTE;4
400813;-18;-31,44;DTE;4
400813;-25;-43,67;DTE;4
400813;-1.000;-1.746,94;DIT;4
400813;-8;-13,98;DTE;4
400813;-14;-24,46;DTE;4
400827;-31;-87,94;DTE;4
400827;-13;-36,88;DTE;4
400827;-12;-34,04;DTE;4
400827;-12;-34,04;DTE;4
400827;-15;-42,55;DTE;4
400827;-9;-25,53;DTE;4
400827;-16;-45,39;DTE;4
400827;-31;-87,94;DTE;4
400827;-10;-28,37;DTE;4
400827;-7;-19,86;DTE;4
400827;-2;-5,67;DTE;4
400827;-13;-36,88;DTE;4
400827;-4;-11,35;DTE;4
400827;-14;-39,71;DTE;4
400827;-34;-96,45;DTE;4
400827;-33;-93,61;DTE;4
400827;-18;-51,06;DTE;4
400827;-4;-11,35;DTE;4
400827;-88;-249,64;DTE;4
400827;-30;-85,1;DTE;4
400827;-4;-11,35;DTE;4
400827;-29;-82,27;DTE;4
400827;-55;-156,02;DTE;4
400827;-32;-90,78;DTE;4
400827;-43;-121,98;DTE;4
400827;-22;-62,41;DTE;4
400827;-2;-5,67;DTE;4
400827;-15;-42,55;DTE;4
400827;-23;-65,25;DTE;4
400827;-7;-19,86;DTE;4
400827;-5;-14,18;DTE;4
400827;-156;-442,54;DTE;4
400827;-17;-48,23;DTE;4
400827;-9;-25,53;DTE;4
400827;-6;-17,02;DTE;4
400827;-2;-5,67;DTE;4
400827;-24;-68,08;DTE;4
400827;-35;-99,29;DTE;4
400827;-15;-42,55;DTE;4
400827;-12;-34,04;DTE;4
400827;-26;-73,76;DTE;4
400827;-20;-56,74;DTE;4
400827;-19;-53,9;DTE;4
400827;-52;-147,51;DTE;4
400827;-26;-73,76;DTE;4
400851;-1;-22,43;DTM;4
400880;-120;-228,89;DIT;4
400880;120;228,89;DIT;4
400880;-1;-1,91;DIT;4
400906;-2;-195,67;DTE;4
400906;-6;-587,02;DTE;4
400906;-5;-489,18;DTE;4
400906;125;12.228,95;DIT;4
400906;-2;-195,67;DTE;4
400906;-2;-195,67;DTE;4
400906;-4;-391,35;DTE;4
400906;-125;-12.229,61;DIT;4
400930;-49;-118,46;DIT;4
400942;-4;-18,72;DTE;4
400942;-9;-42,12;DTE;4
400942;-1;-4,68;DTE;4
400974;-4;-9,8;DTM;4
400974;-8;-19,61;DTM;4
400974;-1;-2,45;DTM;4
400974;-14;-34,31;DTM;4
400974;-4;-9,8;DTM;4
400974;-4;-9,8;DTM;4
400974;-10;-24,51;DTM;4
400974;-4;-9,8;DTE;4
400974;-4;-9,8;DTM;4
400974;-8;-19,61;DTM;4
401088;9;19,65;DIT;4
401088;-9;-19,65;DIT;4
401090;15;47,15;DIT;4
401090;-15;-47,15;DIT;4
401102;-117;-155,7;DIT;4
401102;117;155,7;DIT;4
401105;-27;-86,61;DIT;4
401105;27;86,61;DIT;4
401108;-18;-42,1;DIT;4
401108;18;54,45;DIT;4
401116;-213;-7.784,31;DIT;4
401116;-6;-219,28;DIT;4
401116;213;7.784,31;DIT;4
401117;-160;-1.966,31;DIT;4
401117;-4;-49,16;DTE;4
401117;-4;-49,16;DTE;4
401127;-4;0;DTM;4
401131;-15;-195,22;DTE;4
401131;-702;-9.136,45;DIT;4
401131;-6;-78,09;DTE;4
401131;-39;-507,58;DTE;4
401131;-13;-169,19;DTE;4
401131;-31;-403,46;DTE;4
401131;-2;-26,03;DTE;4
401131;-3;-39,04;DTE;4
401131;-1;-13,01;DTE;4
401131;702;9.136,56;DIT;4
401131;-2;-26,03;DTE;4
401131;-80;-1.041,19;DIT;4
401193;-2;-14.159,76;DIT;4
401213;-1;-69,55;DTE;4
401234;-106;-685,51;DIT;4
401234;106;685,51;DIT;4
401239;-3;-71,54;DTE;4
401264;609;16.176,38;DIT;4
401264;-609;-16.176,38;DIT;4
401349;-1;-3.611,92;DTM;4
401375;-10;-1.859,46;DTE;4
401438;-1;-11,43;DTE;4
401438;-2;-22,86;DTE;4
401438;-2;-22,86;DTE;4
401451;100;2.364,60;DIT;4
401451;-100;-2.364,60;DIT;4
401485;-1;-142,76;DTE;4
401500;-2;-22,69;DTE;4
401500;-1;-11,35;DTE;4
401505;-72;-7.044,73;DIT;4
401505;72;7.044,73;DIT;4
401566;-7;-160,51;DTE;4
401566;-28;-642,04;DTE;4
401566;-30;-687,91;DTE;4
401566;-35;-802,56;DTE;4
401566;-3;-68,79;DTE;4
401566;-6;-137,58;DTE;4
401566;-7;-160,51;DTE;4
401568;-2;-2,48;DTE;4
401568;-2;-2,48;DTE;4
401568;-2;-2,48;DTE;4
401568;-2;-2,48;DTE;4
401568;-2;-2,48;DTE;4
401574;-1;-19,01;DTE;4
401576;-3;-69,7;DTE;4
401576;-1;-23,23;DTE;4
401576;-7;-162,63;DTE;4
401576;-3;-69,7;DTE;4
401576;-3;-69,7;DTE;4
401576;-1;-23,23;DTE;4
401576;-1;-23,23;DTE;4
401576;-3;-69,7;DTE;4
401576;-3;-69,7;DTE;4
401608;-6;-302,52;DTE;4
401608;-3;-151,26;DTE;4
401608;-3;-151,26;DTE;4
401608;-6;-302,52;DTE;4
401620;-81;-235,7;DIT;4
401620;81;235,7;DIT;4
401620;-2;-5,82;DTE;4
401632;-2.000;-4.420,23;DIT;4
401699;-2;-7.108,01;DTE;4
401711;-60;-1.437,97;DIT;4
401753;-95;-726,32;DIT;4
401753;95;726,32;DIT;4
401783;30;363,84;DIT;4
401783;-30;-363,84;DIT;4
401823;-6;-170,05;DTE;4
401823;-5;-141,71;DTE;4
401834;357;4.105,47;DIT;4
401834;-357;-4.174,33;DIT;4
401844;-1;-134,8;DTE;4
401844;-2;-269,59;DTE;4
401844;-2;-269,59;DTE;4
401844;-1;-134,8;DTE;4
401844;-5;-673,98;DTE;4
401844;-2;-269,59;DTE;4
401844;-5;-673,98;DTE;4
401844;-4;-539,18;DTE;4
401844;-1;-134,8;DTE;4
401844;-1;-134,8;DTE;4
401844;-2;-269,59;DTE;4
401844;-1;-134,8;DTE;4
401844;-4;-539,18;DTE;4
401844;-3;-404,39;DTE;4
401844;-4;-539,18;DTE;4
401844;-2;-269,59;DTE;4
401844;-8;-1.078,37;DTE;4
401844;-7;-943,57;DTE;4
401870;-4;-4,06;DTE;4
401870;-2;-2,03;DTE;4
401886;-56;-1.680,00;DIT;4
401892;-3;-82,42;DTE;4
401892;-3;-82,42;DTE;4
401916;18;55,51;DIT;4
401916;-18;-55,51;DIT;4
401927;-2;-41,58;DTE;4
401927;-3;-62,37;DTE;4
401937;-6;-20,29;DTE;4
401937;-2;-6,76;DTE;4
401937;-2;-6,76;DTE;4
401937;-19;-64,26;DTE;4
401937;-4;-13,53;DTE;4
401937;-20;-67,64;DTE;4
401937;-20;-67,64;DTE;4
401937;-1;-3,38;DTE;4
402017;-1;-154,38;DTM;4
402017;-1;-154,38;DTM;4
402017;-1;-154,38;DTM;4
402026;-9;-220,57;DTE;4
402041;1.402;1.367,97;DIT;4
402041;-1.402;-1.367,97;DIT;4
402105;-112;-5.509,14;DIT;4
402105;112;5.509,14;DIT;4
402105;-38;-1.869,17;DTE;4
402105;-9;-442,7;DTE;4
402105;-30;-1.475,66;DTE;4
402105;-3;-147,57;DTE;4
402105;-12;-590,26;DTE;4
402105;-26;-1.278,91;DTE;4
402105;-3;-147,57;DTE;4
402105;-10;-491,89;DTE;4
402105;-53;-2.607,00;DTE;4
402105;-8;-393,51;DTE;4
402105;-30;-1.475,66;DTE;4
402105;-65;-3.197,27;DTE;4
402106;-2;-153,85;DTE;4
402106;-1;-76,92;DTE;4
402111;-3;-16,77;DTM;4
402111;-3;-16,77;DTE;4
402111;-3;-16,77;DTM;4
402111;-3;-16,77;DTM;4
402127;-9;-39,61;DTE;4
402127;-20;-88,02;DTE;4
402127;-10;-44,01;DTE;4
402127;-32;-140,82;DTE;4
402127;-18;-79,21;DTE;4
402127;-48;-211,24;DTE;4
402127;-6;-26,4;DTE;4
402127;-43;-189,23;DTE;4
402127;-5;-22;DTE;4
402127;-4;-17,6;DTE;4
402127;-2;-8,8;DTE;4
402127;-3;-13,2;DTE;4
402127;-25;-110,02;DTE;4
402127;-1;-4,4;DTM;4
402127;-8;-35,21;DTE;4
402127;-4;-17,6;DTE;4
402127;-9;-39,61;DTE;4
402127;-9;-39,61;DTE;4
402127;-18;-79,21;DTE;4
402127;-12;-52,81;DTE;4
402127;-24;-105,62;DTE;4
402127;-20;-88,02;DTE;4
402127;-5;-22;DTE;4
402127;-8;-35,21;DTE;4
402127;-50;-220,04;DTE;4
402127;-14;-61,61;DTE;4
402127;-36;-158,43;DTE;4
402152;-18;-1.226,50;DTE;4
402152;-18;-1.226,50;DTE;4
402152;-8;-545,11;DTE;4
402152;-18;-1.226,50;DTE;4
402152;-6;-408,83;DTE;4
402152;-14;-953,95;DTE;4
402152;-56;-3.815,79;DTE;4
402152;-8;-545,11;DTE;4
402152;-8;-545,11;DTE;4
402152;-8;-545,11;DTE;4
402152;-10;-681,39;DTE;4
402152;-16;-1.090,23;DTE;4
402152;-6;-408,83;DTE;4
402152;-16;-1.090,23;DTE;4
402152;-10;-681,39;DTE;4
402152;-8;-545,11;DTE;4
402152;-12;-817,67;DTE;4
402152;-12;-817,67;DTE;4
402152;-8;-545,11;DTE;4
402152;-10;-681,39;DTE;4
402152;-8;-545,11;DTE;4
402152;-8;-545,11;DTE;4
402152;-8;-545,11;DTE;4
402152;-2;-136,28;DTE;4
402152;-8;-545,11;DTE;4
402152;-8;-545,11;DTE;4
402187;-12;-3;DTE;4
402202;-1;-36,78;DTE;4
402202;-2;-73,55;DTE;4
402202;-1;-36,77;DTE;4
402202;-1;-36,77;DTE;4
402242;-1;-2.686,02;DTM;4
402242;-2;-5.372,05;DIT;4
402247;-1;-19,05;DTE;4
402287;-5;-54,39;DIT;4
402287;-103;-1.120,53;DIT;4
402287;103;1.120,53;DIT;4
402287;-1;-10,88;DTE;4
402296;-6;-75,17;DIT;4
402307;-910;-66.501,87;DIT;4
402307;-4;-292,32;DTE;4
402307;-40;-2.923,16;DTE;4
402307;-29;-2.119,29;DTE;4
402307;-42;-3.069,32;DTE;4
402307;-12;-876,95;DTE;4
402307;-12;-876,95;DTM;4
402307;-4;-292,32;DTM;4
402307;-8;-584,63;DTM;4
402307;910;66.072,32;DIT;4
402312;-14;-203,96;DTE;4
402312;-1;-14,57;DTM;4
402312;-28;-407,93;DTE;4
402312;-2;-29,14;DTM;4
402312;-28;-407,93;DTE;4
402312;-13;-189,39;DTE;4
402312;-4;-58,28;DTM;4
402312;-4;-58,28;DTM;4
402312;-2;-29,14;DTE;4
402312;-2;-29,14;DTE;4
402312;-3;-43,71;DTE;4
402312;-25;-364,22;DTE;4
402312;-3;-43,71;DTM;4
402312;-19;-276,81;DTE;4
402312;-20;-291,38;DTE;4
402312;-4;-58,28;DTE;4
402312;-19;-276,81;DTE;4
402312;-6;-87,41;DTE;4
402312;-25;-364,22;DTE;4
402312;-18;-262,24;DTE;4
402312;-3;-43,71;DTE;4
402312;-50;-728,44;DTE;4
402312;-12;-174,83;DTM;4
402312;-22;-320,51;DTE;4
402312;-4;-58,28;DTE;4
402312;-10;-145,69;DTE;4
402312;-16;-233,1;DTE;4
402312;-22;-320,51;DTE;4
402312;-16;-233,1;DTE;4
402312;-38;-553,61;DTE;4
402312;-7;-101,98;DTE;4
402312;-30;-437,06;DTE;4
402312;-7;-101,98;DTE;4
402312;-42;-611,89;DTE;4
402312;-24;-349,65;DTE;4
402312;-6;-87,41;DTE;4
402312;-8;-116,55;DTE;4
402312;-17;-247,67;DTE;4
402312;-36;-524,48;DTE;4
402312;-1;-14,57;DTM;4
402318;1.050;49.395,10;DIT;4
402318;-1.050;-49.422,14;DIT;4
402324;-4;-22,13;DTM;4
402331;-1;-47,63;DTE;4
402331;-3;-142,89;DTE;4
402331;-5;-238,15;DTE;4
402373;-1;-10,8;DTE;4
402397;-320;-9.266,77;DIT;4
402397;320;9.254,58;DIT;4
402401;-6;-166,82;DTM;4
402401;-6;-166,82;DTE;4
402401;-3;-83,41;DTE;4
402401;-3;-83,41;DTM;4
402401;-3;-83,41;DTM;4
402401;-6;-166,82;DTM;4
402401;-3;-83,41;DTM;4
402433;-20;-3.070,54;DIT;4
402433;-3;-460,58;DTE;4
402433;-3;-460,58;DTE;4
402433;-3;-460,58;DTE;4
402443;-1;-105,18;DTE;4
402587;-1;-29,7;DTE;4
402587;-1;-29,7;DTE;4
402587;-1;-29,7;DTM;4
402650;-2;0;DTM;4
402741;-3;-25,47;DTE;4
402741;6;50,94;DIT;4
402741;-3;-25,47;DTE;4
402741;-6;-50,94;DIT;4
402824;21;1.219,37;DIT;4
403121;-4;-39,73;DTE;4
403121;-5;-49,67;DTE;4
403121;-4;-39,73;DTE;4
403121;-1;-9,93;DTE;4
403121;-2;-19,87;DTE;4
403121;-4;-39,73;DTE;4
403121;-2;-19,87;DTE;4
403121;-2;-19,87;DTE;4
403121;-5;-49,67;DTE;4
403121;-1;-9,93;DTE;4
403121;-13;-129,13;DTE;4
403121;-2;-19,87;DTE;4
403121;-5;-49,67;DTE;4
403121;-5;-49,67;DTE;4
403121;-4;-39,73;DTE;4
403121;-5;-49,67;DTE;4
403121;-7;-69,53;DTE;4
403121;-2;-19,87;DTE;4
403121;-15;-149;DTE;4
403121;-4;-39,73;DTE;4
403121;-3;-29,8;DTE;4
403121;-5;-49,67;DTE;4
403121;-6;-59,6;DTE;4
403121;-3;-29,8;DTE;4
403121;-7;-69,53;DTE;4
403121;-4;-39,73;DTE;4
403121;-4;-39,73;DTE;4
403121;-1;-9,93;DTE;4
403121;-4;-39,73;DTE;4
403182;-24;-5.104,44;DIT;4
403182;24;5.104,44;DIT;4
403499;-2;-0,37;DTE;4
403602;-6;-4,15;DTE;4
403602;-6;-4,15;DTE;4
403602;-6;-4,15;DTE;4
403602;-22;-15,21;DTE;4
403602;-12;-8,3;DTE;4
403804;-2;-16,25;DTE;4
403804;-3;-24,37;DTE;4
403804;-23;-186,82;DTE;4
403804;-6;-48,73;DTE;4
404071;-3;-492,52;DTM;4
404071;-3;-492,52;DTM;4
404071;-3;-492,52;DTM;4
404071;-3;-492,52;DTM;4
404071;-3;-492,52;DTM;4
404071;-3;-492,52;DTE;4
404071;-3;-492,52;DTM;4
404084;-4;-91,68;DTM;4
404084;-1;-22,92;DTE;4
404719;-1;-22,69;DTE;4
404719;-2;-45,38;DTE;4
404719;-11;-249,58;DTE;4
404719;-5;-113,44;DTE;4
404719;-2;-45,38;DTE;4
404719;-1;-22,69;DTE;4
404719;-4;-90,75;DTE;4
404719;-1;-22,69;DTE;4
404719;-8;-181,51;DTE;4
404719;-1;-22,69;DTE;4
404719;-2;-45,38;DTE;4
404719;-1;-22,69;DTE;4
404719;-1;-22,69;DTE;4
404719;-2;-45,38;DTE;4
404719;-4;-90,75;DTE;4
404719;-4;-90,75;DTE;4
404719;-5;-113,44;DTE;4
404719;-2;-45,38;DTE;4
404732;-3;-270,66;DTE;4
404732;-3;-270,66;DTM;4
404732;-4;-360,88;DTM;4
404732;-4;-360,88;DTM;4
405473;12;1.608,01;DIT;4
405473;-12;-1.608,01;DIT;4
405539;-10;-215,54;DTE;4
405539;-10;-215,54;DTE;4
405539;-14;-301,75;DTE;4
405539;-12;-258,65;DTE;4
405539;-10;-215,54;DTE;4
407094;-8;-562,64;DTE;4
407094;-8;-562,64;DTE;4
407094;-8;-562,64;DTE;4
407094;-8;-562,64;DTE;4
407094;-8;-562,64;DTE;4
407094;-16;-1.125,27;DTE;4
407094;-8;-562,64;DTE;4
407094;-8;-562,64;DTE;4
407094;-8;-562,64;DTE;4
407094;-8;-562,64;DTE;4
407094;-8;-562,64;DTE;4
407094;-8;-562,64;DTE;4
407094;-8;-562,64;DTE;4
407094;-8;-562,64;DTE;4
407094;-8;-562,64;DTE;4
407094;-8;-562,64;DTE;4
407094;-8;-562,64;DTE;4
407094;-8;-562,64;DTE;4
407094;-8;-562,64;DTE;4
407094;-5;-351,65;DTE;4
407094;-8;-562,64;DTE;4
407094;-16;-1.125,27;DTE;4
407094;-8;-562,64;DTE;4
407094;-16;-1.125,27;DTE;4
407094;-5;-351,65;DTE;4
407094;-8;-562,64;DTE;4
408172;-12;-242,47;DTE;4
408994;-3;-76,53;DTE;4
408994;-6;-153,06;DTE;4
410155;-9;-16.303,68;DTE;4
410155;-4;-7.246,08;DTE;4
410155;-11;-19.926,72;DTE;4
410155;-1;-1.811,52;DTE;4
410155;-6;-10.869,12;DTE;4
410155;-5;-9.057,60;DTE;4
410155;-2;-3.623,04;DTE;4
410155;-5;-9.057,60;DTE;4
410155;-1;-1.811,52;DTE;4
410155;-4;-7.246,08;DTE;4
410155;-11;-19.926,72;DTE;4
410155;-8;-14.492,16;DTE;4
410155;-5;-9.057,60;DTE;4
410155;-7;-12.680,64;DTE;4
410155;-17;-30.795,84;DTE;4
410155;-2;-3.623,04;DTE;4
410155;-2;-3.623,04;DTE;4
410155;-1;-1.811,52;DTE;4
410155;-1;-1.811,52;DTE;4
410155;-13;-23.549,76;DTE;4
410155;-7;-12.680,64;DTE;4
410155;-13;-23.549,76;DTE;4
410155;-1;-1.811,52;DTE;4
410155;-1;-1.811,52;DTE;4
410155;-1;-1.811,52;DTE;4
410155;-5;-9.057,60;DTE;4
410155;-6;-10.869,12;DTE;4
410155;-8;-14.492,16;DTE;4
410177;-49;-104,35;DTE;4
410177;-55;-117,12;DTE;4
410177;-30;-63,89;DTE;4
410177;-75;-159,72;DTE;4
410177;-55;-117,12;DTE;4
410177;-102;-217,21;DTE;4
410177;-150;-319,43;DTE;4
410177;-245;-521,74;DTE;4
410177;-243;-517,48;DTE;4
410177;-128;-272,58;DTE;4
410177;-94;-200,18;DTE;4
410177;-93;-198,05;DTE;4
410177;-151;-321,56;DTE;4
410177;-258;-549,42;DTE;4
410177;-47;-100,09;DTE;4
410177;-157;-334,34;DTE;4
410177;-68;-144,81;DTE;4
410177;-54;-114,99;DTE;4
410177;-52;-110,74;DTE;4
410177;-46;-97,96;DTE;4
410177;-26;-55,37;DTE;4
410177;-94;-200,18;DTE;4
410177;-118;-251,29;DTE;4
410177;-118;-251,29;DTE;4
410200;-2;-24,2;DTE;4
410200;-2;-24,2;DTE;4
410200;-10;-120,98;DTE;4
410200;-12;-145,18;DTE;4
410200;-16;-193,57;DTE;4
410212;-1;-20,43;DTE;4
410213;-2;-36;DTE;4
410257;-15;-210,45;DTE;4
410257;-2;-28,06;DTE;4
800327;-413;-11.718,26;DIT;4
800417;-40;-1.856,61;DIT;4
800417;40;1.856,61;DIT;4
800454;-50;-22.713,00;DTM;4
800889;-100;-1.966,28;DIT;4
801010;-9;-52,61;DIT;4
801010;9;52,61;DIT;4
801186;-122;-1.920,10;DIT;4
801186;122;1.920,10;DIT;4
801225;-87;-2.575,75;DIT;4
801225;87;2.575,75;DIT;4
802911;-1.000;-4.940,00;DTM;4
803076;-60;-1.870,80;DTM;4
803076;-55;-1.714,90;DTM;4
804425;-3;-20.913,78;DTM;4
804426;-5;-20.078,06;DTM;4
804499;-20;-385,6;DTM;4
400224;-6;-9.703,60;DIT;4
401127;-6;-12.194,76;DIT;4
402650;-6;-8.724,20;DIT;4
402847;-7;-7.631,51;DIT;4
400011;-1;-104,75;DTM;4
400040;-1;-11.931,50;DTE;4
400040;-2;-23.863,00;DTE;4
400122;-3;-6,1;DTM;4
400130;-2;-5,97;DTM;4
400130;-4;-11,94;DTM;4
400140;-8;-64,79;DTM;4
400140;-12;-97,19;DTM;4
400140;-4;-32,4;DTM;4
400140;-8;-64,79;DTM;4
400140;-16;-129,58;DTM;4
400140;-16;-129,58;DTM;4
400140;-12;-97,19;DTM;4
400140;-4;-32,4;DTM;4
400140;-12;-97,19;DTM;4
400140;-4;-32,4;DTM;4
400140;-4;-32,4;DTM;4
400140;-1;-8,1;DTM;4
400193;-6;-177,9;DTM;4
400224;-1;-1.617,27;DTE;4
400224;-4;-6.469,06;DTE;4
400224;-5;-8.086,33;DTE;4
400224;-11;-17.795,58;DIT;4
400224;-30;-48.533,40;DIT;4
400344;-1;-37,65;DTE;4
400344;-1;-37,65;DTE;4
400344;-1;-37,65;DTE;4
400344;-1;-37,65;DTE;4
400344;-1;-37,65;DTE;4
400434;-500;-14.099,55;DIT;4
400443;-10;-68,55;DTM;4
400443;-70;-479,88;DTM;4
400443;-40;-274,22;DTM;4
400460;-2;-54,74;DTM;4
400474;-36;-1.002,00;DTM;4
400484;-2;-31,96;DTE;4
400484;-1;-15,98;DTE;4
400484;-1;-15,98;DTE;4
400484;-1;-15,98;DTE;4
400484;-1;-15,98;DTE;4
400484;-1;-15,98;DTE;4
400506;-5;-50,4;DTE;4
400506;-5;-50,4;DTE;4
400506;-5;-50,4;DTE;4
400506;-10;-100,8;DTE;4
400506;-5;-50,4;DTE;4
400506;-5;-50,4;DTE;4
400506;-3;-30,24;DTE;4
400506;-2;-20,16;DTE;4
400588;-3;-171,41;DTM;4
400588;-3;-171,41;DTM;4
400665;-3;-71,05;DTM;4
400683;-6;-11,64;DTE;4
400683;-2;-3,88;DTE;4
400683;-4;-7,76;DTE;4
400730;-341;-6.520,35;DTM;4
400730;-32;-611,88;DTM;4
400758;-30;-14.160,07;DIT;4
400790;-12;-244,8;DTE;4
400790;-2;-40,8;DTE;4
400790;-10;-204;DTE;4
400790;-12;-244,8;DTE;4
400790;-22;-448,8;DTE;4
400790;-2;-40,8;DTE;4
400790;-8;-163,2;DTE;4
400790;-4;-81,6;DTE;4
400790;-12;-244,8;DTE;4
400790;-12;-244,8;DTE;4
400790;-6;-122,4;DTE;4
400793;-9;-97,97;DTM;4
400813;-10;-17,47;DTM;4
400813;-60;-104,82;DTM;4
400813;-20;-34,94;DTM;4
400851;-1;-22,43;DTM;4
400955;-3;-12,63;DTM;4
400955;-3;-12,63;DTM;4
400955;-2;-8,42;DTM;4
400955;-3;-12,63;DTM;4
400955;-200;-841,87;DIT;4
400955;-200;-841,87;DIT;4
400955;-4;-16,84;DTM;4
400955;-4;-16,84;DTM;4
400974;-4;-9,8;DTM;4
400974;-6;-14,71;DTM;4
400974;-4;-9,8;DTM;4
400974;-4;-9,8;DTM;4
400974;-4;-9,8;DTM;4
400974;-4;-9,8;DTM;4
400988;-1;-1.876,49;DTE;4
401102;-1;-1,33;DTM;4
401105;-3;-9,62;DTM;4
401105;-3;-9,62;DTM;4
401127;-14;-28.454,45;DIT;4
401127;-11;-22.357,06;DIT;4
401127;-1;-2.032,46;DTE;4
401127;-1;-2.032,46;DTE;4
401193;-2;-14.159,76;DIT;4
401239;-3;-71,54;DTM;4
401239;-1;-23,85;DTM;4
401239;-3;-71,54;DTM;4
401239;-6;-143,07;DTM;4
401239;-3;-71,54;DTM;4
401260;-1;-2.818,21;DTE;4
401360;-1;-1.655,31;DTE;4
401375;-4;-743,78;DTE;4
401375;-4;-743,78;DTE;4
401375;-2;-371,89;DTE;4
401375;-1;-185,95;DTE;4
401375;-4;-743,78;DTE;4
401403;-1;-10,02;DTE;4
401438;-1;-11,43;DTE;4
401438;-3;-34,3;DTE;4
401438;-1;-11,43;DTE;4
401438;-1;-11,43;DTE;4
401438;-2;-22,87;DTE;4
401438;-5;-57,16;DTE;4
401438;-1;-11,43;DTE;4
401438;-1;-11,43;DTE;4
401438;-2;-22,87;DTE;4
401438;-1;-11,43;DTE;4
401438;-1;-11,43;DTE;4
401438;-1;-11,43;DTE;4
401438;-9;-102,89;DTE;4
401451;-3;-70,94;DTM;4
401451;-3;-70,94;DTM;4
401451;-3;-70,94;DTM;4
401463;-6;-37,65;DTM;4
401471;-1;-33,43;DTM;4
401471;-3;-100,29;DTE;4
401568;-2;-2,48;DTE;4
401568;-1;-1,24;DTE;4
401568;-1;-1,24;DTE;4
401568;-3;-3,71;DTE;4
401568;-2;-2,48;DTE;4
401568;-3;-3,71;DTE;4
401568;-2;-2,48;DTE;4
401568;-2;-2,48;DTE;4
401568;-1;-1,24;DTE;4
401632;-100;-221,01;DIT;4
401655;-2;-24,69;DTM;4
401683;-1;-187,82;DTM;4
401706;-4;-60,29;DTM;4
401706;-30;-452,15;DIT;4
401711;-10;-239,66;DIT;4
401763;-2;-75,14;DTM;4
401763;-2;-75,14;DTM;4
401763;-3;-112,71;DTM;4
401803;-2;-35,9;DTE;4
401870;-4;-4,06;DTE;4
401870;-10;-10,16;DTE;4
401937;-8;-27,06;DTM;4
401959;-50;-9.268,08;DIT;4
401959;-50;-9.268,08;DIT;4
401959;-100;-18.536,16;DIT;4
401959;-50;-9.268,08;DIT;4
402017;-1;-154,38;DTM;4
402041;-200;-195,14;DIT;4
402041;-200;-195,14;DIT;4
402041;-200;-195,15;DIT;4
402065;-2;-31,5;DTE;4
402065;-1;-15,75;DTE;4
402081;-3;-292,09;DIT;4
402081;-6;-584,19;DTM;4
402105;-4;-196,75;DTE;4
402105;-22;-1.082,15;DTE;4
402105;-8;-393,51;DTE;4
402106;-1;-76,92;DTE;4
402123;-30;-178,88;DIT;4
402127;-3;-13,2;DTM;4
402127;-2;-8,8;DTM;4
402127;-4;-17,6;DTM;4
402127;-2;-8,8;DTM;4
402127;-6;-26,4;DTM;4
402202;-1;-36,77;DTE;4
402202;-1;-36,77;DTE;4
402202;-1;-36,78;DTE;4
402247;-2;-38,1;DTE;4
402247;-2;-38,1;DTE;4
402247;-17;-323,83;DTE;4
402247;-3;-57,15;DTE;4
402247;-1;-19,05;DTE;4
402287;-4;-43,52;DTE;4
402296;-8;-100,22;DIT;4
402296;-1;-12,53;DTM;4
402296;-6;-75,17;DTM;4
402307;-24;-1.767,40;DTM;4
402307;-8;-589,13;DTM;4
402307;-16;-1.178,27;DTM;4
402324;-4;-22,13;DTM;4
402324;-3;-16,6;DTM;4
402324;-3;-16,6;DTM;4
402324;-4;-22,13;DTM;4
402324;-3;-16,6;DTM;4
402331;-3;-142,89;DTE;4
402331;-1;-47,63;DTE;4
402331;-4;-190,52;DTE;4
402401;-3;-83,41;DTM;4
402401;-3;-83,41;DTM;4
402401;-12;-333,64;DTM;4
402401;-3;-83,41;DTM;4
402401;-10;-278,03;DTM;4
402404;-9;-81,71;DTM;4
402433;-3;-460,58;DIT;4
402447;-2;-10.935,81;DIT;4
402452;-1;-98,14;DTM;4
402624;-3;-7.102,48;DIT;4
402624;-3;-7.102,48;DTE;4
402624;-1;-2.367,49;DTM;4
402650;-1;-1.454,03;DTM;4
402689;-1;-63,32;DTM;4
402741;-3;-25,47;DTM;4
402741;-100;-848,97;DIT;4
402741;-3;-25,47;DTM;4
402767;-100;-42.600,75;DIT;4
402824;-300;-17.419,51;DIT;4
402847;-1;-1.090,22;DTM;4
402847;-1;-1.090,22;DTM;4
402847;-1;-1.090,22;DTE;4
402847;-3;-3.270,65;DTE;4
402875;-30;-2.831,53;DIT;4
403602;-6;-4,15;DTE;4
403602;-12;-8,3;DTE;4
403602;-6;-4,15;DTE;4
403602;-6;-4,15;DTE;4
403602;-6;-4,15;DTE;4
403602;-6;-4,15;DTE;4
403602;-6;-4,15;DTE;4
403602;-9;-6,22;DTE;4
403602;-6;-4,15;DTE;4
403602;-6;-4,15;DTE;4
403602;-6;-4,15;DTE;4
403602;-6;-4,15;DTE;4
403602;-9;-6,22;DTE;4
403602;-6;-4,15;DTE;4
403602;-12;-8,3;DTE;4
403602;-6;-4,15;DTE;4
403602;-12;-8,3;DTE;4
403602;-6;-4,15;DTE;4
403602;-6;-4,15;DTE;4
403676;-4;-636,1;DTM;4
403804;-71;-489,03;DTE;4
403804;-62;-427,04;DTE;4
403804;-6;-41,33;DTE;4
403804;-9;-61,99;DTE;4
403804;-11;-75,76;DTE;4
403804;-26;-179,08;DTE;4
403804;-7;-48,21;DTE;4
403804;-48;-330,61;DTE;4
403804;-34;-234,18;DTE;4
403804;-18;-123,98;DTE;4
403804;-10;-68,88;DTE;4
403804;-13;-89,54;DTE;4
403804;-46;-316,83;DTE;4
403804;-43;-296,17;DTE;4
403804;-36;-247,96;DTE;4
403804;-25;-172,19;DTE;4
404071;-12;-1.970,09;DTM;4
404071;-3;-492,52;DTM;4
404071;-3;-492,52;DTM;4
404084;-28;-641,73;DTM;4
404732;-4;-360,88;DTM;4
404732;-12;-1.082,63;DTM;4
404732;-9;-811,97;DTM;4
404732;-6;-541,32;DTM;4
404740;-3;-231,12;DTM;4
409696;-24;-1.187,87;DTM;4
410177;-17;-36,2;DTE;4
410200;-2;-24,2;DTE;4
410200;-26;-314,55;DTE;4
410200;-4;-48,39;DTE;4
410200;-14;-169,37;DTE;4
410200;-26;-314,55;DTE;4
410200;-34;-411,33;DTE;4
410200;-14;-169,37;DTE;4
410200;-10;-120,98;DTE;4
410200;-16;-193,57;DTE;4
410200;-18;-217,76;DTE;4
410200;-18;-217,76;DTE;4
410200;-8;-96,78;DTE;4
410200;-4;-48,39;DTE;4
410200;-8;-96,78;DTE;4
410200;-22;-266,15;DTE;4
410200;-2;-24,2;DTE;4
410200;-12;-145,18;DTE;4
410200;-10;-120,98;DTE;4
410200;-4;-48,39;DTE;4
410200;-10;-120,98;DTE;4
410200;-2;-24,2;DTE;4
800654;-27;-4.094,45;DIT;4
800741;-27;-2.595,74;DIT;4
800889;-20;-393,26;DIT;4
800889;-50;-983,14;DIT;4
800894;-50;-306,39;DIT;4
800959;-10;-1.092,26;DIT;4
801087;-30;-364,66;DIT;4
801087;-52;-632,07;DIT;4
801164;-10;-273,36;DIT;4
801189;-500;-4.258,70;DIT;4
801199;-20;-170,21;DIT;4
801233;-50;-294,26;DIT;4
801272;-20;-81,5;DIT;4
801352;-50;-293,98;DIT;4
801400;-50;-4.813,08;DIT;4
804050;-50;-810;DIT;4
120118;-1;-108,23;DRA;4
120141;-3;-476,61;DAP;4
400011;-2;-209,5;DTE;4
400072;-4;0;DTM;4
400072;-5;-21.148,16;DIT;4
400072;-5;-21.148,16;DIT;4
400072;-5;-21.148,16;DIT;4
400072;-6;-25.377,80;DIT;4
400072;-5;-21.148,16;DIT;4
400072;-4;0;DTM;4
400072;-6;-25.377,80;DIT;4
400130;-4;-11,94;DTM;4
400140;-4;-32,4;DTM;4
400140;-120;-971,89;DIT;4
400140;-3;-24,3;DTE;4
400140;-8;-64,79;DTM;4
400140;-4;-32,4;DTM;4
400192;-1;-14,51;DTE;4
400193;-9;-266,85;DTM;4
400193;-3;-88,95;DTE;4
400193;-50;-1.482,51;DIT;4
400193;-3;-88,95;DTE;4
400193;-3;-88,95;DTE;4
400193;-3;-88,95;DTE;4
400193;-3;-88,95;DTE;4
400193;-6;-177,9;DTE;4
400193;-3;-88,95;DTE;4
400193;-3;-88,95;DTE;4
400193;-66;-1.956,91;DIT;4
400193;-3;-88,95;DTE;4
400193;-3;-88,95;DTE;4
400193;-6;-177,9;DTE;4
400224;-2;-3.235,56;DTM;4
400224;-1;-1.617,78;DTM;4
400224;-32;-51.768,96;DIT;4
400224;-32;-51.768,96;DIT;4
400224;-2;-3.235,56;DTM;4
400224;-1;-1.617,78;DTM;4
400224;32;51.768,96;DIT;4
400224;-1;-1.617,78;DTM;4
400224;-2;-3.235,56;DTM;4
400224;-2;-3.235,56;DTM;4
400224;-1;-1.617,78;DTM;4
400318;-2;-27,2;DTE;4
400344;-1;-37,65;DTE;4
400366;-40;-437,87;DIT;4
400442;-1.000;-4.672,32;DIT;4
400442;-700;0;DTM;4
400460;-330;-9.032,61;DTM;4
400474;-60;-1.670,00;DTM;4
400484;-1;-15,98;DTM;4
400487;-350;-19.174,22;DIT;4
400505;-1;-11,85;DTE;4
400518;-3;-28,3;DTE;4
400673;-3;-4,16;DTM;4
400673;-36;-49,91;DTM;4
400673;-14;-19,41;DTM;4
400673;-18;-24,96;DTM;4
400673;-48;-66,55;DTE;4
400758;-8;-3.776,02;DIT;4
400758;-40;0;DTM;4
400805;-3;-16,72;DTE;4
400813;-10;-17,47;DTM;4
400813;-100;-174,69;DIT;4
400821;-550;-7.581,42;DTM;4
400855;-4;-76,57;DTE;4
400974;-4;-9,8;DTM;4
400974;-8;-19,61;DTE;4
400974;-6;-14,71;DTE;4
400974;-6;-14,71;DTE;4
400974;-10;-24,51;DTE;4
400974;-200;-490,2;DIT;4
400974;-6;-14,71;DTE;4
400974;-6;-14,71;DTE;4
400974;-12;-29,41;DTM;4
401036;-770;-14.695,22;DTE;4
401102;-24;-31,94;DTM;4
401127;-1;-2.032,46;DTM;4
401127;-21;-42.681,67;DIT;4
401127;-1;-2.032,46;DTM;4
401127;-1;-2.032,46;DTM;4
401127;-1;-2.032,46;DTM;4
401127;-1;-2.032,46;DTM;4
401127;-1;-2.032,46;DTM;4
401127;-1;-2.032,46;DTM;4
401127;-1;-2.032,46;DTM;4
401127;-2;-4.064,92;DTM;4
401127;-1;-2.032,46;DTM;4
401127;-2;-4.064,92;DTM;4
401127;-1;-2.032,46;DTM;4
401127;-1;-2.032,46;DTM;4
401213;-1;-69,55;DTE;4
401239;-1;-23,85;DTE;4
401239;-3;-71,54;DTE;4
401239;-3;-71,54;DTM;4
401239;-1;-23,85;DTE;4
401471;-9;-300,86;DTM;4
401485;-4;-571,05;DIT;4
401485;-2;-285,53;DTM;4
401485;-3;-428,29;DTM;4
401485;-1;-142,76;DTE;4
401485;-5;-713,81;DTE;4
401485;-2;-285,53;DTE;4
401485;-1;-142,76;DTE;4
401485;-2;-285,53;DTE;4
401500;-1;-11,35;DTE;4
401568;-1;-1,24;DTE;4
401576;-1;-23,23;DTE;4
401608;-3;-151,26;DTE;4
401706;-2;-30,14;DTM;4
401711;-40;-958,65;DIT;4
401753;-2;-15,29;DTM;4
401753;-6;-45,87;DTE;4
401753;-1;-7,65;DTE;4
401753;-100;-764,55;DIT;4
401791;-200;-888,65;DIT;4
401791;-1.000;-4.443,25;DIT;4
401791;-600;-2.665,95;DIT;4
401834;-1;-11,69;DTE;4
401834;-50;-584,64;DIT;4
401844;-8;-1.078,37;DTM;4
401844;-6;-808,78;DTE;4
401844;-1;-134,8;DTE;4
401844;-2;-269,59;DTE;4
401844;-1;-134,8;DTE;4
401844;-3;-404,39;DTE;4
401844;-2;-269,59;DTE;4
401844;-1;-134,8;DTE;4
401888;-3;-91,04;DTE;4
401916;-3;-9,25;DTM;4
401937;-1;-3,38;DTE;4
401937;-3;-10,15;DTE;4
401937;-6;-20,29;DTE;4
401937;-3;-10,15;DTE;4
401937;-1;-3,38;DTE;4
401937;-1;-3,38;DTE;4
401937;-5;-16,91;DTE;4
401937;-2;-6,76;DTE;4
401937;-1;-3,38;DTE;4
401937;-2;-6,76;DTE;4
401937;-2;-6,76;DTE;4
401937;-1;-3,38;DTE;4
401937;-1;-3,38;DTE;4
401959;-232;-43.089,20;DIT;4
401992;-3;-1.225,92;DIT;4
402026;-2;-49,02;DTE;4
402026;-4;-98,03;DTE;4
402026;-4;-98,03;DTE;4
402041;-200;-195,14;DIT;4
402081;-2;-194,73;DTM;4
402105;-2;-98,38;DTM;4
402106;-2;-153,85;DTM;4
402111;-3;-16,77;DTE;4
402111;-3;-16,77;DTE;4
402111;-3;-16,77;DTE;4
402111;-2;-11,18;DTE;4
402123;-3;-17,89;DTE;4
402127;-6;-26,4;DTE;4
402161;-2;-70,33;DTE;4
402247;-6;-114,29;DTE;4
402247;-6;-114,29;DTE;4
402247;-6;-114,29;DTE;4
402265;-3;-17,41;DTE;4
402265;-3;-17,41;DTE;4
402265;-3;-17,41;DTE;4
402265;-3;-17,41;DTE;4
402265;-2;-11,6;DTE;4
402287;-120;-1.305,47;DIT;4
402287;-3;-32,64;DTE;4
402296;-132;-1.653,64;DIT;4
402296;-12;-150,33;DTM;4
402307;-4;-294,57;DTM;4
402307;-8;-589,13;DTM;4
402318;-500;-23.534,35;DIT;4
402324;-5;0;DTM;4
402324;-12;-66,4;DTE;4
402365;-44;-880,06;DTE;4
402401;-3;-83,41;DTE;4
402401;-6;-166,82;DTE;4
402401;-48;-1.334,56;DTM;4
402401;-3;-83,41;DTM;4
402401;-12;-333,64;DTM;4
402401;-6;-166,82;DTM;4
402443;-1;-105,18;DTE;4
402587;-1;-29,7;DTM;4
402624;-3;-7.102,48;DIT;4
402624;3;7.102,48;DIT;4
402624;-3;-7.102,48;DIT;4
402650;-13;-18.902,44;DIT;4
402660;-3;-17,53;DTE;4
402675;-1;-342,19;DIT;4
402741;-3;-25,47;DTE;4
402741;-3;-25,47;DTE;4
402741;-3;-25,47;DTE;4
403121;-1;-9,93;DTM;4
403182;-6;-1.276,11;DTM;4
403182;-6;-1.276,11;DTE;4
403353;-300;0;DTM;4
403353;-56;0;DTM;4
403642;-130;-1.985,08;DPM;4
403642;-860;-13.132,05;DIT;4
403931;-1;-119,14;DTE;4
404071;-24;-3.940,17;DTM;4
404071;-3;-492,52;DTM;4
404084;-1;-22,92;DTE;4
404084;-6;-137,51;DTE;4
404084;-1;-22,92;DTE;4
404084;-106;-2.429,41;DTE;4
404084;-21;-481,3;DTM;4
404084;-1;-22,92;DTE;4
404732;-3;-270,66;DTM;4
404732;-9;-811,97;DTM;4
404732;-3;-270,66;DTM;4
404732;-24;-2.165,26;DTM;4
404732;-72;-6.495,80;DTM;4
404732;-30;-2.706,58;DTE;4
404732;-9;-811,97;DTE;4
404732;-3;-270,66;DTE;4
404732;-8;-721,76;DTM;4
404732;-3;-270,66;DTM;4
404732;-18;-1.623,95;DTE;4
404732;-6;-541,32;DTE;4
404732;-18;-1.623,95;DTE;4
404732;-6;-541,32;DTE;4
404732;-9;-811,97;DTE;4
404732;-3;-270,66;DTE;4
404732;-6;-541,32;DTE;4
404740;-3;-231,12;DTE;4
404740;-3;-231,12;DTE;4
404740;-9;-693,37;DTE;4
404741;-3;-206,61;DTE;4
404741;-3;-206,61;DTE;4
404972;-1;-505,43;DTM;4
408994;-144;-3.673,47;DTE;4
410257;-2;-28,06;DTE;4
410257;-2;-28,06;DTE;4
410257;-2;-28,06;DTE;4
410257;-2;-28,06;DTE;4
410257;-2;-28,06;DTE;4
410257;-2;-28,06;DTE;4
800054;-100;-1.903,00;DIT;4
800054;-60;-1.141,80;DIT;4
800108;-1;-4,39;DTM;4
800108;-3;-13,17;DTM;4
800116;-2;-11,67;DTM;4
800116;-3;-17,51;DTM;4
800158;-5;-8,69;DTM;4
800158;-300;-521,63;DIT;4
800158;-4;-6,96;DTM;4
800223;-11;-14,29;DTM;4
800223;-10;-12,99;DTM;4
800223;-1;-1,3;DTM;4
800223;-6;-7,79;DTM;4
800223;-2;-2,6;DTM;4
800223;-29;-37,66;DTM;4
800228;-6;-48,14;DTM;4
800256;-2;-292,28;DTM;4
800266;-1;-15,8;DTM;4
800337;-4;-267,74;DTM;4
800337;-3;-200,8;DTM;4
800344;-1;-29,05;DTM;4
800344;-2;-58,11;DTM;4
800357;-4;-33,02;DTM;4
800364;-2;-32,15;DTM;4
800435;-1;-14,82;DTM;4
800473;-2;-132,86;DTM;4
800499;-2;-18,85;DTM;4
800499;-6;-56,54;DTM;4
800499;-8;-75,38;DTM;4
800499;-8;-75,38;DTM;4
800499;-8;-75,38;DTM;4
800499;-4;-37,69;DTM;4
800515;-200;-7.500,04;DIT;4
800522;-1;-108,35;DTM;4
800651;-2;-9,7;DTM;4
800654;-3;-454,94;DTM;4
800654;-2;-303,29;DTM;4
800654;-3;-454,94;DTM;4
800654;-6;-909,88;DTM;4
800654;-6;-909,88;DTM;4
800654;-6;-909,88;DTM;4
800654;-15;-2.274,70;DIT;4
800654;-3;-454,94;DTM;4
800654;-100;-15.164,64;DIT;4
800654;-6;-909,88;DTM;4
800654;-20;-3.032,93;DIT;4
800682;-500;0;DTM;4
800746;-5;-12,92;DIT;4
800763;-8;-69,4;DTM;4
800763;-6;-52,05;DTM;4
800763;-4;-34,7;DTM;4
800794;-50;-253,3;DIT;4
800822;-6;-137,61;DTM;4
800822;-3;-68,81;DTM;4
800822;-6;-137,61;DTM;4
800825;-4;-24,65;DTM;4
800825;-2;-12,32;DTM;4
800852;-30;-601,7;DIT;4
800852;-30;-601,7;DIT;4
800852;-30;-601,7;DIT;4
800872;-4;-200,19;DTM;4
800876;-2;-44,27;DTM;4
800876;-6;-132,81;DTM;4
800876;-9;-199,21;DTM;4
800889;-3;-58,99;DTM;4
800889;-6;-117,98;DTM;4
800894;-3;-18,38;DTM;4
800894;-3;-18,38;DTM;4
800894;-6;-36,77;DTM;4
800922;-2;-44,72;DTM;4
800922;-178;-3.980,37;DIT;4
800922;-2;-44,72;DTM;4
800922;-6;-134,17;DTM;4
800959;-20;-2.184,52;DIT;4
800959;-20;-2.184,52;DIT;4
800959;-20;-2.184,52;DIT;4
801010;-3;-17,54;DTM;4
801077;-2;-23,5;DTM;4
801077;-2;-23,5;DTM;4
801114;-100;-583,14;DIT;4
801164;-3;-82,01;DTM;4
801164;-6;-164,02;DTM;4
801186;-2;-31,48;DTM;4
801186;-66;-1.038,74;DIT;4
801186;-30;-472,16;DIT;4
801189;-300;0;DTM;4
801215;-2;-20,78;DTM;4
801215;-1;-10,39;DTM;4
801220;-100;-638,66;DIT;4
801228;-3;-6,08;DTM;4
801272;-3;-12,22;DTM;4
801274;-10;-48,9;DTM;4
801313;-9;-244,07;DTM;4
801313;-6;-162,71;DTM;4
801313;-18;-488,13;DTM;4
801313;-200;-5.423,67;DIT;4
801313;-3;-81,35;DTM;4
801313;-3;-81,36;DTM;4
801313;-40;-1.084,73;DIT;4
801313;-3;-81,36;DTM;4
801346;-1;-16,24;DTM;4
801346;-2;-32,49;DTM;4
801352;-3;-17,64;DTM;4
801375;-6;-34,48;DTM;4
801375;-3;-17,24;DTM;4
801375;-3;-17,24;DTM;4
801375;-3;-17,24;DTM;4
801391;-50;-666,27;DIT;4
801391;-50;-666,27;DIT;4
801400;-60;-5.775,69;DIT;4
801400;-60;-5.775,69;DIT;4
801826;-3;-17,29;DTM;4
801826;-3;-17,29;DTM;4
801826;-6;-34,57;DTM;4
801826;-3;-17,29;DTM;4
801826;-6;-34,57;DTM;4
801826;-3;-17,29;DTM;4
802249;-50;-10.933,51;DIT;4
803344;-300;0;DTM;4
803368;-15;-442,34;DTM;4
803368;-3;-88,47;DTM;4
803452;-39;-875,41;DTM;4
804050;-30;-486;DIT;4
804337;-3;-206,62;DTM;4
804421;-3;-76,22;DTM;4
804421;-6;-152,45;DTM;4
804422;-32;0;DTM;4
804881;-36;-263,73;DIT;4
804882;-12;-296,63;DIT;4
804894;-6;-895,37;DTM;4
805459;-3;-491,86;DTM;4
805459;-6;-983,73;DTM;4
805459;-3;-491,86;DTM;4
805459;-3;-491,86;DTM;4
400011;-4;-419;DTE;4
400072;-5;-21.148,16;DIT;4
400072;-3;-12.688,90;DIT;4
400072;-6;0;DTM;4
400073;-3;-38.196,24;DIT;4
400111;-3;-13,95;DTE;4
400111;-2;-9,3;DTE;4
400140;-4;-32,4;DTE;4
400142;-3;-212,5;DTM;4
400142;-2;-141,66;DIT;4
400142;-6;-424,99;DTE;4
400142;-3;-212,49;DTM;4
400193;-60;-1.779,01;DIT;4
400193;-3;-88,95;DTE;4
400193;-3;-88,95;DTE;4
400193;-12;-355,8;DIT;4
400210;-1;-3.725,59;DTE;4
400243;-5;0;DTM;4
400288;-2;-24.576,25;DIT;4
400288;-1;-12.288,13;DTE;4
400288;-8;0;DTM;4
400307;-29;-183,95;DTE;4
400307;-29;-183,95;DTE;4
400307;-62;-393,28;DTE;4
400344;-2;-75,31;DTE;4
400434;-46;-1.297,16;DIT;4
400434;-50;-1.409,95;DIT;4
400442;-40;-186,89;DTE;4
400442;-40;-186,89;DTE;4
400442;-151;-705,52;DTE;4
400442;-120;-560,68;DTE;4
400442;-75;-350,42;DTE;4
400442;-97;-453,22;DTE;4
400442;-170;-794,3;DTE;4
400443;-158;-1.083,16;DTE;4
400443;-130;-891,2;DTE;4
400443;-221;-1.515,05;DTE;4
400443;-98;-671,83;DTE;4
400474;-2.060;-57.336,80;DIT;4
400484;-2;-31,96;DTE;4
400506;-2;-20,16;DTM;4
400543;-3;-35,69;DTE;4
400594;-6;-571,09;DTE;4
400594;-10;-951,82;DTE;4
400594;-13;-1.237,36;DTE;4
400594;-6;-571,09;DTE;4
400594;-6;-571,09;DTE;4
400594;-13;-1.237,36;DTE;4
400594;-13;-1.237,36;DTE;4
400594;-23;-2.189,18;DTE;4
400594;-14;-1.332,54;DIT;4
400665;-6;-142,1;DTE;4
400665;-3;-71,05;DTE;4
400665;-3;-71,05;DTE;4
400665;-6;-142,1;DTE;4
400665;-9;-213,15;DTE;4
400665;-3;-71,05;DTE;4
400665;-3;-71,05;DTE;4
400665;-6;-142,1;DTE;4
400673;-12;-16,64;DTE;4
400673;-24;-33,27;DTE;4
400708;-27;-171,17;DTE;4
400708;-8.016;-50.819,47;DIT;4
400708;-12;-76,08;DTE;4
400708;-9;-57,06;DTE;4
400708;-15;-95,1;DTM;4
400790;-8;-163,2;DTM;4
400805;-3;-16,72;DTE;4
400805;-6;-33,43;DIT;4
400805;-6;-33,43;DTE;4
400805;-100;-557,22;DIT;4
400813;-2.000;-3.493,87;DIT;4
400813;-18;-31,44;DTE;4
400813;-9;-15,72;DTE;4
400813;-3;-5,24;DTE;4
400813;-5;-8,73;DTE;4
400828;-3;-104,38;DTE;4
400906;-6;-594,52;DTE;4
400906;-6;-594,52;DTE;4
400906;-11;-1.089,95;DTE;4
400906;-2;-198,17;DTE;4
400908;-1;-88,98;DTE;4
400908;-2;-177,95;DTE;4
400942;-1;-4,68;DTE;4
400942;-6;-28,08;DTE;4
400955;-6;-25,26;DIT;4
400955;-4;-16,84;DTE;4
400974;-28;-68,63;DIT;4
400974;-6;-14,71;DTE;4
400974;-4;-9,8;DTE;4
400974;-6;-14,71;DTE;4
401079;-44;-868,73;DIT;4
401116;-3;-109,64;DTE;4
401116;-6;-219,28;DTE;4
401116;-3;-109,64;DTE;4
401116;-108;-3.946,97;DIT;4
401116;-3;-109,64;DTE;4
401116;-9;-328,91;DTE;4
401116;-3;-109,64;DTE;4
401116;-3;-109,64;DTE;4
401116;-6;-219,28;DTE;4
401117;-20;-245,79;DIT;4
401117;-4;-49,16;DTE;4
401117;-240;-2.949,46;DIT;4
401131;-2;-26,03;DTE;4
401131;-16;-208,24;DTE;4
401131;-11;-143,16;DTE;4
401131;-2;-26,03;DTE;4
401131;-25;-325,37;DTE;4
401131;-15;-195,22;DTE;4
401131;-120;-1.561,79;DIT;4
401131;-217;-2.824,23;DIT;4
401131;-21;-273,31;DTE;4
401131;-12;-156,18;DTE;4
401131;-14;-182,21;DTE;4
401213;-1;-69,55;DTE;4
401239;-7;-166,92;DIT;4
401239;-3;-71,54;DTE;4
401252;-1;-3.564,05;DTE;4
401465;-2;-25,58;DTE;4
401465;-3;-38,37;DTE;4
401465;-44;-562,77;DTE;4
401485;-2;-285,53;DIT;4
401500;-2;-22,69;DTE;4
401505;-6;-587,06;DIT;4
401544;-10;-85,9;DTE;4
401544;-4;-34,36;DTE;4
401566;-1;-22,93;DTE;4
401566;-60;-1.375,81;DIT;4
401566;-4;-91,72;DTE;4
401566;-6;-137,58;DTE;4
401566;-22;-504,46;DTE;4
401566;-13;-298,09;DTE;4
401566;-5;-114,65;DTE;4
401566;-4;-91,72;DTE;4
401566;-35;-802,56;DTE;4
401568;-2;-2,48;DTE;4
401608;-3;-151,26;DTE;4
401608;-3;-151,26;DTE;4
401608;-3;-151,26;DTE;4
401608;-6;-302,52;DTE;4
401620;-1;-2,91;DTE;4
401711;-60;-1.437,97;DIT;4
401711;-95;-2.276,79;DIT;4
401711;-15;-359,49;DIT;4
401791;-30;-133,3;DIT;4
401791;-400;-1.777,30;DIT;4
401823;-7;-198,42;DTE;4
401823;-19;-538,58;DTE;4
401823;-39;-1.105,50;DTE;4
401823;-31;-878,73;DTE;4
401823;-25;-708,65;DTE;4
401823;-15;-425,19;DTE;4
401823;-17;-481,89;DTE;4
401823;-36;-1.020,46;DTE;4
401823;-29;-822,04;DTE;4
401823;-33;-935,42;DTE;4
401834;-60;-701,57;DIT;4
401844;-2;-269,59;DTE;4
401844;-25;-3.369,90;DIT;4
401857;-6;-1.969,53;DIT;4
401857;-3;-984,77;DTM;4
401857;-3;-984,77;DTM;4
401857;-3;-984,77;DTM;4
401888;-3;-91,04;DTE;4
401927;-108;-2.245,19;DIT;4
401937;-137;-463,33;DIT;4
401937;-1;-3,38;DTE;4
401937;-3;-10,15;DTE;4
401937;-14;-47,35;DTE;4
401937;-8;-27,06;DTE;4
401937;-4;-13,53;DTE;4
401937;-10;-33,82;DTE;4
401937;-7;-23,67;DTE;4
401937;-38;-128,51;DTE;4
401937;-16;-54,11;DTE;4
401937;-16;-54,11;DTE;4
401959;-4;-743,08;DTE;4
401959;-2;-371,54;DTE;4
401959;-2;-371,54;DTE;4
401959;-2;-371,54;DTE;4
401959;-2;-371,54;DTE;4
401959;-2;-371,54;DTE;4
401959;-2;-371,54;DTE;4
401959;-4;-743,08;DTE;4
401959;-3;-557,31;DTE;4
401959;-2;-371,54;DTE;4
401959;-3;-557,31;DTE;4
401959;-2;-371,54;DTE;4
401959;-8;-1.486,16;DTE;4
401959;-10;-1.857,70;DTE;4
401959;-2;-371,54;DTE;4
402026;-2;-49,02;DTE;4
402026;-2;-49,02;DTE;4
402026;-1;-24,51;DTE;4
402026;-3;-73,52;DTE;4
402026;-1;-24,51;DTE;4
402041;-74;-72,2;DIT;4
402065;-7;-110,26;DTE;4
402065;-2;-31,5;DTE;4
402081;-60;-5.841,86;DIT;4
402105;-41;-2.016,74;DTE;4
402105;-54;-2.656,19;DTE;4
402105;-9;-442,7;DTE;4
402105;-29;-1.426,47;DTE;4
402105;-120;-5.902,64;DIT;4
402105;-38;-1.869,17;DTE;4
402105;-54;-2.656,19;DTE;4
402105;-44;-2.164,30;DTE;4
402105;-100;-4.918,87;DIT;4
402105;-17;-836,21;DTE;4
402105;-9;-442,7;DTE;4
402105;-3;-147,57;DTE;4
402105;-6;-295,13;DTE;4
402105;-5;-245,94;DTE;4
402105;-33;-1.623,23;DTE;4
402105;-6;-295,13;DTE;4
402105;-6;-295,13;DTE;4
402105;-9;-442,7;DTE;4
402117;-100;-589,25;DIT;4
402123;-3;-17,89;DTE;4
402127;-11;-48,41;DTE;4
402127;-50;-220,04;DIT;4
402128;-12;-111,51;DTE;4
402152;-20;-1.514,11;DIT;4
402185;-1;-41,07;DTE;4
402187;-42;-10,49;DTE;4
402187;-10;-2,5;DTE;4
402187;-12;-3;DTE;4
402187;-8;-2;DTE;4
402187;-30;-7,49;DTE;4
402187;-36;-8,99;DTE;4
402187;-12;-3;DTE;4
402187;-10;-2,5;DTE;4
402187;-12;-3;DTE;4
402187;-190;-47,46;DTE;4
402187;-20;-5;DTE;4
402187;-6;-1,5;DTE;4
402187;-12;-3;DTE;4
402187;-6;-1,5;DTE;4
402265;-100;-580,18;DIT;4
402296;-3;-37,58;DTE;4
402296;-3;-37,58;DTE;4
402296;-3;-37,58;DTE;4
402296;-3;-37,58;DTE;4
402296;-3;-37,58;DTE;4
402296;-3;-37,58;DTE;4
402296;-9;-112,75;DTE;4
402296;-6;-75,17;DTE;4
402307;-4;-294,57;DTE;4
402307;-24;-1.767,40;DTE;4
402307;-15;-1.104,63;DTE;4
402307;-30;-2.209,25;DTE;4
402307;-13;-957,34;DTE;4
402307;-32;-2.356,54;DTE;4
402307;-28;-2.061,97;DTE;4
402307;-12;-883,7;DTE;4
402307;-4;-294,57;DTE;4
402318;-1.495;-70.367,72;DIT;4
402318;-33;-1.553,27;DIT;4
402318;-117;-5.507,04;DTE;4
402318;-33;-1.553,27;DTE;4
402318;-252;-11.861,31;DTE;4
402318;-72;-3.388,95;DTE;4
402324;-30;-165,99;DIT;4
402365;-12;-240,02;DTE;4
402401;-3;-83,41;DTE;4
402401;-168;-4.670,94;DIT;4
402431;-320;-384;DPM;4
402433;-3;-460,58;DTE;4
402433;-3;-460,58;DTE;4
402433;-3;-460,58;DTE;4
402433;-3;-460,58;DTM;4
402443;-1;-105,18;DTE;4
402447;-2;-10.935,80;DIT;4
402587;-1;-29,7;DTE;4
402587;-1;-29,7;DTE;4
402587;-2;-59,39;DTE;4
402587;-1;-29,7;DTE;4
402587;-2;-59,39;DTE;4
402587;-2;-59,39;DTE;4
402587;-1;-29,7;DTE;4
402650;-1;-1.454,03;DTE;4
402701;-3;-1.050,57;DTE;4
402733;-100;-585,9;DIT;4
402741;-100;-848,97;DIT;4
403121;-20;-198,67;DIT;4
403323;-4;-16,02;DTE;4
403323;-4;-16,02;DTE;4
403323;-4;-16,02;DTE;4
403574;-107;-7.138,80;DTE;4
403574;-10;-667,18;DTE;4
403574;-170;-11.342,02;DTE;4
403574;-95;-6.338,19;DTE;4
403574;-174;-11.608,89;DTE;4
403574;-81;-5.404,14;DTE;4
403574;-154;-10.274,53;DTE;4
403574;-147;-9.807,51;DTE;4
403574;-148;-9.874,23;DTE;4
403574;-163;-10.874,99;DTE;4
403574;-202;-13.476,99;DTE;4
403574;-236;-15.745,39;DTE;4
403574;-13;-867,33;DTE;4
403647;-7;-276,3;DTE;4
403647;-2;-78,94;DTE;4
403647;-14;-552,6;DTE;4
403647;-8;-315,77;DTE;4
403647;-13;-513,13;DTE;4
403931;-2;-238,28;DTE;4
404071;-3;-492,52;DTE;4
404071;-3;-492,52;DTE;4
404071;-3;-492,52;DTE;4
404084;-2;-45,84;DTE;4
404084;-2;-45,84;DTE;4
404084;-260;-5.958,93;DIT;4
404232;-10;-4.626,95;DPM;4
404732;-50;-4.510,97;DTE;4
404732;-12;-1.082,63;DTE;4
404972;-40;-20.217,15;DIT;4
404985;-800;-104;DPM;4
405473;-3;-402;DTE;4
405537;-4;-194,93;DTM;4
405539;-6;-129,32;DTE;4
405539;-12;-258,65;DTE;4
405539;-8;-172,43;DTE;4
405539;-20;-431,08;DTE;4
405539;-12;-258,65;DTE;4
405539;-12;-258,65;DTE;4
408172;-10;-202,06;DTE;4
408172;-12;-242,47;DTE;4
408172;-8;-161,65;DTE;4
408172;-16;-323,3;DTE;4
408172;-6;-121,24;DTE;4
408172;-12;-242,47;DTE;4
408172;-2;-40,41;DTE;4
408172;-10;-202,06;DTE;4
410122;-7;-99.742,10;DIT;4
410155;-1;-1.811,52;DTE;4
410212;-1;-20,43;DPM;4
410257;-4;-56,12;DTE;4
410257;-2;-28,06;DTE;4
410257;-2;-28,06;DTE;4
410257;-2;-28,06;DTE;4
410257;-2;-28,06;DTE;4
410257;-2;-28,06;DTE;4
410257;-2;-28,06;DTE;4
410257;-4;-56,12;DTE;4
800054;-16;-304,48;DIT;4
800054;-62;-1.179,86;DIT;4
800054;-50;-951,5;DIT;4
800054;-30;-570,9;DIT;4
800158;-500;-869,38;DIT;4
800344;-2;-58,11;DIT;4
800345;-108;-2.020,63;DIT;4
800392;-25;-567,38;DIT;4
800499;-131;-1.234,40;DIT;4
800654;-12;-1.819,76;DIT;4
800654;-6;-909,88;DIT;4
800717;-9;-638,29;DTM;4
800717;-6;-425,52;DTM;4
800717;-3;-212,76;DTM;4
800717;-3;-212,76;DTE;4
800717;-3;-212,76;DTE;4
800717;-6;-425,52;DTM;4
800794;-50;-253,3;DIT;4
800817;-6;-1.989,15;DTM;4
800817;-3;-994,58;DTM;4
800817;-6;-1.989,15;DTM;4
800817;-6;-1.989,15;DTM;4
800817;-6;-1.989,15;DTM;4
800817;-3;-994,58;DTM;4
800842;-137;-1.555,86;DIT;4
800852;-2;-40,11;DIT;4
800872;-20;-1.000,96;DIT;4
801081;-13;-337,06;DIT;4
801186;-180;-2.832,93;DIT;4
801186;-60;-944,31;DIT;4
801215;-12;-124,65;DIT;4
801215;-6;-62,33;DIT;4
801313;-15;-406,77;DIT;4
801400;-8;-770,09;DIT;4
802405;-6;-46,56;DIT;4
400224;-5;-8.088,90;DIT;4
400968;-18;-35.404,18;DIT;4
401127;-2;-4.044,35;DIT;4
401127;-3;-6.066,53;DIT;4
401318;-7;-16.509,71;DIT;4
401360;-17;-28.140,34;DIT;4
401959;-10;-1.857,69;DIT;4
402242;-10;-26.860,25;DIT;4
402318;-25;-1.176,72;DIT;4
402533;-13;-32.382,63;DIT;4
402533;-2;-4.981,94;DIT;4
402650;-2;-2.908,07;DIT;4
402847;-21;-22.912,95;DIT;4
402847;-5;-5.455,46;DIT;4
400072;-5;-21.972,83;DIT;4
400140;-8;-64,79;DTM;4
400140;-1;-8,1;DTM;4
400140;-12;-97,19;DTM;4
400224;-1;-1.617,78;DTE;4
400243;-1;-16.657,58;DIT;4
400359;-14;-284,2;DTM;4
400366;-2;-21,89;DTM;4
400434;-300;-8.459,73;DIT;4
400443;-15;-102,83;DTM;4
400443;-1.000;-6.855,41;DIT;4
400474;-200;0;DTM;4
400487;-300;0;DTM;4
400594;-3;-285,54;DTM;4
400594;-14;-1.332,54;DIT;4
400673;-1;-1,39;DTM;4
400673;-4;-5,55;DTM;4
400673;-165;-228,76;DIT;4
400673;-6;-8,32;DTM;4
400708;-6;-38,04;DTM;4
400790;-2;-40,8;DTM;4
400906;-1;-99,09;DTM;4
400968;-3;-5.900,70;DIT;4
400974;-1;-2,45;DTM;4
401036;-35;-752,94;DTM;4
401116;-24;-877,1;DTM;4
401116;-20;-730,92;DIT;4
401117;-18;-221,21;DTM;4
401131;-4;-52,06;DTM;4
401131;-14;-182,21;DTM;4
401131;-1;-13,01;DTM;4
401131;-10;-130,15;DIT;4
401131;-9;-117,13;DTM;4
401131;-6;-78,09;DTM;4
401193;-3;-21.239,63;DIT;4
401264;-12;-318,75;DTM;4
401566;-1;-22,93;DTM;4
401711;-12;-287,59;DTM;4
401753;-4;-30,58;DTM;4
401791;-2.000;-8.886,49;DIT;4
401857;-4;-1.313,02;DIT;4
401857;-6;-1.969,53;DTM;4
401927;-20;-415,78;DIT;4
401927;-6;-124,73;DIT;4
401927;-12;-249,47;DTM;4
401959;-2;-371,54;DTE;4
401959;-2;-371,54;DTE;4
401959;-2;-371,54;DTE;4
401959;-2;-371,54;DTE;4
401959;-2;-371,54;DTE;4
401959;-2;-371,54;DTE;4
401959;-2;-371,54;DTE;4
401959;-1;-185,77;DTE;4
401959;-9;-1.671,93;DTM;4
401959;-3;-557,31;DTM;4
402041;-52;0;DTM;4
402081;-50;-4.868,22;DIT;4
402105;-4;-196,75;DTM;4
402117;-50;0;DTM;4
402242;-3;-8.058,08;DIT;4
402287;-1;-10,88;DTM;4
402296;-20;-250,55;DIT;4
402307;-100;-7.364,18;DIT;4
402307;-20;-1.472,84;DTM;4
402307;-4;-294,57;DTM;4
402312;-8;-116,55;DTM;4
402312;-3;-43,71;DTM;4
402318;-67;-3.153,60;DIT;4
402447;-2;-10.935,81;DIT;4
402602;-2;-25.435,84;DTM;4
402650;-2;-2.908,07;DTM;4
402650;-1;-1.454,03;DTM;4
402650;-1;-1.454,03;DTM;4
402650;-1;-1.454,03;DTM;4
402650;-1;-1.454,03;DTM;4
402650;-2;-2.908,07;DTM;4
402650;-1;-1.454,03;DTM;4
402650;-1;-1.454,03;DTM;4
402650;-1;-1.454,03;DTM;4
402847;-2;-2.182,19;DTM;4
402847;-1;-1.091,09;DTM;4
402847;-1;-1.091,09;DTM;4
402847;-1;-1.091,09;DTM;4
403121;-2;-19,87;DTM;4
403121;-1;-9,93;DTM;4
404160;-10;-351.085,50;DPC;4
407355;-1;-187,25;DTM;4
407355;-1;-187,25;DTE;4
408994;-21;-535,71;DTM;4
408995;-20;0;DTM;4
410122;-2;-28.497,74;DIT;4
410155;-1;-1.811,52;DPM;4
800054;-16;-304,48;DIT;4
800058;-200;0;DTM;4
800262;-15;0;DTM;4
800289;-100;0;DTM;4
800344;-50;-1.452,65;DTM;4
800810;-100;0;DTM;4
800852;-100;-2.005,66;DTM;4
800889;-100;-1.966,28;DIT;4
800959;-25;-2.730,65;DIT;4
801112;-3;-549,77;DTE;4
801112;-2;-366,51;DTM;4
801112;-3;-549,77;DTE;4
801112;-2;-366,51;DTM;4
801112;-2;-366,51;DTM;4
801112;-2;-366,51;DTM;4
801112;-5;-916,28;DTM;4
801112;-6;-1.099,54;DTM;4
801112;-1;-183,26;DTM;4
801154;-5;0;DTM;4
801189;-300;0;DTM;4
801400;-8;-770,09;DIT;4
802238;-200;0;DTM;4
802892;-5;0;DTM;4
803123;-100;-886,39;DTM;4
804425;-4;-27.885,04;DTM;4
804426;-5;-20.078,06;DTM;4
804573;-30;0;DTM;4
805459;-100;0;DTM;4
400011;-2;-209,5;DTE;4
400072;-2;-8.789,13;DTE;4
400072;-5;-21.972,83;DIT;4
400072;-4;-17.578,26;DIT;4
400072;-5;-21.972,83;DIT;4
400111;-1;-4,65;DTE;4
400122;-3;-6,1;DTE;4
400122;-3;-6,1;DTM;4
400140;-8;-64,79;DTM;4
400140;-3;-24,3;DTM;4
400140;-1;-8,1;DTE;4
400142;-3;-212,5;DTE;4
400142;-3;-212,49;DTE;4
400142;-4;-283,33;DTE;4
400224;-11;-17.795,58;DIT;4
400224;-2;-3.235,56;DIT;4
400224;-7;-11.324,46;DIT;4
400288;-1;-12.288,13;DTM;4
400307;-44;-279,1;DTE;4
400318;-3;-40,8;DTE;4
400318;-2;-27,2;DTE;4
400344;-1;-37,65;DTE;4
400344;-3;-112,96;DTE;4
400344;-3;-112,96;DTE;4
400344;-5;-188,27;DTE;4
400359;-2;-40,6;DTE;4
400366;-2;-21,89;DTM;4
400434;-126;-3.553,09;DIT;4
400434;-300;-8.459,73;DIT;4
400434;-200;-5.639,82;DIT;4
400434;-200;-5.639,82;DIT;4
400434;-4;-112,8;DIT;4
400442;-28;-130,82;DTE;4
400442;-232;-1.083,98;DTE;4
400442;-223;-1.041,93;DTE;4
400442;-106;-495,27;DTE;4
400442;-119;-556,01;DTE;4
400442;-123;-574,7;DTE;4
400474;-1;-27,83;DTE;4
400474;-6;-167;DTE;4
400474;-6;-167;DTE;4
400474;-1;-27,83;DTE;4
400484;-5;-79,9;DTE;4
400484;-3;-47,94;DTE;4
400484;-1;-15,98;DTE;4
400484;-1;-15,98;DTE;4
400484;-3;-47,94;DTE;4
400496;-1;-34,4;DTE;4
400506;-22;-221,77;DTE;4
400506;-10;-100,8;DTE;4
400594;-3;-285,54;DTE;4
400594;-7;-666,27;DTM;4
400594;-3;-285,54;DTM;4
400594;-3;-285,54;DTM;4
400594;-12;-1.142,18;DTM;4
400594;-3;-285,54;DTM;4
400594;-13;-1.237,36;DTE;4
400594;-10;-951,82;DTE;4
400594;-13;-1.237,36;DTE;4
400594;-29;-2.760,27;DTE;4
400594;-9;-856,63;DTE;4
400594;-14;-1.332,54;DTE;4
400594;-7;-666,27;DTE;4
400594;-3;-285,54;DTE;4
400594;-17;-1.618,09;DTE;4
400594;-7;-666,27;DTE;4
400665;-25;-592,1;DIT;4
400673;-500;-693,2;DIT;4
400673;-10;-13,86;DTM;4
400673;-3;-4,16;DTM;4
400673;-3;-4,16;DTM;4
400683;-2;-3,88;DTE;4
400683;-2;-3,88;DTE;4
400683;-2;-3,88;DTE;4
400683;-12;-23,27;DTE;4
400683;-2;-3,88;DTE;4
400683;-4;-7,76;DTE;4
400708;-198;-1.255,27;DTE;4
400708;-9;-57,06;DTE;4
400708;-8;-50,72;DTE;4
400708;-180;-1.141,16;DTE;4
400708;-50;-316,99;DTE;4
400708;-25;-158,49;DTE;4
400708;-9;-57,06;DTE;4
400708;-27;-171,17;DTE;4
400708;-9;-57,06;DTE;4
400708;-28;-177,51;DTE;4
400708;-4;-25,36;DTE;4
400708;-72;-456,46;DTE;4
400790;-2;-40,8;DTE;4
400790;-2;-40,8;DTM;4
400790;-18;-367,2;DTE;4
400813;-4;-6,99;DTE;4
400813;-20;-34,94;DTE;4
400813;-10;-17,47;DTE;4
400813;-16;-27,95;DTE;4
400827;-93;-266,58;DTE;4
400827;-2;-5,73;DTE;4
400827;-13;-37,26;DTE;4
400827;-2;-5,73;DTE;4
400827;-93;-266,58;DTE;4
400827;-5;-14,33;DTE;4
400827;-14;-40,13;DTE;4
400906;-1;-99,09;DTM;4
400906;-1;-99,09;DTE;4
400906;-4;-396,35;DTE;4
400906;-6;-594,52;DTE;4
400906;-1;-99,09;DTE;4
400906;-1;-99,09;DTE;4
400906;-6;-594,52;DTE;4
400906;-5;-495,43;DTE;4
400906;-3;-297,26;DTE;4
400930;-127;-305,66;DIT;4
400930;-50;-120,34;DIT;4
400942;-10;-46,8;DTE;4
400955;-2;-8,42;DTE;4
400974;-4;-9,8;DTM;4
400974;-4;-9,8;DTE;4
400974;-4;-9,8;DTE;4
400974;-404;-990,2;DIT;4
400995;-1;-1.931,54;DTM;4
401036;-36;-774,46;DTM;4
401116;-40;-1.461,84;DIT;4
401117;-4;-49,16;DTE;4
401117;-2;-24,58;DTM;4
401117;-440;-5.407,34;DIT;4
401117;-4;-49,16;DTM;4
401117;-4;-49,16;DTE;4
401117;-166;-2.040,04;DIT;4
401127;-11;-22.243,95;DIT;4
401127;-2;-4.044,35;DIT;4
401127;-7;-14.155,24;DIT;4
401127;-1;-2.022,18;DTE;4
401131;-93;-1.210,38;DTE;4
401131;-3;-39,04;DTM;4
401131;-2;-26,03;DTM;4
401131;-1;-13,01;DTM;4
401131;-54;-702,8;DTE;4
401131;-40;-520,6;DTE;4
401131;-7;-91,1;DTE;4
401131;-37;-481,55;DTE;4
401131;-50;-650,74;DIT;4
401131;-8;-104,12;DTE;4
401131;-29;-377,43;DTE;4
401131;-100;-1.301,49;DIT;4
401131;-42;-546,63;DTE;4
401131;-4;-52,06;DTE;4
401131;-2;-26,03;DTE;4
401131;-93;-1.210,38;DTE;4
401131;-5;-65,07;DTE;4
401131;-25;-325,37;DTE;4
401131;-2;-26,03;DTE;4
401131;-5;-65,07;DTE;4
401213;-1;-69,55;DTE;4
401239;-3;-71,54;DTE;4
401239;-3;-71,54;DTM;4
401239;-2;-47,69;DTE;4
401252;-1;-3.564,05;DTM;4
401252;-1;-3.564,05;DTM;4
401264;-3;-79,69;DTM;4
401264;-6;-159,37;DTM;4
401296;-1;-2.214,93;DTM;4
401318;-2;-4.717,06;DTM;4
401375;-1;-185,95;DTE;4
401375;-10;-1.859,46;DTE;4
401375;-2;-371,89;DTE;4
401500;-2;-22,69;DTE;4
401566;-1;-22,93;DTM;4
401566;-9;-206,37;DTE;4
401566;-2;-45,86;DTE;4
401566;-16;-366,89;DTE;4
401566;-2;-45,86;DTE;4
401566;-5;-114,65;DTE;4
401566;-8;-183,44;DTE;4
401566;-8;-183,44;DTE;4
401566;-1;-22,93;DTE;4
401566;-22;-504,47;DTE;4
401566;-20;-458,61;DTE;4
401566;-12;-275,17;DTE;4
401566;-5;-114,65;DTE;4
401566;-5;-114,65;DTE;4
401566;-2;-45,86;DTE;4
401566;-7;-160,51;DTE;4
401568;-1;-1,24;DTE;4
401576;-2;-46,46;DTE;4
401608;-3;-151,26;DTE;4
401608;-3;-151,26;DTE;4
401608;-3;-151,26;DTE;4
401608;-3;-151,26;DTE;4
401632;-500;-1.105,06;DIT;4
401632;-1.000;-2.210,11;DIT;4
401655;-4;-49,38;DTM;4
401711;-6;-143,81;DTM;4
401711;-588;-14.093,72;DIT;4
401711;-3;-71,91;DTM;4
401735;-3;-1.225,92;DIT;4
401753;-1;-7,65;DTM;4
401753;-8;-61,16;DTM;4
401763;-40;-1.502,76;DIT;4
401834;-20;-233,86;DIT;4
401834;-1;-11,69;DTE;4
401834;-3;-35,08;DTE;4
401857;-20;-6.565,11;DIT;4
401857;-3;-984,77;DTE;4
401857;-3;-984,77;DTE;4
401857;-10;-3.282,55;DIT;4
401886;-70;-2.100,00;DIT;4
401886;-18;-540;DIT;4
401927;-50;-1.008,54;DIT;4
401937;-42;-142,04;DTE;4
401937;-13;-43,97;DTE;4
401937;-25;-84,55;DTE;4
401937;-48;-162,33;DTE;4
401937;-42;-142,04;DTE;4
401937;-22;-74,4;DTE;4
401937;-2;-6,76;DTE;4
401937;-16;-54,11;DTE;4
401937;-7;-23,67;DTE;4
401937;-26;-87,93;DTE;4
401959;-100;-18.576,95;DIT;4
401964;-1;-4.534,00;DTM;4
402026;-2;-49,02;DTE;4
402026;-18;-441,15;DTE;4
402026;-2;-49,02;DTE;4
402026;-1;-24,51;DTE;4
402026;-2;-49,02;DTE;4
402026;-2;-49,02;DTE;4
402026;-5;-122,54;DTE;4
402065;-4;-63,01;DTE;4
402065;-1;-15,75;DTE;4
402081;-50;-4.868,22;DIT;4
402105;-108;-5.312,38;DTE;4
402105;-45;-2.213,49;DTE;4
402105;-62;-3.049,70;DTE;4
402105;-50;-2.459,44;DIT;4
402105;-4;-196,75;DTM;4
402127;-11;-48,41;DTE;4
402127;-28;-123,22;DTE;4
402127;-28;-123,22;DTE;4
402127;-20;-88,02;DTE;4
402127;-22;-96,82;DTE;4
402127;-2;-8,8;DTE;4
402127;-23;-101,22;DTE;4
402127;-19;-83,61;DTE;4
402127;-8;-35,21;DTE;4
402127;-47;-206,84;DTE;4
402152;-6;-454,23;DTE;4
402152;-4;-302,82;DTE;4
402152;-24;-1.913,88;DTE;4
402152;-16;-1.275,92;DTE;4
402152;-16;-1.275,92;DTE;4
402152;-8;-637,96;DTE;4
402152;-8;-637,96;DTE;4
402152;-5;-398,72;DTE;4
402187;-46;-11,49;DTE;4
402187;-2;-0,5;DTE;4
402187;-16;-4;DTE;4
402187;-18;-4,5;DTE;4
402187;-5;-1,25;DTE;4
402187;-5;-1,25;DTE;4
402187;-12;-3;DTE;4
402187;-18;-4,5;DTE;4
402187;-20;-5;DTE;4
402221;-30;-1.376,93;DIT;4
402247;-4;-76,2;DTE;4
402269;-500;-81.367,17;DIT;4
402287;-1;-10,88;DTE;4
402287;-3;-32,64;DTM;4
402307;-25;-1.841,05;DTE;4
402307;-4;-294,57;DTM;4
402307;-36;-2.651,11;DTE;4
402307;-8;-589,13;DTE;4
402307;-4;-294,57;DTE;4
402307;-36;-2.651,11;DTE;4
402307;-128;-9.426,15;DTE;4
402307;-128;-9.426,15;DTE;4
402307;-34;-2.503,82;DTE;4
402307;-8;-589,13;DTE;4
402307;-8;-589,13;DTE;4
402307;-39;-2.872,03;DTE;4
402307;-10;-736,42;DTE;4
402307;-39;-2.872,03;DTE;4
402307;-4;-294,57;DTE;4
402307;-10;-736,42;DTE;4
402312;-2;-29,14;DTE;4
402312;-5;-72,84;DTE;4
402312;-2;-29,14;DTE;4
402312;-30;-437,06;DTE;4
402312;-2;-29,14;DTE;4
402312;-12;-174,83;DTE;4
402312;-50;-728,44;DTE;4
402312;-50;-728,44;DTE;4
402318;-12;-564,82;DTE;4
402324;-2;-11,13;DTE;4
402331;-3;-142,89;DTE;4
402397;-1;-28,96;DTM;4
402401;-3;-83,41;DTE;4
402433;-3;-460,58;DTE;4
402433;-1;-153,53;DTE;4
402433;-3;-460,58;DTE;4
402433;-3;-460,58;DTE;4
402433;-3;-460,58;DTE;4
402433;-30;-4.605,81;DIT;4
402443;-1;-105,18;DTE;4
402587;-1;-29,69;DTE;4
402587;-1;-29,69;DTE;4
402624;-1;-2.367,49;DTM;4
402624;-1;-2.367,49;DTM;4
402624;-1;-2.367,50;DTM;4
402624;-3;-7.102,48;DTM;4
402624;-1;-2.367,50;DTM;4
402650;-2;-2.908,07;DIT;4
402660;-50;-292,24;DIT;4
402675;-1;-342,19;DIT;4
402847;-6;-6.546,56;DIT;4
402847;-1;-1.091,09;DTM;4
402847;-1;-1.091,09;DTM;4
402875;-5;-471,92;DIT;4
403121;-3;-29,8;DTM;4
403121;-14;-139,07;DTE;4
403121;-1;-9,93;DTE;4
403323;-8;-32,04;DTE;4
403323;-6;-24,03;DTE;4
403323;-39;-156,17;DTE;4
403323;-39;-156,17;DTE;4
403323;-36;-144,16;DTE;4
403323;-3;-12,01;DTE;4
403323;-19;-76,08;DTE;4
403323;-29;-116,13;DTE;4
403323;-24;-96,11;DTE;4
403323;-22;-88,1;DTE;4
403323;-9;-36,04;DTE;4
403337;-1;-1.034,41;DIT;4
403337;-1;-1.034,41;DIT;4
403337;-1;-1.034,41;DIT;4
403337;-1;-1.034,41;DIT;4
403499;-6;-1,11;DTE;4
403574;-161;-10.741,56;DTE;4
403574;-634;-42.299,06;DTE;4
403574;-386;-25.753,05;DTE;4
403574;-8;-533,74;DTE;4
403574;-144;-9.607,36;DTE;4
403574;-247;-16.479,29;DTE;4
403574;-622;-41.498,44;DTE;4
403574;-238;-15.878,83;DTE;4
403574;-406;-27.087,41;DTE;4
403574;-74;-4.937,11;DTE;4
403602;-6;-4,15;DTE;4
403647;-39;-1.539,38;DTE;4
403647;-40;-1.578,85;DTE;4
403647;-28;-1.105,19;DTE;4
403647;-25;-986,78;DTE;4
403647;-13;-513,13;DTE;4
403647;-42;-1.657,79;DTE;4
403647;-14;-552,6;DTE;4
403647;-7;-276,3;DTE;4
403647;-16;-631,54;DTE;4
403647;-42;-1.657,79;DTE;4
403804;-19;-130,87;DTE;4
403804;-78;-537,24;DTE;4
403804;-36;-247,96;DTE;4
403804;-8;-55,1;DTE;4
403804;-20;-137,75;DTE;4
403804;-32;-220,41;DTE;4
403804;-8;-55,1;DTE;4
403804;-16;-110,2;DTE;4
403804;-10;-68,88;DTE;4
403804;-16;-110,2;DTE;4
403804;-78;-537,24;DTE;4
403931;-1;-119,14;DTE;4
404071;-30;-4.925,21;DIT;4
404114;-1;-587,02;DIT;4
404719;-2;-45,37;DTE;4
404719;-1;-22,69;DTE;4
404719;-7;-158,8;DTE;4
404719;-2;-45,38;DTE;4
404719;-5;-113,44;DTE;4
404719;-7;-158,82;DTE;4
404719;-7;-158,79;DTE;4
404732;-3;-270,63;DTE;4
404741;-3;-206,61;DTE;4
405382;-1;-1.903,46;DIT;4
405382;-1;-1.903,46;DIT;4
405537;-2;-97,47;DTE;4
405537;-50;-2.436,63;DIT;4
405539;-46;-991,47;DTE;4
405539;-18;-387,97;DTE;4
405539;-6;-129,32;DTE;4
405539;-20;-431,08;DTE;4
405539;-2;-43,11;DTE;4
405539;-2;-43,11;DTE;4
405539;-2;-43,11;DTE;4
405539;-4;-86,22;DTE;4
405539;-18;-387,97;DTE;4
405539;-38;-819,04;DTE;4
405539;-12;-258,65;DTE;4
405539;-46;-991,47;DTE;4
407094;-24;-1.687,91;DTE;4
407094;-8;-562,64;DTE;4
407094;-5;-351,65;DTE;4
407094;-24;-1.687,91;DTE;4
407094;-8;-562,64;DTE;4
407097;-1;-206,79;DTE;4
408172;-10;-202,06;DTE;4
408172;-22;-444,54;DTE;4
408172;-4;-80,83;DTE;4
408172;-18;-363,71;DTE;4
408172;-2;-40,41;DTE;4
408172;-6;-121,24;DTE;4
408172;-2;-40,41;DTE;4
408172;-16;-323,3;DTE;4
408994;-1;-25,51;DTE;4
408994;-3;-76,53;DTE;4
410177;-49;-104,35;DTE;4
410177;-64;-136,29;DTE;4
410177;-26;-55,37;DTE;4
410177;-30;-63,89;DTE;4
410177;-54;-114,99;DTE;4
410177;-403;-858,2;DTE;4
410177;-17;-36,2;DTE;4
410177;-89;-189,53;DTE;4
410177;-53;-112,87;DTE;4
410177;-26;-55,37;DTE;4
410177;-34;-72,4;DTE;4
410177;-52;-110,74;DTE;4
410177;-403;-858,2;DTE;4
410200;-2;-24,2;DTE;4
410200;-2;-24,2;DTE;4
410200;-66;-798,46;DTE;4
410200;-36;-435,53;DTE;4
410212;-3;-61,29;DTE;4
410257;-1;-14,03;DTE;4
410257;-2;-28,06;DTE;4
410257;-2;-28,06;DTE;4
410257;-2;-28,06;DTE;4
410257;-2;-28,06;DTE;4
410257;-2;-28,06;DTE;4
410257;-2;-28,06;DTE;4
410257;-2;-28,06;DTE;4
410257;-5;-70,15;DTE;4
410257;-4;-56,12;DTE;4
410257;-2;-28,06;DTE;4
410257;-4;-56,12;DTE;4
410257;-1;-14,03;DTE;4
800033;-20;-120,63;DTM;4
800033;-6;-36,19;DTM;4
800058;-151;0;DTM;4
800108;-8;-35,11;DTE;4
800158;300;521,63;DIT;4
800158;-300;-521,63;DIT;4
800392;-2;-45,39;DTE;4
800435;-2;-29,64;DTE;4
800654;-15;-2.274,70;DIT;4
800654;15;2.274,70;DIT;4
800654;-15;0;DTM;4
800746;5;12,92;DIT;4
800746;-5;-12,92;DIT;4
800762;-1;-26,01;DTE;4
800794;-50;-253,3;DIT;4
800794;50;253,3;DIT;4
800817;-3;-994,45;DTM;4
800817;-3;-994,45;DTM;4
800817;-6;-1.988,90;DTM;4
800817;-6;-1.988,90;DTM;4
800817;-6;-1.988,90;DTM;4
800817;-6;-1.988,90;DTM;4
800889;-20;-393,26;DIT;4
800889;-100;-1.966,28;DIT;4
800894;-200;-1.225,54;DIT;4
801047;-5;-14,52;DTE;4
801114;-100;-583,14;DIT;4
801114;100;583,14;DIT;4
801186;-30;-472,16;DIT;4
801186;-8;-125,91;DTE;4
801186;30;472,16;DIT;4
801220;100;638,66;DIT;4
801220;-100;-638,66;DIT;4
801256;-2;-251,6;DTE;4
801303;-200;-1.182,22;DIT;4
801391;-33;-439,74;DIT;4
801391;50;666,27;DIT;4
801826;-200;-1.152,41;DIT;4
802138;-30;-1.603,20;DIT;4
802405;-6;-46,56;DTE;4
804421;-50;-1.270,41;DIT;4
804421;-30;-762,25;DIT;4
805076;-2;-1.936,00;DTM;4
120007;-1;-32,07;DTO;4
120094;-20;-1.440,00;DTO;4
120150;-40;-2.880,00;DTO;4
120392;-1;-519,84;DTO;4
400011;-2;-209,5;DTE;4
400040;-3;-35.794,51;DIT;4
400072;-5;-21.972,83;DIT;4
400072;-1;-4.394,57;DTE;4
400084;-1;-17.267,32;DTM;4
400142;-3;-212,49;DTE;4
400142;-3;-212,5;DTE;4
400142;-3;-212,49;DTE;4
400142;-9;-637,49;DTM;4
400142;-3;-212,5;DTE;4
400142;-3;-212,49;DTE;4
400142;-3;-212,5;DTM;4
400142;-3;-212,5;DTE;4
400142;-3;-212,49;DTE;4
400142;-3;-212,49;DTE;4
400142;-2;-141,66;DTE;4
400193;-72;-2.134,82;DIT;4
400221;-1;-2.131,25;DTM;4
400221;-2;-4.262,49;DTM;4
400224;-1;-1.617,78;DTE;4
400243;-2;-33.315,17;DIT;4
400288;-2;-24.576,25;DIT;4
400375;-18;-129,76;DTM;4
400375;-4;-28,84;DTE;4
400506;-5;-50,4;DTE;4
400506;-10;-100,8;DTE;4
400506;-5;-50,4;DTE;4
400506;-5;-50,4;DTE;4
400506;-3;-30,24;DTM;4
400594;-3;-285,55;DTM;4
400594;-6;-571,09;DTM;4
400594;-7;-666,27;DTM;4
400665;-1;-23,68;DTE;4
400673;-6;-8,32;DTM;4
400673;-10;-13,86;DTM;4
400708;-37;-234,57;DTM;4
400790;-4;-81,6;DTM;4
400790;-2;-40,8;DTM;4
400790;-8;-163,2;DTM;4
400790;-12;-244,8;DTE;4
400790;-8;-163,2;DTE;4
400790;-8;-163,2;DTE;4
400790;-16;-326,4;DTE;4
400805;-3;-16,72;DTM;4
400809;-6;-9,76;DTE;4
400827;-14;-40,13;DTE;4
400827;-21;-60,19;DTE;4
400827;-19;-54,46;DTE;4
400827;-10;-28,66;DTE;4
400827;-13;-37,26;DTE;4
400827;-16;-45,86;DTE;4
400827;-6;-17,2;DTE;4
400827;-46;-131,86;DTE;4
400827;-17;-48,73;DTE;4
400827;-19;-54,46;DTE;4
400827;-18;-51,6;DTE;4
400827;-4;-11,47;DTE;4
400827;-17;-48,73;DTE;4
400827;-16;-45,86;DTE;4
400827;-4;-11,47;DTE;4
400828;-12;-417,51;DTM;4
400828;-6;-208,76;DTM;4
400906;-4;-396,35;DTE;4
400906;-8;-792,69;DTE;4
400906;-4;-396,35;DTE;4
400906;-2;-198,17;DTM;4
400906;-6;-594,52;DTE;4
400930;-4;-10,54;DTE;4
400930;-4;-10,54;DTE;4
400930;-4;-10,54;DTE;4
400930;-570;-1.501,74;DIT;4
400930;-4;-10,54;DTE;4
400930;-4;-10,54;DTE;4
400930;-4;-10,54;DTE;4
400930;-154;-405,73;DIT;4
400930;-4;-10,54;DTE;4
400930;-250;-658,66;DIT;4
400930;-6;-15,81;DTE;4
400942;-4;-18,72;DTE;4
400968;-1;-1.966,90;DTE;4
401116;-1;-36,55;DTE;4
401117;-4;-49,16;DTE;4
401117;-4;-49,16;DTE;4
401117;-4;-49,16;DTE;4
401117;-6;-73,74;DTE;4
401117;-4;-49,16;DTE;4
401117;-12;-147,47;DIT;4
401117;-4;-49,16;DTE;4
401127;-1;-2.022,18;DTE;4
401127;-1;-2.022,18;DTE;4
401131;-3;-39,04;DTE;4
401131;-5;-65,07;DTE;4
401131;-6;-78,09;DTM;4
401131;-6;-78,09;DTE;4
401131;-4;-52,06;DTE;4
401131;-1;-13,01;DTE;4
401131;-5;-65,07;DTE;4
401131;-2;-26,03;DTE;4
401131;-1;-13,01;DTE;4
401131;-4;-52,06;DTE;4
401131;-8;-104,12;DTE;4
401131;-7;-91,1;DTE;4
401131;-4;-52,06;DTE;4
401131;-29;-377,43;DTE;4
401193;-1;-7.079,88;DTE;4
401264;-3;-79,69;DTE;4
401360;-1;-1.655,31;DTE;4
401485;-1;-142,76;DTE;4
401489;-3;-17,44;DTE;4
401566;-6;-137,58;DTE;4
401566;-5;-114,65;DTM;4
401566;-4;-91,72;DTE;4
401566;-4;-91,72;DTE;4
401566;-2;-45,86;DTE;4
401566;-10;-229,3;DTE;4
401566;-1;-22,93;DTM;4
401566;-12;-275,17;DTE;4
401632;-1.000;-2.210,11;DIT;4
401632;-5.500;-12.155,62;DPM;4
401711;-3;-71,91;DTE;4
401711;-3;-71,91;DTE;4
401711;-20;-479,38;DIT;4
401711;-30;-719,07;DIT;4
401711;-6;-143,81;DTM;4
401753;-3;-22,94;DTM;4
401791;-30;-133,3;DIT;4
401834;-50;-584,64;DIT;4
401857;-3;-984,22;DTE;4
401857;-3;-984,22;DTE;4
401857;-3;-984,22;DTE;4
401857;-3;-984,22;DTM;4
401857;-9;-2.952,66;DTM;4
401857;-12;-3.936,87;DIT;4
401857;-2;-656,15;DTE;4
401870;-6;-6,1;DTE;4
401870;-6;-6,1;DTE;4
401927;-3;-60,52;DTE;4
401927;-3;-60,52;DTE;4
401927;-3;-60,52;DTE;4
401927;-3;-60,52;DTE;4
401927;-9;-181,55;DTE;4
401927;-6;-121,03;DTE;4
401927;-1;-20,17;DTE;4
401927;-3;-60,52;DTE;4
401927;-24;-484,13;DIT;4
401927;-3;-60,52;DTE;4
401937;-1;-3,38;DTE;4
401959;-50;-9.288,47;DIT;4
401959;-50;-9.288,47;DIT;4
401959;-50;-9.288,47;DIT;4
402065;-1;-15,75;DTM;4
402105;-24;-1.180,53;DTE;4
402127;-9;-39,61;DTE;4
402221;-1;-43,84;DTM;4
402221;-1;-43,84;DTM;4
402242;-1;-2.686,02;DTE;4
402247;-2;-38,1;DTM;4
402312;-3;-43,71;DTE;4
402312;-2;-29,14;DTE;4
402312;-2;-29,14;DTE;4
402312;-3;-43,71;DTE;4
402312;-19;-276,81;DTE;4
402312;-2;-29,14;DTE;4
402312;-1;-14,57;DTE;4
402312;-5;-72,84;DTE;4
402312;-11;-160,26;DTE;4
402312;-4;-58,28;DTE;4
402312;-3;-43,71;DTE;4
402312;-2;-29,14;DTE;4
402312;-4;-58,28;DTE;4
402312;-2;-29,14;DTE;4
402331;-2;-95,26;DTE;4
402331;-4;-190,52;DTE;4
402331;-1;-47,63;DTE;4
402331;-1;-47,63;DTE;4
402365;-3;-60;DTE;4
402365;-2;-40;DTE;4
402404;-6;-54,47;DTM;4
402404;-6;-54,47;DTM;4
402433;-2;-307;DTE;4
402433;-3;-460,5;DTE;4
402433;-3;-460,5;DTE;4
402433;-6;-921;DTM;4
402587;-1;-29,69;DTE;4
402733;-2;-11,72;DTE;4
402847;-3;-3.273,28;DTE;4
403121;-2;-19,87;DTE;4
403121;-1;-9,93;DTE;4
403121;-2;-19,87;DTE;4
403121;-2;-19,87;DTE;4
403121;-1;-9,93;DTE;4
403121;-2;-19,87;DTE;4
403121;-1;-9,93;DTE;4
403121;-2;-19,87;DTE;4
403121;-1;-9,93;DTE;4
403121;-1;-9,93;DTE;4
403121;-1;-9,93;DTM;4
403182;-6;-1.276,11;DTM;4
403182;-6;-1.276,11;DTM;4
403182;-6;-1.276,11;DTM;4
403182;-6;-1.276,11;DTM;4
403456;-1;-89.663,92;DTM;4
403499;-3;-0,55;DTE;4
403499;-3.000;-552,54;DPM;4
403602;-1.500;-1.037,01;DPM;4
403602;-1;-0,69;DTE;4
403602;-12;-8,3;DTE;4
403642;-4.000;-61.079,32;DPM;4
403647;-15;-592,07;DPM;4
403804;-1;-6,84;DTE;4
403804;-1;-6,84;DTE;4
403804;-1;-6,84;DTE;4
403804;-7;-47,89;DTE;4
403804;-4;-27,37;DTE;4
403804;-3;-20,52;DTE;4
403804;-2;-13,68;DTE;4
404009;-2.000;-11.810,29;DPM;4
404071;-3;-492,62;DTM;4
404071;-3;-492,62;DTM;4
404071;-3;-492,62;DTM;4
404071;-3;-492,62;DTM;4
404071;-3;-492,62;DTM;4
404071;-3;-492,62;DTM;4
404084;-3;-68,76;DTE;4
404113;-2;-873,59;DPC;4
404719;-2;-45,37;DTE;4
404732;-3;-270,62;DTM;4
404732;-3;-270,62;DTM;4
404732;-3;-270,62;DTM;4
404732;-39;-3.518,00;DTM;4
404732;-12;-1.082,46;DTM;4
404732;-3;-270,62;DTM;4
404732;-4;-360,82;DTM;4
404732;-3;-270,62;DTM;4
404732;-1;-90,21;DTM;4
404732;-6;-541,23;DTM;4
404732;-4;-360,82;DTM;4
404732;-4;-360,82;DTM;4
404732;-12;-1.082,46;DTM;4
407129;-1.600;-13.247,15;DPM;4
408994;-3;-76,53;DTE;4
408994;-6;-153,06;DTE;4
408994;-3;-76,53;DTE;4
408994;-6;-153,06;DTE;4
408994;-3;-76,53;DTE;4
410041;-2.000;-860;DPM;4
410047;-700;-6.349,47;DPM;4
800054;-6;-114,18;DTM;4
800223;-25;-32,47;DTM;4
800223;-2;-2,6;DTM;4
800223;-10;-12,99;DTM;4
800223;-10;-12,99;DTM;4
800223;-15;-19,48;DTM;4
800223;-28;-36,36;DTM;4
800223;-11;-14,29;DTM;4
800223;-13;-16,88;DTM;4
800256;-1;-146,14;DTM;4
800256;-1;-146,14;DTM;4
800256;-1;-146,14;DTM;4
800266;-1;-15,8;DTM;4
800274;-3;-35,55;DTM;4
800274;-5;-59,25;DTM;4
800291;-3;-32,89;DTM;4
800291;-3;-32,89;DTM;4
800291;-3;-32,89;DTM;4
800294;-3;-25,22;DTM;4
800294;-3;-25,22;DTM;4
800345;-102;-1.908,37;DIT;4
800364;-1;-16,07;DTM;4
800364;-2;-32,15;DTM;4
800364;-2;-32,15;DTM;4
800364;-2;-32,15;DTM;4
800435;-2;-29,64;DTM;4
800435;-2;-29,64;DTM;4
800445;-6;-38,69;DTM;4
800822;-6;-137,61;DTM;4
800822;-6;-137,61;DTM;4
800822;-6;-137,61;DTM;4
800822;-6;-137,61;DTM;4
800822;-3;-68,81;DTM;4
800822;-3;-68,81;DTM;4
800825;-1;-6,16;DTM;4
800825;-2;-12,32;DTM;4
800825;-3;-18,49;DTM;4
800825;-2;-12,32;DTM;4
800842;-4;-45,43;DTM;4
800876;-1;-22,14;DTM;4
800876;-3;-66,4;DTM;4
800876;-6;-132,81;DTM;4
800876;-9;-199,22;DTM;4
800876;-3;-66,4;DTM;4
800884;-6;-75,78;DTM;4
800884;-2;-25,26;DTM;4
800884;-3;-37,89;DTM;4
800884;-3;-37,89;DTM;4
800884;-1;-12,63;DTM;4
800889;-2;-39,33;DTM;4
800889;-50;-983,14;DIT;4
800889;-200;-3.932,57;DIT;4
800889;-2;-39,33;DTM;4
800889;-3;-58,99;DTM;4
800894;-3;-18,38;DTM;4
800894;-6;-36,77;DTM;4
800894;-3;-18,38;DTM;4
800894;-6;-36,77;DTM;4
800894;-6;-36,77;DTM;4
800894;-3;-18,38;DTM;4
800894;-3;-18,38;DTM;4
800894;-9;-55,15;DTM;4
800905;-3;-26,15;DTM;4
800905;-3;-26,15;DTM;4
800906;-3;-30,28;DTM;4
800922;-125;-2.795,21;DIT;4
801112;-4;-733,03;DTM;4
801112;-1;-183,26;DTM;4
801112;-6;-1.099,54;DTM;4
801112;-3;-549,77;DTM;4
801112;-1;-183,26;DTM;4
801112;-1;-183,26;DTM;4
801112;-2;-366,51;DTM;4
801112;-6;-1.099,54;DTM;4
801114;-3;-17,49;DTM;4
801125;-10;-343,71;DTM;4
801186;-44;-692,49;DIT;4
801199;-3;-25,53;DTM;4
801213;-3;-37,54;DTM;4
801215;-1;-10,39;DTM;4
801215;-5;-51,94;DTM;4
801215;-6;-62,33;DTM;4
801215;-1;-10,39;DTM;4
801215;-2;-20,78;DTM;4
801215;-1;-10,39;DTM;4
801215;-1;-10,39;DTM;4
801215;-2;-20,78;DTM;4
801215;-1;-10,39;DTM;4
801215;-3;-31,16;DTM;4
801215;-3;-31,16;DTM;4
801215;-2;-20,78;DTM;4
801215;-1;-10,39;DTM;4
801220;-200;-1.277,32;DIT;4
801233;-3;-17,66;DTM;4
801303;-3;-17,73;DTM;4
801346;-2;-32,49;DTM;4
801346;-1;-16,24;DTM;4
801346;-1;-16,24;DTM;4
801352;-3;-17,64;DTM;4
801352;-3;-17,64;DTM;4
801352;-3;-17,64;DTM;4
801352;-3;-17,64;DTM;4
801352;-6;-35,28;DTM;4
801375;-3;-17,24;DTM;4
801375;-3;-17,24;DTM;4
801375;-6;-34,48;DTM;4
801375;-100;-574,61;DIT;4
801375;-3;-17,24;DTM;4
801375;-3;-17,24;DTM;4
801375;-3;-17,24;DTM;4
801826;-3;-17,29;DTM;4
801826;-3;-17,29;DTM;4
801826;-3;-17,29;DTM;4
801826;-3;-17,29;DTM;4
801826;-6;-34,57;DTM;4
801826;-3;-17,29;DTM;4
801826;-3;-17,29;DTM;4
801826;-3;-17,29;DTM;4
802260;-3;-26,22;DTM;4
803344;-6;-555,69;DTM;4
803344;-3;-277,84;DTM;4
803344;-6;-555,69;DTM;4
803344;-6;-555,69;DTM;4
803344;-3;-277,84;DTM;4
803344;-6;-555,69;DTM;4
804017;-1;-676,13;DTM;4
804257;-3;-42,16;DTM;4
805459;-3;-491,86;DTM;4
805496;-1;-57,8;DTM;4
110147;-1;-1.406,48;DTM;4
110195;-1;-1.125,11;DTM;4
400072;-3;-13.183,70;DIT;4
400072;-5;-21.972,83;DIT;4
400073;-3;-38.196,24;DIT;4
400142;-3;-212,49;DTM;4
400142;-24;0;DTM;4
400142;-3;-212,5;DTM;4
400243;-2;-33.315,17;DIT;4
400307;-4;-25,37;DTM;4
400359;-6;-121,8;DTM;4
400366;-20;-232,37;DIT;4
400506;-3;-29,49;DTM;4
400506;-3;-29,49;DTM;4
400594;-7;-666,27;DTE;4
400594;-7;-666,27;DTE;4
400594;-13;-1.237,36;DTE;4
400594;-7;-666,27;DTE;4
400594;-13;-1.237,36;DTE;4
400594;-3;-285,55;DTM;4
400655;-6;-256,69;DTM;4
400655;-18;-770,07;DTM;4
400655;-3;-128,34;DTM;4
400708;-9;-57,06;DTE;4
400708;-44;-278,95;DTE;4
400708;-9;-57,06;DTE;4
400708;-9;-57,06;DTE;4
400708;-9;-57,06;DTE;4
400708;-41;-259,93;DTE;4
400708;-9;-57,06;DTE;4
400708;-41;-259,93;DTE;4
400708;-9;-57,06;DTE;4
400708;-173;-1.096,78;DTE;4
400708;-1.000;0;DTM;4
400708;-9;-57,06;DTE;4
400708;-9;-57,06;DTE;4
400790;-8;-168,35;DTM;4
400790;-2;-42,09;DTM;4
400790;-2;-42,09;DTM;4
400790;-2;-42,09;DTM;4
400813;-60;-104,82;DTM;4
400813;-25;-43,67;DTM;4
400813;-15;-26,2;DTM;4
400828;-40;-1.391,70;DIT;4
400906;-1;-99,09;DTM;4
400942;-6;-28,08;DTM;4
400974;-8;-19,61;DTM;4
400974;-4;-9,8;DTM;4
401117;-1;-12,29;DTM;4
401117;-40;-491,58;DIT;4
401117;-10;-122,89;DTM;4
401117;-12;-147,47;DTM;4
401131;-1;-13,01;DTM;4
401131;-50;-650,74;DIT;4
401131;-24;-312,36;DTM;4
401131;-12;-156,18;DTM;4
401131;-10;-130,15;DTM;4
401131;-4;-52,06;DTM;4
401131;-1;-13,01;DTM;4
401131;-6;-78,09;DTM;4
401131;-1;-13,01;DTM;4
401131;-6;-78,09;DTM;4
401239;-50;-1.192,29;DIT;4
401252;-2;-7.128,09;DTE;4
401264;-6;-159,37;DTM;4
401264;-3;-79,69;DTM;4
401264;-3;-79,69;DTM;4
401318;-1;-2.358,53;DTM;4
401324;-3;-33.003,81;DIT;4
401360;-1;-1.655,31;DTM;4
401375;-2;-371,89;DTM;4
401485;-1;-142,76;DTM;4
401566;-1;-22,36;DTM;4
401566;-1;-22,36;DTM;4
401711;-6;-143,81;DTM;4
401711;-3;-71,91;DTM;4
401711;-3;-71,91;DTM;4
401711;-80;0;DTM;4
401735;-30;-12.259,22;DPC;4
401857;-3;-984,22;DTM;4
401857;-3;-984,22;DTM;4
401927;-12;-242,06;DTM;4
401927;-12;-242,06;DTM;4
401927;-6;-121,03;DTM;4
401927;-9;-181,55;DTM;4
401987;-2;-34.193,73;DIT;4
402041;-100;-97,57;DIT;4
402105;-4;-196,75;DTM;4
402105;-12;-590,26;DTM;4
402105;-350;0;DTM;4
402105;-16;-787,02;DTM;4
402149;-44;-6.367,16;DIT;4
402152;-2;-159,49;DTE;4
402152;-6;-478,47;DTE;4
402152;-6;-478,47;DTE;4
402292;-20;-982,39;DPC;4
402307;-32;-2.356,54;DTM;4
402307;-36;-2.651,11;DTM;4
402307;-8;-589,13;DTM;4
402307;-60;-4.418,51;DTM;4
402312;-6;-87,41;DTM;4
402312;-4;-58,28;DTM;4
402312;-6;-87,41;DTM;4
402312;-4;-58,28;DTM;4
402312;-2;-29,14;DTM;4
402407;-8;-4.604,40;DPC;4
402443;-20;-2.103,61;DPC;4
402847;-1;-1.091,09;DTM;4
403121;-2;-19,87;DTM;4
403121;-1;-9,93;DTM;4
403121;-1;-9,93;DTM;4
403121;-1;-9,93;DTM;4
403121;-1;-9,93;DTM;4
403121;-1;-9,93;DTM;4
403204;-50;-138,65;DPC;4
403499;-700;-128,93;DPC;4
404186;-400;-1.030,08;DPC;4
404719;-1;-22,69;DTM;4
407094;-6;-421,98;DTE;4
408994;-6;-153,06;DTM;4
408994;-3;-76,53;DTM;4
408994;-3;-76,53;DTM;4
408994;-18;-459,18;DTM;4
408994;-30;-765,31;DPC;4
408995;-36;-947,31;DIT;4
408995;-8;-210,51;DTM;4
408995;-6;-157,89;DTM;4
410122;-2;-28.497,74;DIT;4
800033;-15;-90,47;DTM;4
800033;-15;-90,47;DTM;4
800033;-15;-90,47;DTM;4
800033;-13;-78,41;DTM;4
800033;-30;-180,95;DTM;4
800654;-40;-6.065,85;DIT;4
800717;-3;-212,76;DTM;4
800717;-3;-212,76;DTM;4
800717;-6;-425,51;DTM;4
800717;-9;-638,27;DTM;4
800959;-20;-2.184,52;DIT;4
801064;-100;-258,43;DIT;4
400011;-1;-104,75;DTE;5
400011;-12;-1.257,01;DIT;5
400072;-5;-21.972,83;DIT;5
400130;-2;-5,97;DTM;5
400140;-120;-971,88;DTM;5
400140;-4;-32,4;DTM;5
400193;-2;-59,3;DTE;5
400193;-1;-29,65;DTM;5
400221;-1;-2.131,24;DTM;5
400224;-2;-3.235,76;DTE;5
400224;-3;-4.853,64;DTE;5
400224;-15;-24.268,19;DIT;5
400224;-1;-1.617,88;DTM;5
400224;-1;-1.617,88;DTE;5
400288;-1;-13.909,59;DTM;5
400288;-1;-13.909,59;DTM;5
400307;-89;-564,54;DTM;5
400366;-2;-23,24;DTM;5
400366;-2;-23,24;DTM;5
400375;-120;-865,06;DTM;5
400434;-150;-4.229,86;DIT;5
400474;-100;-2.783,33;DIT;5
400487;-140;-7.671,55;DTM;5
400487;-90;-4.931,71;DTM;5
400487;-115;-6.301,63;DTM;5
400487;-155;-8.493,50;DTM;5
400506;-6;-58,98;DTE;5
400506;-5;-49,15;DTE;5
400506;-5;-49,15;DTE;5
400518;-3;-28,3;DTM;5
400545;-1;-16,2;DTM;5
400545;-1;-16,2;DTM;5
400594;-70;-6.662,72;DIT;5
400594;-3;-285,54;DTM;5
400594;-6;-571,09;DTM;5
400594;-7;-666,27;DTE;5
400594;-7;-666,27;DTE;5
400665;-6;-142,1;DTE;5
400673;-44;-61;DTM;5
400673;-2;-2,77;DTM;5
400708;-2;-12,68;DTE;5
400708;-9;-57,06;DTE;5
400708;-50;-316,99;DTE;5
400708;-13;-82,42;DTM;5
400708;-15;-95,1;DTM;5
400708;-300;-1.901,93;DTM;5
400790;-4;-84,18;DTM;5
400790;-8;-168,35;DTE;5
400790;-2;-42,09;DTM;5
400790;-8;-168,35;DTE;5
400805;-3;-16,72;DTM;5
400809;-4;-6,51;DTE;5
400813;-2;-3,49;DTM;5
400813;-10;-17,47;DTM;5
400813;-2;-3,49;DTE;5
400813;-2;-3,49;DTM;5
400813;-5;-8,73;DTE;5
400827;-13;-37,26;DTE;5
400827;-36;-103,19;DTE;5
400827;-16;-45,86;DTE;5
400827;-1;-2,87;DTE;5
400827;-11;-31,53;DTE;5
400906;-4;-396,35;DTE;5
400906;-4;-396,35;DTE;5
400906;-2;-198,17;DTM;5
400906;-1;-99,09;DTM;5
400930;-12;-32,78;DTM;5
400930;-4;-10,93;DTE;5
400930;-50;-136,58;DIT;5
400942;-1;-4,68;DTM;5
400955;-4;-16,84;DTE;5
400955;-2;-8,42;DTM;5
400968;-10;-19.668,99;DIT;5
400968;-4;-7.867,59;DIT;5
400974;-8;-19,61;DTE;5
400974;-12;-29,41;DTM;5
401033;-4;-89,91;DTE;5
401036;-89;-1.914,62;DTE;5
401088;-1;-2,18;DTM;5
401102;-2;-2,66;DTM;5
401108;-11;-25,73;DTM;5
401116;-3;-109,64;DTM;5
401116;-3;-109,64;DTE;5
401127;-1;-2.002,02;DTE;5
401127;-2;-4.023,28;DTE;5
401127;-10;-20.221,77;DIT;5
401127;-1;-2.002,02;DTE;5
401131;-8;-104,24;DTM;5
401131;-19;-247,58;DTE;5
401131;-7;-91,21;DTE;5
401131;-2;-26,06;DTM;5
401131;-16;-208,49;DTM;5
401131;-1;-13,03;DTE;5
401239;-2;-47,69;DTE;5
401239;-8;-190,77;DTM;5
401252;-1;-3.564,05;DTE;5
401296;-2;-4.429,87;DTE;5
401318;-2;-4.717,06;DIT;5
401318;-5;-11.792,65;DIT;5
401360;-2;-3.310,63;DIT;5
401360;-5;-8.276,57;DIT;5
401403;-2;-20,03;DTM;5
401471;-4;-133,72;DTM;5
401485;-4;-571,06;DTM;5
401489;-2;-11,63;DTE;5
401566;-2;-44,72;DTE;5
401566;-2;-44,72;DTM;5
401566;-3;-67,08;DTM;5
401566;-9;-201,25;DTE;5
401566;-3;-67,08;DTE;5
401620;-1;-2,91;DTM;5
401686;-1;-11,9;DTM;5
401753;-1;-7,16;DTM;5
401753;-2;-14,32;DTM;5
401857;-3;-980,31;DTE;5
401857;-20;-6.535,38;DIT;5
401857;-1;-326,77;DTE;5
401870;-14;-14,23;DTE;5
401888;-3;-91,04;DTE;5
401927;-3;-60,52;DTE;5
401927;-3;-60,52;DTE;5
401927;-2;-40,34;DTM;5
401927;-3;-60,52;DTM;5
401937;-1;-3,38;DTE;5
401987;-2;-34.193,73;DIT;5
402026;-10;-245,08;DIT;5
402065;-3;-47,26;DTM;5
402065;-2;-31,5;DTE;5
402081;-6;-584,19;DTM;5
402081;-8;-778,91;DTM;5
402081;-6;-584,19;DTM;5
402081;-6;-584,19;DTM;5
402105;-4;-196,75;DTM;5
402105;-4;-196,75;DTM;5
402105;-8;-393,51;DTM;5
402105;-4;-196,75;DTM;5
402111;-3;-16,77;DTM;5
402111;-6;-33,55;DTE;5
402127;-4;-17,6;DTE;5
402127;-2;-8,8;DTM;5
402127;-5;-22;DTE;5
402152;-2;-159,49;DTE;5
402221;-1;-43,84;DTM;5
402221;-4;-175,38;DTM;5
402221;-1;-43,85;DTE;5
402242;-2;-5.372,05;DIT;5
402242;-10;-26.860,25;DIT;5
402287;-120;-1.306,87;DTM;5
402296;-3;-37,58;DTM;5
402296;-3;-37,58;DTE;5
402296;-2;-25,06;DTM;5
402307;-3;-220,93;DTE;5
402307;-8;-589,13;DTM;5
402307;-16;-1.178,27;DTM;5
402307;-20;-1.472,84;DTM;5
402307;-20;-1.472,84;DIT;5
402312;-1;-14,57;DTM;5
402312;-11;-160,26;DTM;5
402312;-10;-145,69;DTE;5
402312;-9;-131,12;DTE;5
402312;-1;-14,57;DTE;5
402312;-4;-58,28;DTE;5
402324;-2;-10,88;DTE;5
402324;-2;-10,88;DTM;5
402397;-120;-3.475,04;DTM;5
402401;-12;-333,64;DTM;5
402425;-3;-16.497,31;DIT;5
402433;-1;-156,07;DTE;5
402433;-3;-468,2;DTM;5
402433;-3;-468,2;DTE;5
402587;-2;-59,38;DTE;5
402587;-1;-29,69;DTE;5
402660;-1;-5,84;DTE;5
402741;-3;-25,47;DTM;5
402741;-3;-25,47;DTM;5
402847;-1;-1.091,09;DTM;5
403121;-1;-9,93;DTM;5
403121;-1;-9,93;DTE;5
403121;-2;-19,87;DTE;5
403499;-6;-1,11;DTE;5
403592;-3.700;-17.641,17;DTM;5
403602;-18;-12,44;DTE;5
403804;-3;-20,52;DTE;5
403804;-5;-34,21;DTE;5
404071;-9;-1.477,85;DTM;5
404084;-2;-45,84;DTE;5
404084;-78;-1.787,68;DTE;5
404719;-2;-45,37;DTE;5
404719;-1;-22,68;DTE;5
404732;-6;-541,23;DTM;5
408994;-12;-306,12;DTM;5
408995;-3;-78,94;DTM;5
800033;-10;-60,32;DTM;5
800033;-15;-90,47;DTM;5
800515;-6;-225;DTM;5
800654;-3;-454,94;DTM;5
800654;-1;-151,65;DTM;5
800654;-30;-4.549,39;DIT;5
800794;-6;-30,35;DTM;5
800959;-20;-2.184,52;DIT;5
800981;-40;-195,25;DTM;5
800981;-2;-9,76;DTM;5
801087;-6;-72,93;DTM;5
801135;-5;-57,09;DTM;5
801391;-5;-72,24;DTM;5
801400;-30;-2.887,85;DIT;5
120065;-3;-58,71;DTM;5
120065;-25;-489,21;DTM;5
120100;-24;-357,6;DTM;5
120141;-1;-158,87;DRA;5
120334;-1;-159,09;DRA;5
120452;-6;-15,3;DTM;5
120452;-48;-122,4;DTM;5
400072;-2;-8.789,13;DIT;5
400072;-5;-21.972,83;DIT;5
400073;-2;-26.443,31;DIT;5
400111;-20;-92,98;DIT;5
400140;-40;-323,96;DIT;5
400142;-20;-1.416,62;DIT;5
400192;-50;-725,36;DIT;5
400292;-3;-1.225,92;DIT;5
400292;-3;-1.225,92;DIT;5
400375;-20;-144,18;DIT;5
400474;-1.200;-33.399,94;DIT;5
400481;-500;-3.162,85;DIT;5
400594;-21;-1.998,82;DIT;5
400594;-20;-1.903,63;DIT;5
400594;-50;-4.759,08;DIT;5
400708;-100;-633,98;DIT;5
400827;-600;-1.719,86;DIT;5
400930;-100;-273,17;DIT;5
400930;-50;-136,58;DIT;5
400930;-313;-855,02;DIT;5
400968;-5;-9.769,18;DIT;5
400968;-15;-29.307,54;DIT;5
400974;-100;-245,1;DIT;5
401116;-12;-438,55;DTM;5
401117;-25;-307,24;DIT;5
401117;-30;-368,68;DIT;5
401131;-250;-3.257,65;DIT;5
401131;-6;-78,18;DIT;5
401239;-50;-1.192,29;DIT;5
401318;-5;-11.792,65;DIT;5
401324;-1;-11.197,62;DIT;5
401360;-5;-8.276,57;DIT;5
401435;-60;-258,97;DIT;5
401620;-50;-145,49;DIT;5
401632;-40;-88,4;DPM;5
401655;-300;-3.703,44;DPC;5
401685;-3;-1.232,62;DIT;5
401685;-3;-1.232,62;DIT;5
401686;-40;-476,18;DIT;5
401711;-30;-719,07;DIT;5
401857;-50;-16.338,46;DIT;5
401898;-1;-45.998,77;DTM;5
401927;-20;-403,44;DIT;5
401927;-50;-1.008,59;DIT;5
401959;-2;-371,54;DTM;5
401959;-50;-9.288,47;DIT;5
401959;-2;-371,54;DTM;5
401959;-2;-371,54;DTM;5
401959;-3;-557,31;DTM;5
401959;-1;-185,77;DTM;5
401992;-3;-1.225,92;DIT;5
401992;-3;-1.225,92;DIT;5
402081;-50;-4.868,22;DIT;5
402105;-4;-196,75;DIT;5
402242;-10;-26.860,25;DIT;5
402242;-2;-5.372,05;DIT;5
402242;-10;-26.860,25;DIT;5
402242;-10;-26.860,25;DIT;5
402242;-8;-21.488,20;DIT;5
402242;-10;-26.860,25;DIT;5
402269;-500;-81.367,17;DTM;5
402287;-20;-217,81;DIT;5
402287;-300;-3.267,17;DPC;5
402307;-400;-29.456,73;DPC;5
402312;-30;-437,06;DIT;5
402359;-50;-310,33;DIT;5
402433;-20;-3.121,32;DIT;5
402675;-1;-342,19;DIT;5
402675;-1;-342,19;DIT;5
402675;-20;-6.843,72;DPC;5
402675;-1;-342,19;DIT;5
402675;-1;-342,19;DIT;5
402675;-1;-342,19;DIT;5
403337;-1;-1.034,41;DIT;5
403390;-400;-3.462,51;DPC;5
403499;-7.000;-1.289,26;DPC;5
403572;-1.000;-3.750,27;DPC;5
403594;-600;-6.024,76;DPC;5
403602;-11.000;-7.604,76;DPC;5
403642;-400;-6.107,93;DPM;5
403642;-37;-564,98;DPM;5
403642;-22.231;-339.463,60;DPC;5
403656;-450;-11.361,25;DPM;5
404009;-500;-2.952,57;DPM;5
404009;-10.271;-60.651,72;DPC;5
405382;-32;-60.910,81;DPC;5
405382;-1;-1.903,46;DIT;5
405382;-1;-1.903,46;DIT;5
405382;-1;-1.903,46;DIT;5
405382;-1;-1.903,46;DIT;5
405382;-1;-1.903,46;DIT;5
410122;-5;-71.244,36;DIT;5
800026;-20;-23,94;DIT;5
800026;-20;-23,94;DIT;5
800026;-20;-23,94;DIT;5
800026;-5;-5,99;DIT;5
800654;-1;-151,65;DIT;5
800794;-31;-156,82;DIT;5
800852;-30;-601,7;DPC;5
800872;-2;-100,1;DIT;5
800959;-50;-5.461,29;DIT;5
801010;-100;-584,53;DIT;5
801064;-150;-402,05;DIT;5
801178;-6;-82,5;DIT;5
801374;-14;-33,46;DIT;5
801375;-100;-574,61;DIT;5
801391;-50;-722,35;DIT;5
801400;-3;-288,78;DIT;5
801834;-100;-583,18;DIT;5
120050;-2;-212,95;DAG;5
120107;-1;-106,48;DAG;5
120110;-3;-319,43;DAG;5
120136;-1;-106,92;DAG;5
120141;-6;-953,22;DAG;5
120182;-1;-158,2;DAG;5
120255;-1;-106,47;DAG;5
120334;-3;-477,25;DAG;5
120452;-36;-91,8;DTM;5
120452;-24;-61,2;DAG;5
400011;-2;-209,5;DTM;5
400011;-2;-209,5;DTM;5
400072;-1;-4.394,57;DTE;5
400072;-10;-43.945,66;DIT;5
400072;-3;-13.183,70;DIT;5
400072;-10;-43.945,66;DIT;5
400072;-5;-21.972,83;DIT;5
400072;-5;-21.972,83;DIT;5
400073;-5;-66.108,28;DIT;5
400073;-3;-39.664,97;DIT;5
400073;-1;-13.221,66;DIT;5
400140;-3;-24,3;DTM;5
400140;-1;-8,1;DTM;5
400140;-2;-16,2;DTM;5
400140;-8;-64,79;DTE;5
400142;-3;-212,49;DTE;5
400142;-3;-212,49;DTM;5
400142;-3;-212,49;DTM;5
400142;-3;-212,49;DTE;5
400193;-3;-88,95;DTE;5
400193;-3;-88,95;DTE;5
400288;-1;-13.909,59;DIT;5
400366;-6;-69,71;DTM;5
400366;-8;-92,95;DTM;5
400434;-10;-281,99;DIT;5
400506;-3;-29,49;DTM;5
400506;-3;-29,49;DTM;5
400506;-3;-29,49;DTM;5
400665;-3;-71,05;DTE;5
400665;-3;-71,05;DTE;5
400673;-16;-22,18;DTM;5
400673;-3;-4,16;DTM;5
400673;-16;-22,18;DTM;5
400790;-3;-63,13;DIT;5
400790;-2;-42,09;DTM;5
400790;-8;-168,35;DTM;5
400790;-8;-168,35;DTM;5
400805;-3;-16,72;DTM;5
400805;-3;-16,72;DTM;5
400827;-14;-40,13;DTE;5
400827;-20;-57,33;DTE;5
400828;-50;-1.739,63;DIT;5
400906;-4;-396,35;DTM;5
400906;-3;-297,26;DIT;5
400906;-4;-396,35;DTM;5
400906;-1;-99,09;DTM;5
400930;-4;-10,93;DTM;5
400930;-4;-10,93;DTM;5
400930;-6;-16,39;DTE;5
400930;-4;-10,93;DTE;5
400942;-2;-9,36;DTE;5
400974;-260;-637,26;DIT;5
400974;-9;-22,06;DTM;5
400974;-9;-22,06;DTM;5
400974;-6;-14,71;DTE;5
400974;-6;-14,71;DTE;5
401116;-3;-109,64;DTE;5
401116;-100;-3.654,60;DIT;5
401116;-3;-109,64;DTE;5
401117;-4;-49,16;DTM;5
401117;-4;-49,16;DTM;5
401117;-276;-3.397,99;DIT;5
401117;-6;-73,74;DTE;5
401117;-4;-49,16;DTE;5
401131;-3;-39,09;DTM;5
401131;-3;-39,09;DTE;5
401131;-7;-91,21;DTE;5
401131;-100;-1.303,06;DIT;5
401131;-3;-39,09;DTM;5
401131;-3;-39,09;DTM;5
401193;-3;-21.400,83;DIT;5
401239;-3;-71,54;DTM;5
401239;-3;-71,54;DTM;5
401264;-3;-79,69;DTE;5
401264;-100;-2.656,22;DIT;5
401264;-333;-8.845,21;DIT;5
401318;-5;-11.792,65;DIT;5
401318;-5;-11.792,65;DIT;5
401318;-5;-11.792,65;DIT;5
401324;-1;-11.197,62;DIT;5
401324;-4;-44.790,47;DIT;5
401360;-5;-8.303,49;DIT;5
401375;-1;-185,95;DTE;5
401451;-3;-70,94;DTM;5
401451;-3;-70,94;DTM;5
401566;-4;-89,45;DTM;5
401566;-4;-89,45;DTM;5
401711;-30;-719,07;DIT;5
401711;-3;-71,91;DTE;5
401711;-93;-2.229,11;DIT;5
401857;-3;-980,31;DTE;5
401857;-3;-980,31;DTM;5
401857;-3;-980,31;DTE;5
401857;-3;-980,31;DTE;5
401857;-1;-326,77;DIT;5
401857;-3;-980,31;DTM;5
401857;-2;-653,54;DTM;5
401857;-3;-980,31;DTE;5
401857;-3;-980,31;DTE;5
401857;-3;-980,31;DTM;5
401857;-4;-1.307,08;DTE;5
401857;-1;-326,77;DTE;5
401857;-1;-326,77;DTE;5
401857;-42;-13.724,31;DIT;5
401870;-6;-6,1;DTE;5
401888;-3;-91,04;DTE;5
401927;-76;-1.533,06;DIT;5
401927;-3;-60,52;DTE;5
401927;-3;-60,52;DTE;5
401937;-1;-3,38;DTE;5
401937;-1;-3,38;DTE;5
401959;-50;-9.288,47;DIT;5
401959;-50;-9.288,48;DIT;5
401959;-50;-9.288,47;DIT;5
401959;-50;-9.288,48;DIT;5
401959;-50;-9.288,47;DIT;5
401959;-50;-9.288,47;DIT;5
401959;-100;-18.576,95;DIT;5
402041;-300;-292,72;DIT;5
402105;-12;-590,26;DTM;5
402105;-8;-393,51;DTM;5
402105;-12;-590,26;DTM;5
402106;-1;-76,92;DTE;5
402111;-3;-16,77;DTE;5
402127;-4;-17,6;DTM;5
402127;-4;-17,6;DTM;5
402132;-2;-20.030,94;DIT;5
402132;-4;-40.061,88;DIT;5
402152;-12;-956,94;DIT;5
402221;-2;-87,69;DTE;5
402242;-5;-13.430,13;DIT;5
402287;-3;-32,67;DTM;5
402287;-2;-21,78;DTM;5
402287;-1;-10,89;DTM;5
402296;-3;-37,58;DTE;5
402296;-3;-37,58;DTE;5
402307;-40;-2.945,67;DTM;5
402307;-50;-3.682,09;DTM;5
402307;-50;-3.682,09;DTM;5
402312;-2;-29,14;DTE;5
402312;-2;-29,14;DTE;5
402397;-192;-5.560,06;DIT;5
402397;-200;-5.791,73;DIT;5
402401;-3;-83,41;DTE;5
402433;-1;-156,07;DIT;5
402433;-3;-468,2;DTM;5
402433;-3;-468,2;DTM;5
402587;-1;-29,69;DTE;5
402587;-1;-29,69;DTE;5
402741;-3;-25,47;DTE;5
402847;-4;-4.364,37;DIT;5
403121;-1;-9,93;DTE;5
403121;-1;-9,93;DTE;5
403161;-50;-17.115,52;DIT;5
403161;-50;-17.115,52;DIT;5
403161;-50;-17.115,52;DIT;5
403182;-50;-10.661,23;DIT;5
404084;-2;-45,84;DTE;5
404084;-2;-45,84;DTE;5
404732;-4;-360,82;DTM;5
404741;-3;-206,61;DTE;5
408994;-3;-76,53;DTE;5
410122;-2;-28.497,74;DIT;5
800817;-3;-994,27;DTM;5
801064;-276;-739,78;DIT;5
803452;-30;-673,39;DTM;5
400072;-5;-21.972,83;DIT;5
400072;-6;-26.367,39;DIT;5
400073;-2;-26.443,31;DIT;5
400140;-2;-16,2;DTM;5
400140;-30;-242,97;DIT;5
400192;-50;-725,36;DIT;5
400192;-30;-435,22;DIT;5
400193;-2;-59,3;DIT;5
400193;-50;-1.482,51;DIT;5
400224;-8;-12.943,03;DIT;5
400224;-2;-3.235,76;DIT;5
400224;-3;-4.853,64;DTE;5
400288;-1;-13.909,59;DTM;5
400288;-1;-13.909,59;DTM;5
400359;-8;-162,2;DTM;5
400375;-10;-72,09;DIT;5
400434;-36;-1.015,17;DIT;5
400443;-500;-3.487,22;DIT;5
400443;-500;-3.487,22;DIT;5
400459;-15;-75,52;DTM;5
400459;-15;-75,52;DTM;5
400474;-275;-7.654,15;DIT;5
400487;-320;-17.534,96;DTM;5
400487;-300;-16.439,03;DTM;5
400487;-65;-3.561,79;DTM;5
400487;-500;-27.398,38;DIT;5
400496;-2;-64,85;DTM;5
400506;-3;-29,49;DIT;5
400512;-3;-44,61;DTM;5
400594;-3;-286,15;DTM;5
400594;-10;-953,82;DTM;5
400594;-10;-953,82;DTM;5
400594;-3;-286,15;DTM;5
400594;-30;-2.861,46;DIT;5
400665;-9;-213,15;DTM;5
400673;-20;-27,73;DTM;5
400708;-60;-380,39;DTE;5
400708;-9;-57,06;DTE;5
400708;-9;-57,06;DTE;5
400708;-63;-399,4;DTE;5
400708;-15;-95,1;DTM;5
400790;-8;-168,35;DIT;5
400790;-40;-841,77;DIT;5
400805;-200;-1.114,43;DIT;5
400805;-50;-278,61;DIT;5
400813;-6;-10,48;DTM;5
400813;-6;-10,48;DTM;5
400813;-30;-52,41;DTM;5
400821;-300;-4.135,32;DTM;5
400827;-30;-85,99;DIT;5
400827;-10;-28,66;DIT;5
400828;-6;-208,76;DTM;5
400828;-6;-208,76;DTM;5
400889;-10;-659,22;DIT;5
400906;-4;-396,35;DIT;5
400906;-30;-2.972,60;DIT;5
400930;-50;-136,58;DIT;5
400930;-4;-10,93;DTM;5
400930;-50;-136,58;DIT;5
400974;-50;-122,55;DIT;5
400974;-30;-73,53;DIT;5
401036;-38;-817,48;DTM;5
401116;-9;-328,91;DTM;5
401116;-100;-3.654,60;DIT;5
401116;-2;-73,09;DIT;5
401116;-50;-1.827,30;DIT;5
401116;-11;-402,01;DIT;5
401127;-2;-3.914,26;DIT;5
401127;-1;-1.957,13;DIT;5
401127;-13;-25.442,68;DIT;5
401131;-50;-651,53;DIT;5
401131;-16;-208,49;DIT;5
401131;-30;-390,92;DIT;5
401131;-2;-26,06;DTM;5
401131;-2;-26,06;DTM;5
401131;-10;-130,31;DTM;5
401213;-1;-69,55;DIT;5
401239;-3;-71,54;DTM;5
401264;-50;-1.328,11;DIT;5
401318;5;11.792,65;DIT;5
401318;-5;-11.792,65;DIT;5
401360;-5;-8.303,49;DIT;5
401360;-5;-8.303,49;DIT;5
401435;-50;-215,81;DIT;5
401435;-10;-43,16;DIT;5
401485;-1;-142,76;DTM;5
401505;-2;-195,69;DIT;5
401566;-2;-44,72;DTM;5
401566;-6;-134,17;DTM;5
401566;-57;-1.274,60;DIT;5
401686;-11;-130,95;DIT;5
401711;-30;-719,12;DIT;5
401753;-120;-859,3;DIT;5
401753;-10;-71,61;DIT;5
401753;-4;-28,64;DTM;5
401823;-60;-1.702,44;DIT;5
401823;-4;-113,5;DTE;5
401823;-4;-113,5;DTE;5
401827;-50;-82,66;DIT;5
401834;-50;-584,64;DIT;5
401834;-30;-350,78;DIT;5
401857;-15;-4.901,54;DIT;5
401857;-20;-6.535,38;DIT;5
401857;-20;-6.535,38;DIT;5
401857;-3;-980,31;DIT;5
401857;-10;-3.267,69;DIT;5
401931;-3;-11.929,04;DIT;5
401959;-50;-9.288,48;DIT;5
401959;-120;-22.292,34;DIT;5
401959;-30;-5.573,08;DIT;5
402041;-100;-97,57;DIT;5
402041;-60;-58,54;DIT;5
402106;-2;-153,85;DTM;5
402111;-50;-279,58;DIT;5
402111;-50;-279,58;DIT;5
402111;-50;-279,58;DIT;5
402111;-200;-1.118,30;DIT;5
402117;-10;-58,92;DIT;5
402127;-2;-8,8;DIT;5
402127;-14;-61,61;DTM;5
402152;-40;-3.189,80;DIT;5
402152;-6;-478,47;DTM;5
402152;-6;-478,47;DTM;5
402152;-50;-3.987,24;DIT;5
402152;-3;-239,23;DIT;5
402155;-30;-302,91;DIT;5
402191;-24;-32;DIT;5
402221;-2;-87,69;DTM;5
402221;-2;-87,69;DTM;5
402242;5;13.430,13;DIT;5
402265;-50;-290,09;DIT;5
402287;-2;-21,78;DTM;5
402296;-20;-250,55;DIT;5
402296;-9;-112,75;DTM;5
402296;-50;-626,38;DIT;5
402296;-1;-12,53;DIT;5
402296;-50;-626,38;DIT;5
402307;-12;-883,7;DTM;5
402312;-11;-160,26;DTM;5
402312;-50;-728,44;DIT;5
402318;-500;-23.545,68;DIT;5
402401;-8;-222,43;DTM;5
402433;-30;-4.681,98;DIT;5
402433;-15;-2.340,99;DIT;5
402433;-20;-3.121,32;DIT;5
402433;-1;-156,07;DIT;5
402443;-1;-105,18;DIT;5
402490;-2;-661,72;DTM;5
402587;-30;-890,71;DIT;5
402592;-100;-12.200,00;DPM;5
402592;-300;-36.600,00;DPM;5
402592;-30;-3.660,00;DIT;5
402624;-1;-2.320,65;DIT;5
402650;-2;-2.908,07;DIT;5
402660;-100;-584,47;DIT;5
402701;-3;-1.050,57;DTM;5
402701;-3;-1.050,57;DTM;5
402733;-200;-1.171,79;DIT;5
402733;-1;-5,86;DIT;5
402824;-80;-4.645,20;DIT;5
402824;-50;-2.903,25;DIT;5
402875;-1;-94,38;DIT;5
403121;-15;-149;DIT;5
403121;-2;-19,87;DTM;5
403182;-12;-2.558,70;DIT;5
403337;-80;-82.752,60;DPM;5
404071;-3;-492,62;DTM;5
404084;-25;-572,97;DIT;5
404084;-11;-252,11;DTM;5
404114;-1;-587,02;DIT;5
404539;-50;-809,27;DIT;5
404719;-3;-76,63;DTM;5
404732;-3;-270,62;DTM;5
408994;-6;-153,06;DTM;5
408994;-8;-204,08;DTM;5
410122;-3;-42.746,61;DIT;5
410122;-3;-42.746,61;DIT;5
800033;-20;-120,63;DTM;5
800033;-7;-42,22;DTM;5
800033;-30;-180,95;DTM;5
800033;-20;-120,63;DTM;5
800033;-13;-78,41;DTM;5
800033;-13;-78,41;DTM;5
800033;-15;-90,47;DTM;5
800054;-60;-1.141,80;DIT;5
800158;-4;-6,96;DTM;5
800223;-10;-12,99;DTM;5
800223;-12;-15,58;DTM;5
800274;-3;-35,55;DTM;5
800294;-3;-25,22;DTM;5
800337;-9;-602,4;DTM;5
800337;-9;-602,4;DTM;5
800337;-9;-602,4;DTM;5
800364;-2;-32,15;DTM;5
800445;-6;-38,69;DTM;5
800654;-3;-454,94;DTM;5
800654;-6;-909,88;DTM;5
800668;-20;-56,82;DIT;5
800763;-6;-52,05;DTM;5
800817;-3;-994,27;DTM;5
800817;-3;-994,27;DTM;5
800817;-6;-1.988,53;DTM;5
800817;-3;-994,27;DTM;5
800822;-6;-137,61;DTM;5
800894;-100;-612,77;DIT;5
800894;-3;-18,38;DTM;5
800894;-6;-36,77;DTM;5
800917;-100;-320,95;DIT;5
800922;-3;-67,08;DTM;5
800959;-10;-1.092,26;DIT;5
800959;-15;-1.638,39;DIT;5
800959;-50;-5.461,29;DIT;5
800959;-25;-2.730,65;DIT;5
800981;-15;-73,22;DTM;5
800981;-15;-73,22;DTM;5
800982;-3;-87,78;DTM;5
801010;-150;-876,79;DIT;5
801064;-4;-10,72;DTM;5
801064;-4;-10,72;DTM;5
801186;-3;-47,22;DTM;5
801215;-5;-50,16;DTM;5
801220;-50;-319,33;DIT;5
801233;-50;-294,26;DIT;5
801272;-33;-134,47;DIT;5
801313;-3;-81,36;DTM;5
801352;-50;-293,98;DIT;5
801375;-100;-574,61;DIT;5
801400;-12;-1.155,14;DIT;5
801400;-60;-5.775,69;DIT;5
801826;-50;-288,1;DIT;5
801826;-50;-288,1;DIT;5
801826;-50;-288,1;DIT;5
400140;-4;-32,4;DTM;5
400140;-12;-97,19;DTM;5
400224;-8;-12.943,03;DIT;5
400224;8;12.943,03;DIT;5
400224;-2;-3.235,76;DTM;5
400224;-1;-1.617,88;DTM;5
400224;-1;-1.617,88;DTM;5
400588;-1;-57,14;DTM;5
400594;-1;-95,38;DTM;5
400594;-3;-286,15;DTM;5
400594;-7;-667,68;DTM;5
400594;-10;-953,82;DTE;5
400594;-50;-4.769,11;DIT;5
400708;-9;-57,06;DTE;5
400790;-2;-42,09;DTM;5
400805;-150;-835,82;DIT;5
400827;-32;-91,73;DTE;5
400851;-3;-67,63;DTM;5
400906;-1;-99,09;DTM;5
400930;-100;-273,17;DIT;5
400930;-20;-54,63;DIT;5
400930;-2;-5,46;DTM;5
400930;-50;-136,58;DIT;5
400930;-6;-16,39;DTM;5
400974;-50;-122,5;DIT;5
401036;-180;-3.872,28;DTE;5
401117;-5;-63,41;DTM;5
401117;-4;-50,73;DTE;5
401117;-8;-101,46;DTM;5
401117;-4;-50,73;DTM;5
401117;-12;-152,18;DTM;5
401117;-6;-76,09;DTM;5
401127;-1;-1.957,13;DTM;5
401127;-13;-25.442,68;DIT;5
401127;13;25.442,68;DIT;5
401131;-6;-78,18;DTM;5
401131;-21;-273,64;DTE;5
401239;-30;-715,37;DIT;5
401252;-1;-3.528,12;DTM;5
401252;-2;-7.056,23;DTM;5
401349;-2;-7.223,85;DTE;5
401349;-2;-7.223,85;DTE;5
401485;-1;-142,76;DTE;5
401566;-1;-22,36;DTM;5
401632;-2.000;-4.420,23;DIT;5
401655;-30;-370,34;DIT;5
401711;-3;-71,77;DTM;5
401711;-3;-71,91;DTE;5
401711;-2;-47,85;DTM;5
401711;-4;-95,7;DTM;5
401711;-6;-143,54;DTM;5
401711;-9;-215,32;DTM;5
401711;-3;-71,77;DTM;5
401711;-3;-71,77;DTM;5
401711;-5;-119,62;DTM;5
401711;-3;-71,77;DTM;5
401711;-3;-71,77;DTM;5
401791;-2.000;-8.886,49;DIT;5
401791;-2.000;-8.886,49;DIT;5
401791;-1.000;-4.443,25;DIT;5
401791;-2.000;-8.886,49;DIT;5
401791;-2.000;-8.886,49;DIT;5
401791;-2.000;-8.886,49;DIT;5
401823;-300;-8.512,20;DIT;5
401823;-5;-141,87;DTE;5
401857;-3;-980,31;DTM;5
401857;-3;-980,31;DTM;5
401857;-3;-980,31;DTM;5
401857;-3;-980,31;DTM;5
401857;-3;-980,31;DTM;5
401857;-3;-980,31;DTM;5
401857;-3;-980,31;DTM;5
401857;-30;-9.803,08;DIT;5
401857;-30;-9.803,08;DIT;5
401857;-3;-980,31;DTM;5
401857;-3;-980,31;DTM;5
401857;-3;-980,31;DTM;5
401857;-3;-980,31;DTM;5
401857;-3;-980,31;DTM;5
401857;-1;-326,77;DTM;5
401857;-3;-980,31;DTM;5
401927;-9;-181,03;DTM;5
401927;-6;-120,69;DTM;5
401959;-2;-371,53;DTM;5
401959;120;22.292,34;DIT;5
401959;-3;-557,29;DTM;5
401959;-2;-371,53;DTM;5
401959;-2;-371,53;DTM;5
401959;-120;-22.291,74;DIT;5
401959;-2;-371,53;DTM;5
401959;-6;-1.114,59;DTM;5
401959;-4;-743,06;DTM;5
401959;-1;-185,76;DTM;5
401959;-1;-185,76;DTM;5
401959;-4;-743,06;DTM;5
402027;-5.000;-6.433,84;DPC;5
402041;-100;-97,57;DIT;5
402081;-40;-3.894,57;DIT;5
402098;-1;-2.992,69;DIT;5
402111;-50;-279,57;DIT;5
402149;-30;-4.341,25;DIT;5
402152;-6;-478,47;DTE;5
402152;-50;-3.987,24;DIT;5
402152;-6;-478,47;DTM;5
402242;-5;-13.430,13;DIT;5
402307;-750;-55.231,36;DPC;5
402312;-10;-145,69;DTE;5
402318;-1.000;-47.091,37;DIT;5
402331;-2;-95,26;DTE;5
402433;-3;-468,2;DTM;5
402433;-3;-468,2;DTM;5
402433;-3;-468,2;DTM;5
402433;-3;-468,2;DTM;5
402433;-3;-468,2;DTM;5
402433;-3;-468,2;DTM;5
402433;-3;-468,2;DTM;5
402433;-3;-468,2;DTM;5
402433;-3;-468,2;DTM;5
402433;-3;-468,2;DTM;5
402433;-3;-468,2;DTM;5
402433;-3;-468,2;DTM;5
402433;-3;-468,2;DTM;5
402433;-3;-468,2;DTM;5
402526;-1;-1.794,50;DTM;5
402533;-1;-2.523,99;DTE;5
402533;-1;-2.523,99;DTM;5
402592;-70;-8.540,00;DIT;5
402624;1;2.320,65;DIT;5
402624;-2;-4.641,29;DTM;5
402824;-162;-9.406,54;DIT;5
402875;-4;-377,54;DIT;5
403121;-1;-9,93;DTE;5
403499;-19.328;-3.559,83;DPC;5
403594;-2.052;-20.604,69;DPC;5
403602;-10.971;-7.584,71;DPC;5
403682;-2.173;-1.846,99;DPC;5
403838;-1.968;-6.037,24;DPC;5
403931;-3;-357,41;DTE;5
404071;-60;-9.852,36;DIT;5
404719;-4;-102,18;DTE;5
404719;-2;-51,09;DTE;5
404719;-2;-51,09;DTE;5
408994;-3;-76,53;DTM;5
800033;-6;-36,19;DTM;5
800033;-15;-90,47;DTM;5
800100;-3;-71,86;DTM;5
800100;-6;-143,73;DTM;5
800100;-6;-143,73;DTM;5
800100;-30;-718,63;DTM;5
800100;-6;-143,73;DTM;5
800100;-3;-71,86;DTM;5
800100;-6;-143,73;DTM;5
800119;-1;-12,82;DTM;5
800119;-1;-12,82;DTM;5
800119;-1;-12,82;DTM;5
800119;-1;-12,82;DTM;5
800119;-2;-25,65;DTM;5
800119;-2;-25,65;DTM;5
800228;-6;-48,14;DTM;5
800337;-9;-602,4;DTM;5
800357;-3;-24,77;DTM;5
800654;-30;-4.549,39;DIT;5
800654;-3;-454,94;DTM;5
800654;-3;-454,94;DTM;5
800654;-3;-454,94;DTM;5
800654;-6;-909,88;DTM;5
800654;-12;0;DTM;5
800654;-6;-909,88;DTM;5
800654;-3;-454,94;DTM;5
800741;-80;-7.691,08;DIT;5
800817;-1;-331,42;DTM;5
800817;-3;-994,27;DTM;5
800817;-3;-994,27;DTM;5
800817;-3;-994,27;DTM;5
800894;-1;-6,13;DTM;5
800959;-30;-3.276,78;DIT;5
801010;-50;-292,26;DIT;5
801087;-40;-486,21;DIT;5
801112;-2;-366,51;DTM;5
801112;-2;-366,51;DTM;5
801112;-1;-183,26;DTM;5
801112;-2;-366,51;DTM;5
801112;-3;-549,77;DTM;5
801112;-4;-733,03;DTM;5
801112;-9;-1.649,31;DTM;5
801114;-50;-291,57;DIT;5
801125;-1;-34,37;DTM;5
801216;-50;-372,39;DIT;5
801220;-50;-319,33;DIT;5
801233;-50;-294,26;DIT;5
801274;-10;-48,9;DTM;5
801303;-50;-295,55;DIT;5
801313;-6;-162,71;DTM;5
801313;-2;-54,24;DTM;5
801352;-50;-293,98;DIT;5
801826;-3;-17,29;DTM;5
801826;-50;-288,1;DIT;5
801834;-150;-874,77;DIT;5
803344;-100;-9.261,48;DIT;5
803368;-3;-88,47;DTM;5
803368;-3;-88,47;DTM;5
803368;-3;-88,47;DTM;5
803368;-3;-88,47;DTM;5
803452;-20;-448,93;DTM;5
805459;-3;-491,86;DTM;5
400011;-2;-209,5;DTE;5
400011;-1;-104,75;DTM;5
400040;-1;-11.931,50;DIT;5
400072;-3;-13.205,58;DIT;5
400072;-3;-13.205,58;DIT;5
400072;-3;-13.205,58;DIT;5
400072;-2;-8.803,72;DIT;5
400072;-5;-22.009,30;DIT;5
400073;-1;-13.761,88;DIT;5
400073;-1;-13.761,88;DIT;5
400073;-1;-13.761,88;DIT;5
400111;-1;-4,65;DIT;5
400111;-1;-4,65;DIT;5
400122;-279;-566,94;DIT;5
400137;-12;-37,81;DIT;5
400137;-24;-75,61;DIT;5
400140;-4;-24,58;DIT;5
400140;-47;-380,65;DIT;5
400140;-16;-129,58;DTM;5
400140;-55;-445,45;DIT;5
400157;-9;-0,1;DIT;5
400157;-3;-0,03;DIT;5
400193;-6;-177,9;DIT;5
400193;-6;-177,9;DIT;5
400193;-84;-2.490,62;DIT;5
400243;-2;-29.874,48;DIT;5
400243;-2;-29.874,48;DIT;5
400288;-1;-16.119,59;DTE;5
400288;-1;-16.119,59;DTE;5
400288;-1;-16.119,59;DTM;5
400288;-3;-48.358,76;DIT;5
400288;-2;-32.239,18;DIT;5
400307;-8;-50,75;DTM;5
400307;-1;-6,34;DIT;5
400307;-1;-6,34;DIT;5
400318;-3;-40,8;DIT;5
400318;-4;-54,4;DIT;5
400344;-3;-112,96;DIT;5
400366;-6;-69,71;DTM;5
400366;-135;-1.568,50;DIT;5
400366;-4;-46,47;DTM;5
400375;-2;-14,42;DTE;5
400375;-25;-180,22;DIT;5
400375;-23;-165,8;DIT;5
400442;-1.000;-4.656,45;DIT;5
400487;-92;-5.041,30;DTM;5
400506;-5;-50,32;DTE;5
400506;-3;-30,19;DTM;5
400545;-6;-97,19;DIT;5
400594;-7;-667,68;DIT;5
400594;-7;-667,68;DTE;5
400594;-7;-667,68;DTM;5
400594;-22;-2.098,41;DIT;5
400594;-3;-286,15;DTM;5
400594;-88;-8.393,63;DIT;5
400603;-1.431,50;-40.544,46;DIT;5
400655;-6;-256,69;DTE;5
400665;-6;-142,1;DTE;5
400665;-6;-142,1;DTM;5
400673;-139;-192,71;DIT;5
400673;-200;-277,28;DIT;5
400673;-861;-1.193,69;DIT;5
400673;-6;-8,32;DTM;5
400673;-10;-13,86;DTM;5
400708;-9;-57,06;DTE;5
400708;-487;-3.087,46;DTM;5
400790;-8;-168,35;DTM;5
400790;-8;-168,35;DTE;5
400790;-2;-42,09;DTM;5
400791;-6;-195,64;DTM;5
400809;-6;-9,76;DTE;5
400813;-6;-10,48;DTE;5
400813;-8;-13,98;DIT;5
400813;-40;-69,88;DTM;5
400813;-60;-104,82;DTM;5
400813;-3;-5,24;DTM;5
400827;-86;-246,51;DIT;5
400827;-95;-272,31;DIT;5
400827;-16;-40,52;DTE;5
400828;-8;-278,34;DIT;5
400906;-4;-396,35;DTE;5
400906;-4;-396,35;DTM;5
400906;-1;-99,09;DTM;5
400930;-416;-1.136,39;DIT;5
400930;-20;-54,63;DIT;5
400930;-4;-10,93;DTE;5
400930;-4;-10,93;DTM;5
400930;-22;-60,1;DIT;5
400942;-18;-84,24;DIT;5
400955;-6;-25,26;DIT;5
400968;-5;-9.769,18;DIT;5
400968;-5;-9.769,18;DIT;5
400968;-5;-9.769,18;DIT;5
400974;-16;-39,2;DIT;5
400974;-326;-798,69;DIT;5
400974;-4;-9,8;DTE;5
400974;-4;-9,8;DTM;5
400974;-16;-39,2;DIT;5
401105;-114;-365,69;DIT;5
401108;-12;-28,07;DTM;5
401116;-144;-5.262,74;DIT;5
401116;-6;-219,28;DTM;5
401116;-6;-219,28;DIT;5
401116;-9;-328,92;DIT;5
401117;-22;-279,01;DIT;5
401117;-20;-253,64;DIT;5
401117;-25;-317,05;DIT;5
401117;-416;-5.275,75;DIT;5
401117;-4;-50,73;DTM;5
401117;-4;-50,73;DTE;5
401131;-56;-729,71;DIT;5
401131;-64;-833,96;DIT;5
401131;-1;-13,03;DTM;5
401131;-21;-273,64;DTM;5
401131;-199;-2.593,08;DIT;5
401131;-6;-78,18;DTE;5
401193;-2;-14.267,22;DIT;5
401193;-3;-21.400,82;DIT;5
401193;-3;-21.400,83;DIT;5
401193;-2;-14.267,22;DIT;5
401239;-5;-119,23;DIT;5
401239;-3;-71,54;DTE;5
401239;-3;-71,54;DTM;5
401239;-5;-119,23;DIT;5
401239;-132;-3.147,65;DIT;5
401252;-1;-3.528,12;DTM;5
401252;-1;-3.528,12;DTM;5
401264;-210;-5.578,06;DIT;5
401264;-12;-318,75;DIT;5
401318;-5;-11.792,65;DIT;5
401318;-5;-11.792,65;DIT;5
401318;-5;-11.792,65;DIT;5
401324;-2;-22.395,24;DIT;5
401360;-5;-8.303,49;DIT;5
401360;-5;-8.303,49;DIT;5
401360;-5;-8.303,49;DIT;5
401360;-5;-8.303,49;DIT;5
401360;-5;-8.303,49;DIT;5
401360;-2;-3.321,40;DTM;5
401375;-1;-185,95;DTE;5
401435;-6;-25,9;DIT;5
401435;-3;-12,95;DIT;5
401435;-3;-12,95;DIT;5
401449;-3;-13,01;DIT;5
401451;-15;-354,69;DIT;5
401485;-3;-428,29;DTM;5
401489;-3;-17,44;DTE;5
401500;-2;-26,73;DTE;5
401505;-3;-293,53;DIT;5
401505;-3;-293,53;DIT;5
401566;-2;-44,72;DTM;5
401566;-4;-89,45;DTE;5
401566;-2;-44,72;DTM;5
401608;-6;-302,53;DTE;5
401620;-21;-61,11;DIT;5
401620;-23;-66,93;DIT;5
401632;-10.000;-22.101,12;DCR;5
401683;-1;-187,82;DTM;5
401709;-6;-1.050,19;DIT;5
401711;-18;-430,63;DIT;5
401711;-12;-287,09;DIT;5
401753;-12;-85,93;DTM;5
401791;-2.000;-8.886,49;DIT;5
401791;-2.000;-8.886,49;DIT;5
401791;-2.000;-8.886,49;DIT;5
401791;-2.000;-8.886,49;DIT;5
401791;-2.000;-8.886,49;DIT;5
401791;-2.000;-8.886,49;DIT;5
401791;-2.000;-8.886,49;DIT;5
401823;-88;-2.496,91;DTM;5
401823;-6;-170,24;DIT;5
401823;-6;-170,24;DIT;5
401834;-6;-70,16;DIT;5
401857;-6;-1.987,07;DIT;5
401857;-3;-993,53;DTE;5
401857;-3;-993,53;DIT;5
401870;-4;-4,06;DTE;5
401927;-24;-482,75;DIT;5
401927;-6;-120,69;DTM;5
401937;-1;-3,38;DIT;5
401937;-1;-3,38;DTE;5
401937;-1;-3,38;DIT;5
402081;-6;-584,19;DTM;5
402111;-67;-374,63;DIT;5
402127;-6;-26,4;DTE;5
402127;-6;-26,4;DTM;5
402127;-12;-52,81;DIT;5
402152;-6;-478,47;DTE;5
402152;-6;-478,47;DIT;5
402152;-6;-478,47;DIT;5
402152;-50;-3.987,24;DIT;5
402191;-36;-48,01;DIT;5
402242;-10;-26.871,27;DIT;5
402242;-5;-13.435,63;DIT;5
402242;-10;-26.871,27;DIT;5
402242;-10;-26.871,27;DIT;5
402242;-1;-2.687,13;DTM;5
402242;-5;-13.435,63;DIT;5
402242;-15;-40.306,90;DIT;5
402265;-3;-17,41;DIT;5
402265;-3;-17,41;DIT;5
402287;-43;-468,29;DIT;5
402287;-55;-598,98;DIT;5
402296;-6;-75,16;DIT;5
402296;-144;-1.803,74;DIT;5
402296;-9;-112,73;DIT;5
402296;-6;-75,16;DTM;5
402296;-50;-626,3;DIT;5
402307;-45;-3.313,88;DIT;5
402307;-100;-7.364,18;DIT;5
402307;-44;-3.240,24;DTM;5
402307;-60;-4.418,51;DTM;5
402307;-80;-5.891,35;DIT;5
402312;-2;-29,14;DTE;5
402312;-2;-29,14;DIT;5
402318;-162;-7.628,80;DIT;5
402318;-156;-7.346,25;DIT;5
402318;-137;-6.451,52;DTE;5
402324;-6;-32,65;DIT;5
402397;-93;-2.693,15;DTM;5
402401;-9;-250,23;DTM;5
402401;-6;-166,82;DIT;5
402404;-69;-626,41;DIT;5
402433;-3;-468,2;DTE;5
402433;-3;-468,2;DIT;5
402433;-6;-936,4;DIT;5
402433;-3;-468,2;DIT;5
402448;-11;-328,55;DTM;5
402587;-1;-29,69;DTE;5
402592;-200;-24.400,00;DCR;5
402701;-3;-1.050,57;DTM;5
402824;-300;-17.419,51;DCR;5
402866;-1;-75.083,07;DTM;5
403121;-1;-9,93;DTE;5
403121;-1;-9,93;DTM;5
403182;-38;-8.102,54;DIT;5
403209;-70;-404,1;DCR;5
403390;-100;-865,63;DCR;5
403499;-4.000;-736,72;DCR;5
403499;-1.200;-221,02;DCR;5
403513;-100;-498,53;DIT;5
403602;-4.000;-2.765,37;DCR;5
403602;-1.000;-691,34;DCR;5
403602;-6;-4,15;DTE;5
403675;-30;-312,72;DCR;5
403804;-3;-20,5;DIT;5
403804;-3;-20,5;DIT;5
403838;-120;-368,12;DCR;5
404084;-12;-269,29;DTM;5
404084;-4;-89,16;DIT;5
404732;-3;-273,64;DTM;5
404740;-3;-231,12;DTM;5
404832;-662;-4.328,53;DIT;5
404985;-300;-39;DCR;5
408994;-9;-229,59;DTM;5
408994;-6;-152,84;DIT;5
409376;-20;-1.266,21;DCR;5
410122;-2;-29.626,37;DIT;5
800054;-88;-1.674,64;DIT;5
800054;-18;-342,54;DIT;5
800054;-8;-152,24;DIT;5
800256;-3;-438,42;DIT;5
800417;-1;-46,42;DIT;5
800417;-1;-46,42;DIT;5
800763;-100;-867,49;DIT;5
800817;-30;-9.419,86;DIT;5
800889;-21;-416,5;DIT;5
800889;-34;-674,33;DIT;5
800889;-100;-1.983,33;DIT;5
801077;-6;-70,5;DIT;5
801157;-400;-773,63;DIT;5
801186;-4;-62,95;DIT;5
801186;-61;-960,05;DIT;5
801215;-3;-30,1;DIT;5
801215;-3;-30,1;DIT;5
801256;-6;-754,79;DIT;5
801313;-18;-488,13;DIT;5
801316;-19;-455,4;DIT;5
801400;-44;-4.235,51;DIT;5
801400;-9;-866,35;DIT;5
801400;-4;-385,05;DIT;5
801400;-50;-4.813,08;DIT;5
804050;-60;-972;DIT;5
805374;-300;-5.969,47;DTM;5
400011;-2;-209,5;DTE;5
400111;-1;-4,36;DIT;5
400111;-100;-436,29;DIT;5
400137;-24;-75,61;DIT;5
400140;-47;-288,85;DIT;5
400140;-8;-49,17;DTM;5
400140;-3;-18,44;DTM;5
400140;-2;-12,29;DTM;5
400140;-8;-49,17;DTM;5
400140;-12;-73,75;DTM;5
400140;-4;-24,58;DTM;5
400140;-3;-18,44;DTE;5
400192;-20;-289,95;DIT;5
400192;-2;-29;DTE;5
400192;-1;-14,5;DTE;5
400193;-5;-148,25;DTE;5
400193;-4;-118,6;DTE;5
400193;-6;-177,9;DIT;5
400288;-1;-16.119,59;DTE;5
400292;-33;-13.485,15;DPC;5
400307;-1;-6,34;DIT;5
400318;-3;-40,8;DIT;5
400318;-4;-54,4;DIT;5
400359;-9;-182,48;DTM;5
400359;-10;-202,75;DTM;5
400359;-8;-162,2;DTM;5
400359;-6;-121,65;DTM;5
400359;-4;-81,1;DTM;5
400359;-2;-40,55;DTM;5
400359;-4;-81,1;DTM;5
400359;-4;-81,1;DTM;5
400359;-12;-243,31;DTM;5
400366;-3;-34,86;DTM;5
400366;-3;-34,86;DTM;5
400366;-4;-46,47;DTM;5
400366;-4;-46,47;DTM;5
400366;-6;-69,71;DTM;5
400366;-6;-69,71;DTM;5
400366;-4;-46,47;DTM;5
400375;-1;-7,21;DTM;5
400375;-2;-14,42;DTM;5
400375;-12;-86,51;DTM;5
400375;-3;-21,63;DTM;5
400375;-10;-72,09;DIT;5
400375;-50;-360,44;DIT;5
400375;-3;-21,63;DTM;5
400375;-3;-21,63;DTM;5
400375;-2;-14,42;DTM;5
400375;-25;-180,22;DIT;5
400375;-9;-64,88;DTM;5
400375;-1;-7,21;DTM;5
400442;-20;-93,13;DTM;5
400446;-1;-39,62;DTM;5
400446;-6;-237,75;DTM;5
400460;-250;-6.842,89;DTM;5
400460;-1;-27,37;DTM;5
400484;-2;-31,96;DTM;5
400484;-2;-31,96;DTM;5
400484;-15;-239,7;DTM;5
400487;-120;-6.575,61;DTM;5
400487;-176;-9.644,23;DTM;5
400487;-180;-9.863,42;DTM;5
400487;-220;-12.055,29;DTM;5
400506;-3;-30,19;DTM;5
400506;-5;-50,32;DTE;5
400506;-5;-50,32;DTE;5
400506;-3;-30,19;DTM;5
400506;-1;-10,06;DTM;5
400506;-6;-60,39;DTM;5
400506;-3;-30,19;DTM;5
400506;-3;-30,19;DTM;5
400506;-3;-30,19;DTM;5
400506;-3;-30,19;DIT;5
400506;-2;-20,13;DTM;5
400506;-2;-20,13;DTM;5
400506;-3;-30,19;DTM;5
400506;-3;-30,19;DTM;5
400506;-3;-30,19;DTM;5
400506;-3;-30,19;DTM;5
400506;-3;-30,19;DTM;5
400506;-3;-30,19;DTM;5
400506;-2;-20,13;DTM;5
400506;-2;-20,13;DTM;5
400506;-3;-30,19;DTM;5
400506;-2;-20,13;DTM;5
400532;-2;-5,31;DTE;5
400594;-7;-667,68;DTE;5
400594;-7;-667,68;DTE;5
400594;-4;-381,53;DIT;5
400594;-22;-2.098,41;DIT;5
400665;-5;-118,42;DTE;5
400665;-6;-142,1;DTE;5
400673;-3;-4,16;DTM;5
400673;-40;-55,46;DTM;5
400673;-9;-12,48;DTM;5
400673;-14;-19,41;DTM;5
400673;-45;-62,39;DTM;5
400673;-5;-6,93;DTM;5
400708;-15;-95,1;DTM;5
400708;-15;-95,1;DTM;5
400708;-10;-63,4;DTM;5
400708;-9;-57,06;DTE;5
400708;-12;-76,08;DTM;5
400708;-10;-63,4;DTM;5
400708;-12;-76,08;DTE;5
400708;-989;-6.270,01;DTE;5
400708;-3;-19,02;DTE;5
400708;-1;-6,34;DTE;5
400708;-15;-95,1;DTM;5
400708;-18;-114,12;DTE;5
400708;-15;-95,1;DTM;5
400708;-639;-4.051,10;DTE;5
400708;-15;-95,1;DTM;5
400708;-18;-114,12;DTE;5
400708;-54;-342,35;DTE;5
400708;-10;-63,4;DTM;5
400708;-9;-57,06;DTE;5
400708;-9;-57,06;DTE;5
400708;-22;-139,47;DTE;5
400708;-22;-139,47;DTE;5
400708;-15;-95,1;DTM;5
400708;-9;-57,06;DTE;5
400708;-2;-12,68;DTE;5
400708;-15;-95,1;DTM;5
400708;-9;-57,06;DTE;5
400708;-95;-602,28;DTE;5
400708;-15;-95,1;DTM;5
400708;-22;-139,47;DTE;5
400708;-45;-285,29;DTE;5
400708;-6;-38,04;DTE;5
400708;-80;-507,18;DTM;5
400790;-3;-63,13;DIT;5
400790;-8;-168,35;DTE;5
400790;-8;-168,35;DTE;5
400805;-3;-16,72;DTE;5
400809;-4;-6,51;DTE;5
400813;-3;-5,24;DTE;5
400813;-6;-10,48;DTM;5
400827;-52;-119,61;DTE;5
400827;-92;-211,62;DIT;5
400827;-50;-115,01;DIT;5
400827;-40;-92,01;DTE;5
400828;-6;-208,76;DTM;5
400828;-9;-313,13;DTM;5
400851;-1;-22,54;DTM;5
400851;-8;-180,35;DTM;5
400855;-8;-153,14;DTM;5
400906;-4;-396,35;DTE;5
400906;-9;-891,78;DIT;5
400908;-2;-177,95;DTM;5
400930;-8;-21,85;DTE;5
400930;-12;-32,78;DTE;5
400930;-8;-21,85;DTM;5
400930;-4;-10,93;DTM;5
400930;-8;-21,85;DTM;5
400930;-4;-10,93;DTM;5
400930;-4;-10,93;DTM;5
400930;-6;-16,39;DTM;5
400930;-6;-16,39;DTM;5
400930;-4;-10,93;DTM;5
400930;-4;-10,93;DTM;5
400930;-4;-10,93;DTM;5
400930;-4;-10,93;DTM;5
400930;-4;-10,93;DTM;5
400930;-6;-16,39;DTM;5
400930;-6;-16,39;DTM;5
400930;-2;-5,46;DTM;5
400930;-4;-10,93;DTM;5
400930;-8;-21,85;DTM;5
400930;-24;-65,56;DTM;5
400930;-8;-21,85;DTM;5
400930;-4;-10,93;DTM;5
400930;-16;-43,71;DTM;5
400930;-4;-10,93;DTM;5
400930;-4;-10,93;DTM;5
400930;-4;-10,93;DTM;5
400930;-4;-10,93;DTM;5
400930;-4;-10,93;DTM;5
400930;-4;-10,93;DTM;5
400930;-4;-10,93;DTM;5
400930;-26;-71,02;DIT;5
400930;-4;-10,93;DTM;5
400942;-4;-18,72;DTE;5
400955;-2;-8,42;DTM;5
400955;-10;-42,09;DTM;5
400955;-2;-8,42;DTM;5
400974;-16;-39,2;DIT;5
400974;-3;-7,35;DTM;5
400974;-24;-58,8;DTM;5
400974;-16;-39,2;DTM;5
400974;-10;-24,5;DTE;5
400974;-30;-73,5;DIT;5
400974;-9;-22,05;DTM;5
400974;-10;-24,5;DTE;5
401102;-12;-15,97;DTM;5
401116;-4;-146,19;DTE;5
401116;-9;-328,92;DIT;5
401116;-9;-328,92;DTE;5
401116;-100;-3.654,68;DIT;5
401116;-27;-986,76;DTM;5
401116;-6;-219,28;DTM;5
401117;-26;-329,73;DIT;5
401117;-20;-253,64;DIT;5
401117;-12;-152,18;DTE;5
401117;-8;-101,46;DTE;5
401131;-2;-26,06;DTM;5
401131;-3;-39,09;DTM;5
401131;-5;-65,15;DTM;5
401131;-3;-39,09;DTM;5
401131;-6;-78,18;DTM;5
401131;-20;-260,61;DTM;5
401131;-4;-52,12;DTM;5
401131;-4;-52,12;DTM;5
401131;-100;-1.303,06;DIT;5
401131;-6;-78,18;DTM;5
401131;-4;-52,12;DTM;5
401131;-1;-13,03;DTM;5
401131;-2;-26,06;DTM;5
401131;-10;-130,31;DTM;5
401131;-2;-26,06;DTM;5
401131;-8;-104,24;DTM;5
401131;-2;-26,06;DTM;5
401131;-3;-39,09;DTM;5
401131;-20;-260,61;DTM;5
401131;-4;-52,12;DTM;5
401131;-25;-325,76;DTE;5
401131;-9;-117,28;DTE;5
401131;-10;-130,31;DTM;5
401131;-6;-78,18;DTM;5
401131;-3;-39,09;DTM;5
401131;-3;-39,09;DTM;5
401131;-2;-26,06;DTM;5
401131;-5;-65,15;DTM;5
401131;-2;-26,06;DTM;5
401131;-2;-26,06;DTM;5
401131;-10;-130,31;DTM;5
401131;-1;-13,03;DTM;5
401131;-5;-65,15;DTM;5
401131;-4;-52,12;DTM;5
401131;-5;-65,15;DTM;5
401131;-14;-182,43;DTM;5
401131;-26;-338,79;DIT;5
401131;-3;-39,09;DTM;5
401131;-9;-117,28;DTM;5
401131;-2;-26,06;DTM;5
401131;-1;-13,03;DTM;5
401131;-12;-156,37;DTM;5
401131;-5;-65,15;DTM;5
401131;-4;-52,12;DTM;5
401131;-6;-78,18;DTM;5
401131;-2;-26,06;DTM;5
401131;-10;-130,31;DTM;5
401131;-10;-130,31;DTM;5
401131;-3;-39,09;DTM;5
401131;-6;-78,18;DTM;5
401131;-2;-26,06;DTM;5
401131;-2;-26,06;DTM;5
401131;-4;-52,12;DTM;5
401131;-10;-130,31;DTM;5
401131;-5;-65,15;DTM;5
401131;-3;-39,09;DTM;5
401131;-30;-390,92;DIT;5
401131;-60;-781,83;DIT;5
401239;-5;-109,43;DIT;5
401239;-4;-87,55;DTE;5
401239;-3;-65,66;DTE;5
401264;-12;-318,75;DTE;5
401264;-24;-637,49;DIT;5
401435;-1;-4,32;DTM;5
401435;-1;-4,32;DTE;5
401435;-9;-38,84;DIT;5
401471;-3;-100,29;DTE;5
401471;-12;-401,15;DTM;5
401485;-3;-428,29;DTE;5
401500;-1;-13,37;DTE;5
401505;-3;-293,53;DIT;5
401566;-34;-760,29;DIT;5
401566;-4;-89,45;DTE;5
401566;-2;-44,72;DTE;5
401574;-4;-76,03;DTE;5
401608;-3;-151,26;DTE;5
401620;-15;-43,65;DIT;5
401620;-21;-61,11;DIT;5
401632;-1.000;-2.210,11;DIT;5
401683;-2;-375,65;DTM;5
401711;-12;-287,09;DTE;5
401753;-1;-7,16;DTM;5
401753;-1;-7,16;DTM;5
401753;-6;-42,97;DTM;5
401753;-50;-358,04;DIT;5
401753;-3;-21,48;DTM;5
401791;-2.000;-8.886,49;DIT;5
401823;-6;-170,24;DIT;5
401823;-58;-1.645,69;DTE;5
401823;-10;-283,74;DTM;5
401823;-32;-907,97;DTM;5
401823;-17;-482,36;DTM;5
401823;-3;-85,12;DTM;5
401823;-17;-482,36;DTM;5
401823;-162;-4.596,59;DIT;5
401834;-1;-11,69;DTE;5
401857;-3;-993,53;DIT;5
401857;-3;-993,53;DTM;5
401857;-3;-993,53;DTE;5
401857;-6;-1.987,07;DIT;5
401857;-3;-993,53;DTM;5
401870;-6;-6,1;DTE;5
401870;-2;-2,03;DTE;5
401916;-6;-18,5;DTM;5
401937;-1;-3,29;DTE;5
401937;-9;-29,57;DTE;5
401937;-1;-3,29;DIT;5
401959;-2;-371,53;DTE;5
401959;-4;-743,06;DTE;5
401959;-6;-1.114,59;DTE;5
401959;-8;-1.486,12;DTE;5
401959;-3;-557,29;DTE;5
401959;-2;-371,53;DTE;5
401959;-2;-371,53;DTE;5
401959;-2;-371,53;DTE;5
401959;-2;-371,53;DTE;5
402026;-2;-49,02;DTM;5
402065;-1;-15,75;DTM;5
402081;-6;-584,19;DTM;5
402081;-6;-584,19;DTM;5
402106;-4;-294,34;DTE;5
402127;-2;-8,8;DTM;5
402127;-2;-8,8;DTM;5
402127;-4;-17,6;DTM;5
402127;-6;-26,4;DTE;5
402127;-12;-52,81;DTM;5
402127;-18;-79,21;DTM;5
402152;-20;-1.594,90;DIT;5
402152;-6;-478,47;DTE;5
402152;-2;-159,49;DTE;5
402152;-6;-478,47;DIT;5
402265;-3;-17,41;DIT;5
402287;-43;-468,29;DIT;5
402287;-3;-32,67;DTM;5
402287;-2;-21,78;DTM;5
402287;-3;-32,67;DTE;5
402296;-4;-50,1;DTE;5
402296;-8;-100,21;DTE;5
402296;-6;-75,16;DTM;5
402296;-9;-112,73;DIT;5
402296;-30;-375,78;DTM;5
402296;-12;-150,31;DTM;5
402296;-6;-75,16;DTM;5
402307;-16;-1.178,27;DTM;5
402307;-8;-589,13;DTM;5
402307;-48;-3.534,81;DTM;5
402307;-44;-3.240,24;DTM;5
402307;-20;-1.472,84;DTM;5
402307;-84;-6.185,91;DIT;5
402307;-56;-4.123,94;DIT;5
402312;-12;-174,83;DTE;5
402312;-4;-58,28;DIT;5
402312;-2;-29,14;DTE;5
402318;-162;-7.628,80;DIT;5
402318;-207;-9.747,91;DIT;5
402318;-10;-470,91;DIT;5
402318;-32;-1.506,92;DIT;5
402373;-4;-43,21;DTE;5
402397;-2;-57,92;DTM;5
402397;-17;-492,3;DTM;5
402397;-200;-5.791,73;DIT;5
402401;-3;-83,41;DTM;5
402401;-6;-166,82;DTM;5
402401;-9;-250,23;DTM;5
402401;-12;-333,64;DTM;5
402401;-3;-83,41;DTM;5
402401;-9;-250,23;DTE;5
402401;-9;-250,23;DTM;5
402401;-3;-83,41;DTM;5
402401;-3;-83,41;DTM;5
402401;-3;-83,41;DTM;5
402401;-15;-417,05;DTM;5
402401;-9;-250,23;DTM;5
402401;-3;-83,41;DTM;5
402401;-3;-83,41;DTM;5
402401;-3;-83,41;DTM;5
402433;-3;-468,2;DIT;5
402433;-3;-468,2;DTE;5
402587;-1;-29,69;DTE;5
402587;-3;-89,07;DTE;5
402587;-1;-29,69;DTM;5
402592;-30;-3.660,00;DIT;5
402824;-30;-1.741,95;DIT;5
402847;-2;-2.182,19;DTM;5
402847;-1;-1.091,09;DTM;5
403121;-2;-19,87;DTE;5
403121;-1;-9,93;DTE;5
403182;-6;-1.279,35;DTM;5
403182;-6;-1.279,35;DTM;5
403804;-3;-20,5;DIT;5
403804;-9;-61,5;DTE;5
404071;-6;-985,24;DTM;5
404071;-3;-492,62;DTM;5
404071;-6;-985,24;DTM;5
404084;-43;-958,46;DTE;5
404232;-10;-4.626,94;DPM;5
404732;-150;0;DTM;5
404732;-80;-7.297,17;DPC;5
404732;-9;-820,93;DTM;5
404732;-24;-2.189,15;DTM;5
404740;-3;-231,12;DTE;5
404741;-5;-344,35;DTE;5
405382;-1;-1.903,46;DIT;5
405382;-1;-1.903,46;DIT;5
405382;-1;-1.903,46;DIT;5
405382;-1;-1.903,46;DIT;5
405382;-1;-1.903,46;DIT;5
405473;-6;-804,01;DTM;5
405473;-6;-804,01;DTM;5
405473;-6;-804,01;DTM;5
408994;-9;-229,26;DTE;5
408995;-30;-789,43;DTE;5
408995;-3;-78,94;DTE;5
410257;-80;-1.122,40;DPM;5
800031;-1;-27,12;DTM;5
800031;-1;-27,12;DTM;5
800158;-10;-17,39;DTM;5
800158;-3;-5,22;DTM;5
800158;-3;-5,22;DTM;5
800158;-10;-17,39;DTM;5
800417;-1;-46,42;DIT;5
800569;-50;-7.741,51;DIT;5
800682;-125,5;-3.585,20;DIT;5
800682;-3;-85,7;DTM;5
800682;-2;-57,13;DTM;5
800763;-3;-26,02;DTM;5
800763;-8;-69,4;DTM;5
800763;-8;-69,4;DTM;5
800763;-10;-86,75;DTM;5
800763;-3;-26,02;DTM;5
800763;-6;-52,05;DTM;5
800763;-6;-52,05;DTM;5
800889;-19;-376,83;DIT;5
800981;-22;-107,39;DTM;5
801079;-1;-28,93;DTM;5
801112;-50;-9.162,82;DIT;5
801112;-50;-9.162,82;DIT;5
801112;-50;-9.162,82;DIT;5
801112;-50;-9.162,82;DIT;5
801272;-100;-407,49;DIT;5
801274;-30;-146,71;DTM;5
801274;-10;-48,9;DTM;5
801274;-10;-48,9;DTM;5
801311;-50;-1.508,99;DIT;5
802911;-50;-247;DTM;5
803344;-350;0;DTM;5
803907;-6;-573,32;DTM;5
803907;-6;-573,32;DTM;5
803907;-3;-286,66;DTM;5
804421;-100;-2.540,83;DIT;5
120170;-1;-52,3;DAS;5
400137;-9;-28,36;DIT;5
400140;-1;-6,15;DTE;5
400140;-100;-614,58;DIT;5
400140;-200;-1.229,17;DIT;5
400140;-36;-221,25;DTE;5
400140;-19;-116,77;DIT;5
400140;-200;-1.229,17;DIT;5
400142;-3;-174,85;DIT;5
400193;-3;-88,95;DTE;5
400193;-6;-177,9;DTE;5
400193;-3;-88,95;DIT;5
400224;-3;0;DTM;5
400318;-100;-1.360,00;DIT;5
400375;-100;-720,88;DIT;5
400375;-50;-360,44;DIT;5
400375;-100;-720,88;DIT;5
400375;-100;-720,88;DIT;5
400460;-1.000;-27.371,56;DIT;5
400460;-250;-6.842,89;DIT;5
400460;-1.000;-27.371,56;DIT;5
400460;-1.000;-27.371,56;DIT;5
400460;-1.000;-27.371,56;DIT;5
400487;-500;-27.398,38;DIT;5
400506;-3;-30,19;DIT;5
400518;-3;-28,3;DTE;5
400594;-20;-1.907,64;DIT;5
400594;-16;-1.526,11;DIT;5
400594;-7;-667,68;DTM;5
400665;-6;-142,1;DTE;5
400790;-2;-42,09;DTE;5
400790;-14;-294,62;DIT;5
400790;-200;-4.208,86;DIT;5
400790;-200;-4.208,86;DIT;5
400790;-8;-168,35;DTM;5
400805;-3;-16,72;DIT;5
400813;-500;-873,47;DIT;5
400827;-200;-460,04;DIT;5
400827;-57;-131,11;DTE;5
400827;-19;-43,7;DTE;5
400880;-10;-19,07;DIT;5
400906;-1;-99,09;DTE;5
400906;-7;-693,61;DIT;5
400906;-4;-396,35;DTM;5
400906;-50;-4.954,34;DIT;5
400906;-50;-4.954,34;DIT;5
400906;-50;-4.954,34;DIT;5
400908;-6;-533,86;DTE;5
400908;-100;-8.897,62;DIT;5
400930;-100;-273,17;DIT;5
400930;-100;-273,17;DIT;5
400930;-14;-38,24;DIT;5
400930;-100;-273,17;DIT;5
400930;-4;-10,93;DTE;5
400930;-30;-81,95;DIT;5
400930;-100;-273,17;DIT;5
400955;-6;-25,26;DTE;5
400968;-2;0;DTM;5
400974;-12;-29,4;DTE;5
400974;-6;-14,7;DTE;5
400974;-10;-24,5;DIT;5
400974;-100;-245;DIT;5
401108;-6;-14,03;DTE;5
401116;-100;-3.654,68;DIT;5
401116;-6;-219,28;DIT;5
401116;-9;-328,92;DTE;5
401116;-3;-109,64;DTE;5
401116;-100;-3.654,68;DIT;5
401117;-50;-634,1;DIT;5
401117;-4;-50,73;DTE;5
401117;-4;-50,73;DTM;5
401117;-14;-177,55;DIT;5
401127;-3;0;DTM;5
401131;-200;-2.606,11;DIT;5
401131;-100;-1.303,06;DIT;5
401131;-50;-651,53;DIT;5
401131;-300;-3.909,17;DIT;5
401131;-28;-364,86;DTE;5
401131;-200;-2.606,12;DIT;5
401131;-11;-143,34;DTE;5
401131;-32;-416,98;DIT;5
401131;-30;-390,92;DIT;5
401234;-2;-12,93;DIT;5
401239;-4;-87,55;DIT;5
401239;-100;-2.188,65;DIT;5
401239;-3;-65,66;DTM;5
401239;-200;-4.377,30;DIT;5
401239;-300;-6.565,95;DIT;5
401239;-100;-2.188,65;DIT;5
401264;-9;-239,06;DTE;5
401264;-9;-239,06;DIT;5
401435;-13;-56,11;DIT;5
401435;-50;-215,81;DIT;5
401435;-100;-431,61;DIT;5
401435;-100;-431,61;DIT;5
401451;-300;-7.093,81;DIT;5
401505;-100;-9.784,35;DIT;5
401566;-100;-1.863,02;DIT;5
401566;-100;-1.797,64;DIT;5
401566;-1;-22,36;DTE;5
401566;-100;-1.863,02;DIT;5
401568;-1;-1,24;DTE;5
401620;-8;-23,28;DIT;5
401632;-2.000;-4.420,23;DIT;5
401632;-1.000;-2.210,11;DIT;5
401711;-9;-215,32;DIT;5
401753;-9;-64,45;DTE;5
401753;-50;-358,04;DIT;5
401753;-2;-14,32;DIT;5
401753;-100;-716,09;DIT;5
401753;-24;-171,86;DIT;5
401753;-100;-716,09;DIT;5
401753;-100;-716,09;DIT;5
401763;-50;-1.878,45;DIT;5
401791;-300;-1.332,97;DIT;5
401823;-500;-14.187,00;DIT;5
401823;-500;-14.187,00;DIT;5
401834;-7;-81,85;DIT;5
401834;-100;-1.169,28;DIT;5
401834;-3;-35,08;DTE;5
401834;-100;-1.169,28;DIT;5
401857;-30;-9.935,33;DIT;5
401857;-30;-9.935,33;DIT;5
401857;-3;-993,53;DIT;5
401857;-50;-16.558,88;DIT;5
401870;-6;-6,1;DTE;5
401937;-7;-23;DTE;5
402027;-4.000;-5.147,07;DPC;5
402041;-84;-81,96;DIT;5
402152;-12;-956,94;DIT;5
402152;-10;-797,45;DIT;5
402152;-150;-11.961,73;DIT;5
402242;-2;0;DTM;5
402287;-1;-10,89;DTE;5
402287;-30;-326,72;DIT;5
402287;-200;-2.178,11;DPC;5
402287;-19;-206,92;DIT;5
402296;-9;-112,73;DTE;5
402296;-3;-37,58;DTE;5
402296;-6;-75,16;DIT;5
402307;-64;-4.713,08;DIT;5
402307;-10;-736,42;DTE;5
402307;-400;-29.456,73;DPC;5
402312;-4;-58,28;DTE;5
402312;-5;-72,84;DTE;5
402312;-4;-58,28;DIT;5
402318;-100;-4.709,14;DIT;5
402318;-31;-1.459,83;DIT;5
402318;-330;-15.540,15;DIT;5
402318;-1.000;-47.091,37;DIT;5
402318;-189;-8.900,27;DIT;5
402324;-20;0;DTM;5
402397;-1.000;-28.958,64;DIT;5
402397;-100;-2.895,86;DIT;5
402397;-1.000;-28.958,64;DIT;5
402401;-9;-250,23;DTE;5
402433;-50;-7.803,30;DIT;5
402433;-3;-468,2;DTM;5
402433;-3;-468,2;DIT;5
402433;-50;-7.803,30;DIT;5
402433;-50;-7.803,30;DIT;5
402490;-3;-992,58;DTE;5
402587;-1;-29,69;DTE;5
402592;-84;-10.248,00;DIT;5
402592;-50;-6.100,00;DIT;5
402592;-50;-6.100,00;DIT;5
402672;-1;-23,11;DTE;5
402824;-100;-5.806,50;DIT;5
402824;-144;-8.361,37;DIT;5
402824;-150;-8.709,76;DIT;5
402824;-100;-5.806,50;DIT;5
402847;-2;0;DTM;5
403121;-50;-496,67;DIT;5
403121;-1;-9,93;DTE;5
403390;-242;-2.094,82;DPC;5
403499;-5.000;-920,9;DPC;5
403594;-400;-4.016,51;DPC;5
403602;-10.000;-6.913,42;DPC;5
403641;-200;-2.063,49;DPC;5
403804;-6;-41;DTE;5
404033;-5.000;-399,91;DPC;5
404059;-3.000;-165,21;DPC;5
404060;-5.000;-273,67;DPC;5
404062;-3.000;-545,52;DPC;5
404063;-3.000;-811,73;DPC;5
404064;-1.903;-105,33;DPC;5
404157;-4;-92,63;DTE;5
404741;-3;-206,61;DTE;5
408994;-9;-229,26;DTE;5
408994;-9;-229,26;DTE;5
408995;-3;-78,94;DIT;5
410047;-1.500;-13.606,00;DPC;5
800021;-400;0;DTM;5
800105;-30;-1.106,08;DIT;5
800262;-15;-6.073,18;DIT;5
800417;-30;-1.392,46;DIT;5
800515;-50;-1.875,01;DIT;5
800521;-100;-1.356,25;DIT;5
800808;-10;-87,67;DIT;5
800817;-60;0;DTM;5
800817;-15;-4.709,93;DIT;5
800894;-200;-1.225,54;DIT;5
800894;-200;-1.225,54;DIT;5
800894;-200;-1.225,54;DIT;5
800894;-200;-1.225,54;DIT;5
800959;-50;-5.461,29;DIT;5
800959;-20;-2.184,52;DIT;5
800959;-20;-2.184,52;DIT;5
800959;-50;-5.461,29;DIT;5
800975;-400;0;DTM;5
800982;-100;-2.926,09;DIT;5
801010;-200;-1.169,06;DIT;5
801010;-200;-1.169,06;DIT;5
801010;-200;-1.169,06;DIT;5
801010;-200;-1.169,06;DIT;5
801010;-100;-584,53;DIT;5
801010;-200;-1.169,06;DIT;5
801064;-100;0;DTM;5
801064;-300;-804,11;DIT;5
801079;-250;-7.232,58;DIT;5
801114;-50;-291,57;DIT;5
801189;-300;0;DTM;5
801215;-6;-60,19;DIT;5
801220;-50;-319,33;DIT;5
801220;-500;0;DTM;5
801233;-50;-294,26;DIT;5
801263;-700;-1.218,24;DIT;5
801303;-50;-295,55;DIT;5
801352;-100;-587,96;DIT;5
801375;-100;-574,61;DIT;5
801375;-100;-574,61;DIT;5
801375;-100;-574,61;DIT;5
801375;-100;-574,61;DIT;5
801375;-100;-574,61;DIT;5
801375;-100;-574,61;DIT;5
801826;-200;-1.152,41;DIT;5
801826;-200;-1.152,41;DIT;5
801826;-200;-1.152,41;DIT;5
801826;-200;-1.152,41;DIT;5
801834;-200;-1.166,37;DIT;5
801834;-200;-1.166,37;DIT;5
801834;-150;-874,77;DIT;5
801834;-200;-1.166,37;DIT;5
801834;-200;-1.166,37;DIT;5
801834;-200;-1.166,37;DIT;5
801955;-200;-1.178,31;DIT;5
801955;-200;-1.178,31;DIT;5
801955;-150;-883,73;DIT;5
801955;-200;-1.178,31;DIT;5
801955;-200;-1.178,31;DIT;5
801955;-200;-1.178,31;DIT;5
804554;-2;-630,76;DTM;5
120110;-1;-106,47;DIC;5
120170;-1;-52,3;DIC;5
120334;-1;-159,09;DIC;5
120343;-1;-158,87;DIC;5
120452;-1;-2,55;DIC;5
400140;-470;-2.888,55;DIT;5
400142;-3;-174,94;DTM;5
400142;-3;-174,94;DTM;5
400142;-3;-174,94;DTM;5
400142;-3;-174,94;DTM;5
400142;-6;-349,87;DIT;5
400142;-3;-174,94;DTM;5
400142;-3;-174,94;DTM;5
400142;-3;-174,94;DTM;5
400142;-3;-174,94;DTM;5
400142;-3;-174,94;DTM;5
400142;-3;-174,94;DTM;5
400142;-3;-174,94;DTM;5
400142;-3;-174,94;DTM;5
400142;-3;-174,94;DTM;5
400142;-3;-174,94;DTM;5
400142;-3;-174,94;DTM;5
400142;-3;-174,94;DTM;5
400142;-3;-174,94;DTM;5
400142;-2;-116,62;DTM;5
400142;-3;-174,94;DTM;5
400193;-6;-177,9;DTM;5
400288;-1;-15.473,90;DIT;5
400307;-6;-38,06;DTM;5
400460;-10;-273,72;DIT;5
400460;-8;-218,97;DIT;5
400460;-6;-164,23;DIT;5
400460;-3;-82,11;DIT;5
400655;-4;-168,38;DTM;5
400790;-130;-2.735,76;DIT;5
400906;-130;-12.881,33;DIT;5
400930;-260;-710,24;DIT;5
400955;-130;-550,21;DIT;5
400968;-10;-19.538,36;DIT;5
401116;-6;-219,28;DTM;5
401117;-24;-304,37;DTM;5
401127;-3;-5.871,39;DIT;5
401239;-6;-131,32;DTM;5
401324;-4;0;DTM;5
401438;-1;-11,27;DTM;5
401465;-680;-8.961,68;DIT;5
401505;-39;-3.815,90;DIT;5
401566;-1;-18,63;DTM;5
401566;-4;-74,52;DTM;5
401685;-3;-1.232,62;DIT;5
401738;-14;-95,81;DIT;5
401791;-100;-444,32;DIT;5
401823;-58;-1.645,69;DIT;5
401823;-58;-1.645,69;DIT;5
401927;-25;-491,8;DIT;5
402136;-20;-48,12;DIT;5
402152;-30;-2.392,35;DIT;5
402247;-1;-19,05;DTM;5
402287;-130;-1.415,77;DIT;5
402318;-66;-3.108,03;DIT;5
402348;-50;-359,1;DIT;5
402397;-39;-1.129,39;DIT;5
402397;-41;-1.187,30;DIT;5
402433;-3;-468,2;DTM;5
402675;-1;-342,19;DIT;5
405382;-1;-1.903,46;DIT;5
408994;-9;-229,26;DTM;5
410122;-2;-29.626,37;DIT;5
800108;-2;-8,78;DTM;5
800116;-2;-11,67;DTM;5
800262;-15;0;DTM;5
800266;-4;-63,21;DTM;5
800357;-4;-33,02;DTM;5
800417;-130;-6.033,97;DIT;5
800654;-15;0;DTM;5
800654;-3;-454,94;DTM;5
800654;-6;-909,88;DTM;5
800654;-3;-454,94;DTM;5
800717;-6;-407,6;DTM;5
800717;-3;-203,8;DTM;5
800717;-3;-203,8;DTM;5
800717;-6;-407,6;DTM;5
800717;-3;-203,8;DTM;5
800717;-6;-407,6;DTM;5
800717;-3;-203,8;DTM;5
800717;-3;-203,8;DTM;5
800717;-3;-203,8;DTM;5
800717;-3;-203,8;DTM;5
800717;-3;-203,8;DTM;5
800717;-3;-203,8;DTM;5
800717;-3;-203,8;DTM;5
800817;-9;-2.825,96;DTM;5
800817;-6;-1.883,97;DTM;5
800817;-6;-1.883,97;DTM;5
800817;-6;-1.883,97;DTM;5
800817;-3;-941,99;DTM;5
800817;-6;-1.883,97;DTM;5
800817;-3;-941,99;DTM;5
800817;-3;-941,99;DTM;5
800817;-1;-314;DTM;5
800817;-3;-941,99;DTM;5
800852;-100;-2.005,66;DIT;5
800852;-1;-20,06;DTM;5
800889;-6;-112,89;DTM;5
800889;-3;-56,44;DTM;5
800894;-3;-18,38;DTM;5
800894;-6;-36,77;DTM;5
800922;-2;-44,72;DTM;5
801203;-100;-165,3;DIT;5
801215;-2;-20,06;DTM;5
801272;-2;-8,15;DTM;5
804050;-80;-1.296,00;DIT;5
804115;-130;-8.230,36;DIT;5
804421;-20;0;DTM;5
805459;-6;-983,73;DTM;5
805459;-3;-491,86;DTM;5
805478;-13;0;DTM;5
805521;-8;-7.219,84;DTM;5
400040;-1;-11.491,97;DTE;5
400040;-1;-11.491,97;DTE;5
400111;-20;-87,26;DIT;5
400137;-60;-189,03;DIT;5
400140;-70;-430,21;DIT;5
400142;-3;-174,94;DTE;5
400142;-3;-174,94;DTE;5
400142;-3;-174,94;DTE;5
400142;-4;-233,25;DTE;5
400142;-3;-174,94;DTE;5
400142;-18;-1.049,62;DIT;5
400142;-3;-174,94;DTE;5
400142;-1;-58,31;DTE;5
400142;-7;-408,19;DTE;5
400142;-3;-174,94;DTE;5
400142;-3;-174,94;DTE;5
400142;-1;-58,31;DTE;5
400142;-3;-174,94;DTE;5
400142;-3;-174,94;DTE;5
400193;-36;-1.067,41;DIT;5
400366;-60;-697,11;DIT;5
400375;-30;-216,26;DIT;5
400375;-60;-432,53;DIT;5
400443;-400;-2.789,78;DIT;5
400481;-50;-316,29;DTE;5
400481;-5;-31,63;DTE;5
400481;-10;-63,26;DTE;5
400484;-40;-633,26;DIT;5
400506;-18;-181,17;DIT;5
400506;-5;-50,32;DTE;5
400506;-5;-50,32;DTE;5
400506;-10;-100,65;DTE;5
400506;-5;-50,32;DTE;5
400506;-5;-50,32;DTE;5
400594;-67;-6.390,60;DTE;5
400594;-3;-286,15;DTE;5
400594;-4;-381,53;DTE;5
400594;-7;-667,67;DTE;5
400594;-7;-667,67;DTE;5
400594;-4;-381,53;DTE;5
400594;-25;-2.384,55;DTE;5
400594;-16;-1.526,11;DTE;5
400594;-6;-572,29;DTE;5
400594;-7;-667,67;DTE;5
400594;-27;-2.575,32;DTE;5
400594;-7,932;-756,57;DTE;5
400594;-7;-667,67;DTE;5
400594;-32;-3.052,23;DTE;5
400655;-10;-420,95;DTE;5
400665;-90;-2.131,54;DIT;5
400665;-3;-71,05;DTE;5
400708;-44;-278,93;DTE;5
400708;-18;-114,11;DTE;5
400708;-9;-57,05;DTE;5
400790;-14;-294,62;DTE;5
400790;-2;-42,09;DTE;5
400790;-4;-84,18;DTE;5
400790;-8;-168,35;DTE;5
400790;-8;-168,35;DTE;5
400790;-48;-1.010,13;DIT;5
400790;-60;-1.262,66;DTE;5
400790;-8;-168,35;DTE;5
400790;-2;-42,09;DTE;5
400805;-12;-66,87;DIT;5
400813;-4;-6,99;DTE;5
400813;-2;-3,49;DTE;5
400813;-2;-3,49;DTE;5
400813;-2;-3,49;DTE;5
400813;-15;-26,2;DTE;5
400827;-4;-9,2;DTE;5
400827;-15;-34,5;DTE;5
400827;-17;-39,1;DTE;5
400827;-159;-365,73;DTE;5
400827;-65;-149,51;DIT;5
400827;-1;-2,3;DTE;5
400827;-33;-75,91;DTE;5
400827;-6;-13,8;DTE;5
400827;-12;-27,6;DTE;5
400827;-13;-29,9;DTE;5
400827;-2;-4,6;DTE;5
400827;-117;-269,13;DTE;5
400827;-51;-117,31;DTE;5
400827;-17;-39,1;DTE;5
400827;-13;-29,9;DTE;5
400827;-13;-29,9;DTE;5
400827;-10;-23;DTE;5
400827;-10;-23;DTE;5
400827;-13;-29,9;DTE;5
400827;-61;-140,31;DTE;5
400827;-10;-23;DTE;5
400827;-288;-662,46;DIT;5
400889;-4;-263,69;DIT;5
400906;-8;-792,7;DTE;5
400906;-2;-198,17;DTE;5
400906;-4;-396,35;DTE;5
400906;-24;-2.378,09;DIT;5
400930;-104;-284,1;DIT;5
400930;-4;-10,93;DTE;5
400930;-4;-10,93;DTE;5
400930;-4;-10,93;DTE;5
400930;-4;-10,93;DTE;5
400930;-82;-224;DIT;5
400942;-2;-9,36;DTE;5
400942;-12;-56,16;DTE;5
400942;-1;-4,68;DTE;5
400942;-6;-28,08;DTE;5
400955;-20;-84,65;DIT;5
400955;-3;-12,7;DTE;5
400974;-74;-181,3;DIT;5
400974;-4;-9,8;DTE;5
400989;-14;-109,4;DIT;5
401090;-15;-47,15;DIT;5
401116;-12;-438,56;DIT;5
401116;-3;-109,64;DTE;5
401116;-90;-3.289,22;DIT;5
401116;-52;-1.900,44;DIT;5
401117;-4;-50,75;DTE;5
401117;-82;-1.039,93;DIT;5
401117;-104;-1.318,94;DIT;5
401117;-4;-50,75;DTE;5
401117;-4;-50,75;DTE;5
401117;-4;-50,75;DTE;5
401131;-5;-65,15;DTE;5
401131;-6;-78,18;DTE;5
401131;-3;-39,09;DTE;5
401131;-4;-52,12;DTE;5
401131;-3;-39,09;DTE;5
401131;-2;-26,06;DTE;5
401131;-4;-52,12;DTE;5
401131;-40;-521,22;DIT;5
401131;-136;-1.772,16;DIT;5
401131;-1;-13,03;DTE;5
401131;-33;-430,01;DTE;5
401131;-143;-1.863,37;DIT;5
401131;-1;-13,03;DTE;5
401131;-1;-13,03;DTE;5
401131;-55;-716,68;DTE;5
401131;-1;-13,03;DTE;5
401239;-15;-328,3;DIT;5
401239;-15;-328,3;DTE;5
401239;-12;-262,64;DIT;5
401264;-105;-2.789,03;DIT;5
401264;-2;-53,12;DTE;5
401435;-14;-60,43;DIT;5
401438;-4;-45,06;DTE;5
401438;-1;-11,27;DTE;5
401465;-6;-79,07;DTE;5
401465;-4;-52,72;DTE;5
401465;-9;-118,61;DTE;5
401465;-57;-751,2;DTE;5
401465;-4;-52,72;DTE;5
401465;-21;-276,76;DTE;5
401465;-15;-197,68;DTE;5
401465;-9;-118,61;DTE;5
401465;-2;-26,36;DTE;5
401465;-17;-224,04;DTE;5
401465;-9;-118,61;DTE;5
401485;-16;-2.284,23;DIT;5
401485;-15;-2.141,47;DIT;5
401566;-6;-111,78;DTE;5
401566;-4;-74,52;DTE;5
401566;-2;-37,26;DTE;5
401566;-3;-55,89;DTE;5
401566;-2;-37,26;DTE;5
401566;-4;-74,52;DTE;5
401566;-2;-37,26;DTE;5
401566;-9;-167,67;DTE;5
401620;-10;-29,1;DIT;5
401632;-2.000;-4.420,23;DIT;5
401686;-11;-130,95;DIT;5
401823;-5;-141,87;DTE;5
401823;-15;-425,61;DTE;5
401823;-4;-113,5;DTE;5
401823;-37;-1.049,84;DTE;5
401823;-17;-482,36;DTE;5
401823;-3;-85,12;DTE;5
401823;-37;-1.049,84;DTE;5
401823;-45;-1.276,83;DIT;5
401823;-3;-85,12;DTE;5
401823;-9;-255,37;DTE;5
401823;-4;-113,5;DTE;5
401823;-2;-56,75;DTE;5
401823;-3;-85,12;DTE;5
401823;-2;-56,75;DTE;5
401823;-1;-28,37;DTE;5
401823;-1;-28,37;DTE;5
401823;-6;-170,24;DTE;5
401823;-3;-85,12;DTE;5
401834;-50;-584,64;DIT;5
401857;-51;-16.890,06;DIT;5
401857;-15;-4.967,66;DIT;5
401857;-18;-5.961,20;DIT;5
401857;-2;-662,36;DIT;5
401870;-3;-3,05;DTE;5
401886;-50;-1.500,00;DIT;5
401969;-1;-3.968,42;DTM;5
402026;-12;-294,1;DIT;5
402041;-416;-405,9;DIT;5
402127;-20;-87,38;DIT;5
402127;-2;-8,74;DTE;5
402152;-6;-478,47;DTE;5
402152;-3;-239,23;DTE;5
402152;-2;-159,49;DTE;5
402152;-3;-239,23;DTE;5
402152;-6;-478,47;DTE;5
402152;-2;-159,49;DTE;5
402152;-6;-478,47;DTE;5
402152;-40;-3.188,98;DIT;5
402265;-6;-34,81;DIT;5
402287;-30;-326,72;DIT;5
402296;-72;-901,87;DIT;5
402296;-12;-150,31;DIT;5
402296;-3;-37,58;DTE;5
402312;-1;-14,57;DTE;5
402312;-45;-655,59;DTE;5
402312;-10;-145,69;DIT;5
402312;-16;-233,1;DIT;5
402312;-2;-29,14;DTE;5
402312;-2;-29,14;DTE;5
402312;-16;-233,1;DTE;5
402312;-4;-58,28;DTE;5
402312;-4;-58,28;DTE;5
402312;-17;-247,67;DTE;5
402312;-4;-58,28;DTE;5
402312;-10;-145,69;DTE;5
402312;-1;-14,57;DTE;5
402312;-25;-364,22;DTE;5
402312;-2;-29,14;DTE;5
402312;-72;-1.048,95;DIT;5
402312;-54;-786,71;DTE;5
402312;-10;-145,69;DTE;5
402312;-52;-757,58;DTE;5
402312;-1;-14,57;DTE;5
402312;-17;-247,67;DTE;5
402312;-2;-29,14;DTE;5
402312;-1;-14,57;DTE;5
402318;-246;-11.584,47;DIT;5
402318;-83;-3.908,58;DTE;5
402324;-2;-10,88;DTE;5
402331;-2;-95,26;DTE;5
402331;-1;-47,63;DTE;5
402331;-1;-47,63;DTE;5
402331;-3;-142,89;DTE;5
402373;-16;-172,84;DIT;5
402397;-36;-1.042,51;DTE;5
402401;-31;-861,9;DIT;5
402433;-51;-7.959,37;DIT;5
402433;-20;-3.121,32;DIT;5
402433;-1;-156,07;DTE;5
402433;-18;-2.809,19;DIT;5
402490;-1;-330,86;DIT;5
402587;-2;-59,38;DTE;5
402592;-84;-10.248,00;DIT;5
402592;-108;-13.176,00;DIT;5
402592;-84;-10.248,00;DIT;5
402592;-84;-10.248,00;DIT;5
402592;-84;-10.248,00;DIT;5
402701;-3;-1.050,57;DTM;5
402741;-3;-22,76;DTE;5
402741;-1;-7,59;DTE;5
402741;-3;-22,76;DTE;5
402824;-144;-8.361,37;DIT;5
402824;-108;-6.271,02;DIT;5
402824;-108;-6.271,02;DIT;5
402824;-180;-10.451,71;DIT;5
402824;-108;-6.271,02;DIT;5
403121;-2;-19,87;DTE;5
403121;-2;-19,87;DTE;5
403121;-2;-19,87;DTE;5
403121;-2;-19,87;DTE;5
403121;-2;-19,87;DTE;5
403121;-4;-39,73;DTE;5
403121;-2;-19,87;DTE;5
403121;-2;-19,87;DTE;5
403121;-1;-9,93;DTE;5
403121;-1;-9,93;DTE;5
403121;-2;-19,87;DTE;5
403499;-6;-1,11;DTE;5
403513;-100;-498,53;DIT;5
403602;-15;-10,37;DTE;5
403602;-3;-2,07;DTE;5
403642;-26.364;-402.573,81;DPC;5
403804;-9;-61,5;DTE;5
403804;-3;-20,5;DTE;5
403804;-1;-6,83;DTE;5
403804;-1;-6,83;DTE;5
403804;-2;-13,67;DTE;5
403804;-3;-20,5;DTE;5
403852;-1.041;-67.101,65;DPC;5
403931;-1;-119,14;DTE;5
403931;-1;-119,14;DTE;5
404009;-15.000;-88.577,14;DPC;5
404071;-3;-492,62;DTE;5
404071;-30;-4.926,18;DIT;5
404084;-140;-3.119,98;DIT;5
404114;-1;-587,02;DIT;5
408994;-4;-101,89;DTE;5
408994;-3;-76,42;DTE;5
408994;-3;-76,42;DTE;5
408994;-108;-2.751,11;DTE;5
408994;-9;-229,26;DTE;5
408994;-51;-1.299,14;DTE;5
408994;-3;-76,42;DTE;5
800033;-9;-54,28;DTE;5
800033;-9;-54,28;DTE;5
800033;-12;-72,38;DTE;5
800054;-72;-1.370,16;DIT;5
800119;-3;-38,47;DTE;5
800119;-2;-25,65;DTE;5
800473;-16;-1.062,88;DIT;5
800709;-3;-5,58;DTM;5
800717;-3;-203,8;DTM;5
800717;-6;-407,6;DTM;5
800717;-9;-611,4;DTM;5
800717;-6;-407,6;DTM;5
800717;-3;-203,8;DTM;5
800717;-3;-203,8;DTM;5
800717;-3;-203,8;DTM;5
800717;-6;-407,6;DTM;5
800717;-3;-203,8;DTM;5
800717;-3;-203,8;DTM;5
800717;-3;-203,8;DTM;5
800717;-3;-203,8;DTM;5
800717;-3;-203,8;DTM;5
800717;-6;-407,6;DTM;5
800717;-11;-747,27;DTM;5
800717;-3;-203,8;DTM;5
800717;-3;-203,8;DTM;5
800717;-9;-611,4;DTM;5
800717;-3;-203,8;DTM;5
800717;-3;-203,8;DTM;5
800717;-3;-203,8;DTM;5
800717;-3;-203,8;DTM;5
800717;-3;-203,8;DTM;5
800717;-3;-203,8;DTM;5
800717;-6;-407,6;DTM;5
800717;-3;-203,8;DTM;5
800717;-3;-203,8;DTM;5
800717;-3;-203,8;DTM;5
800717;-3;-203,8;DTM;5
800717;-3;-203,8;DTM;5
800717;-3;-203,8;DTM;5
800717;-9;-611,4;DTM;5
800717;-3;-203,8;DTM;5
800717;-3;-203,8;DTM;5
800717;-3;-203,8;DTM;5
800717;-3;-203,8;DTM;5
800717;-3;-203,8;DTM;5
800717;-9;-611,4;DTM;5
800717;-3;-203,8;DTM;5
800717;-3;-203,8;DTM;5
800717;-3;-203,8;DTM;5
800717;-6;-407,6;DTM;5
800717;-3;-203,8;DTM;5
800717;-6;-407,6;DTM;5
800717;-3;-203,8;DTM;5
800717;-3;-203,8;DTM;5
800717;-6;-407,6;DTM;5
800717;-3;-203,8;DTM;5
800717;-6;-407,6;DTM;5
800717;-6;-407,6;DTM;5
800717;-3;-203,8;DTM;5
800717;-6;-407,6;DTM;5
800717;-5;-339,67;DTM;5
800717;-3;-203,8;DTM;5
800817;-3;-941,99;DTM;5
800817;-11;-3.453,95;DTM;5
800817;-3;-941,99;DTM;5
800817;-3;-941,99;DTM;5
800817;-3;-941,99;DTM;5
800817;-6;-1.883,97;DTM;5
800817;-3;-941,99;DTM;5
800817;-3;-941,99;DTM;5
800817;-3;-941,99;DTM;5
800817;-6;-1.883,97;DTM;5
800817;-12;-3.767,94;DTM;5
800817;-3;-941,99;DTM;5
800817;-6;-1.883,97;DTM;5
800817;-3;-941,99;DTM;5
800817;-9;-2.825,96;DTM;5
800817;-6;-1.883,97;DTM;5
800817;-6;-1.883,97;DTM;5
800817;-3;-941,99;DTM;5
800817;-3;-941,99;DTM;5
800817;-3;-941,99;DTM;5
800817;-6;-1.883,97;DTM;5
800817;-3;-941,99;DTM;5
800817;-6;-1.883,97;DTM;5
800817;-3;-941,99;DTM;5
800817;-9;-2.825,96;DTM;5
800817;-6;-1.883,97;DTM;5
800817;-3;-941,99;DTM;5
800884;-6;-75,78;DTM;5
800884;-3;-37,89;DTM;5
801047;-16;-46,46;DTE;5
801047;-14;-40,65;DTE;5
801064;-6;-16,08;DTE;5
801164;-2;-54,67;DTM;5
801233;-3;-17,66;DTM;5
801400;-57;-5.486,91;DIT;5
803584;-300;-180;DTM;5
804256;-2;-483,88;DTM;5
804421;-31;-787,66;DIT;5
804670;-6;-2.264,47;DTM;5
804671;-6;-2.263,85;DTM;5
805239;-10;-3.937,40;DTM;5
805459;-364;-59.679,32;DIT;5
400011;-1;-104,75;DTE;5
400072;-2;-8.623,59;DIT;5
400072;-5;-21.558,97;DIT;5
400140;-4;-24,58;DTE;5
400140;-120;-737,5;DIT;5
400140;-120;-737,5;DIT;5
400140;-4;-24,58;DTE;5
400140;120;737,5;DIT;5
400142;-1;-58,31;DTE;5
400142;-50;-2.915,61;DIT;5
400142;-50;-2.915,61;DIT;5
400142;-6;-349,87;DTE;5
400142;-50;-2.915,61;DIT;5
400142;-50;-2.915,61;DIT;5
400142;50;2.915,61;DIT;5
400192;-2;-29;DTE;5
400193;-50;-1.482,51;DIT;5
400193;-10;-296,5;DIT;5
400193;50;1.482,51;DIT;5
400193;-50;-1.482,51;DIT;5
400193;-3;-88,95;DTE;5
400193;-11;-326,15;DTE;5
400224;-3;-4.853,64;DIT;5
400224;-5;-8.089,40;DIT;5
400224;-7;-11.325,16;DIT;5
400344;-1;-37,65;DTE;5
400359;-17;-344,68;DTE;5
400366;-3;-34,86;DTE;5
400375;-4;-28,84;DTE;5
400481;-1.552;-9.817,49;DIT;5
400484;-1;-15,83;DTE;5
400506;-15;-147,05;DTE;5
400506;-5;-49,02;DTE;5
400594;-30;-2.861,40;DIT;5
400594;-30;-2.861,40;DIT;5
400594;30;2.861,40;DIT;5
400594;-30;-2.861,40;DIT;5
400665;-20;-473,68;DIT;5
400665;-6;-142,1;DTE;5
400673;-200;-277,28;DIT;5
400673;200;277,28;DIT;5
400673;-200;-277,28;DIT;5
400790;-8;-168,35;DTE;5
400790;-30;-631,33;DTE;5
400790;-50;-1.052,21;DIT;5
400813;-600;-1.048,16;DIT;5
400813;600;1.048,16;DIT;5
400813;-600;-1.048,16;DIT;5
400827;-18;-41,4;DTE;5
400827;-52;-119,61;DTE;5
400827;-4;-9,2;DTE;5
400906;-4;-396,34;DTE;5
400906;-15;-1.486,28;DTE;5
400930;-6;-16,39;DTE;5
400930;-16;-43,71;DTE;5
400930;-200;-546,34;DIT;5
400942;-12;-56,16;DTE;5
400955;-8;-33,86;DTE;5
400974;-6;-14,7;DTE;5
400974;-200;-489,99;DIT;5
400974;-20;-49;DTE;5
401116;-20;-730,94;DIT;5
401116;-3;-109,64;DTE;5
401116;-27;-986,76;DTE;5
401117;-28;-355,23;DIT;5
401127;-5;-9.785,64;DIT;5
401127;-7;-13.699,90;DIT;5
401127;-1;-1.957,13;DTE;5
401131;-4;-52,12;DTE;5
401131;-4;-52,12;DTE;5
401131;-5;-65,15;DTE;5
401131;-50;-651,53;DIT;5
401239;-30;-656,6;DIT;5
401264;-3;-79,69;DTE;5
401296;-2;-4.429,87;DTE;5
401358;-7;-16,73;DIT;5
401403;-6;-59,81;DTE;5
401465;-100;-1.317,89;DIT;5
401465;-2;-26,36;DTE;5
401465;-60;-790,74;DIT;5
401465;-6;-79,07;DTE;5
401471;-6;-200,58;DTE;5
401485;-1;-142,77;DTE;5
401485;-5;-713,83;DTE;5
401505;-20;-1.956,87;DIT;5
401505;-15;-1.467,65;DIT;5
401566;-2;-37,26;DTE;5
401566;-11;-204,93;DTE;5
401568;-1;-1,24;DTE;5
401576;-3;-69,7;DTE;5
401632;-500;-1.105,06;DIT;5
401632;-500;-1.105,06;DIT;5
401632;-500;-1.105,06;DIT;5
401632;-500;-1.105,06;DIT;5
401632;-500;-1.105,06;DIT;5
401685;-3;-1.232,62;DIT;5
401791;-1.000;-4.443,25;DIT;5
401791;-2.000;-8.886,49;DIT;5
401791;-1.000;-4.443,25;DIT;5
401791;-1.000;-4.443,25;DIT;5
401791;-2.000;-8.886,49;DIT;5
401791;1.000;4.443,25;DIT;5
401834;-5;-58,46;DTE;5
401857;-10;-3.311,78;DIT;5
401857;-6;-1.987,07;DTE;5
401857;-40;-13.247,10;DIT;5
401857;-30;-9.935,33;DIT;5
401870;-24;-24,39;DTE;5
401870;-12;-12,19;DTE;5
401886;-269;-8.070,00;DIT;5
401888;-3;-91,04;DTE;5
401927;-50;-948,44;DIT;5
401937;-2;-6,5;DTE;5
401937;-25;-81,26;DTE;5
401937;-1;-3,25;DTE;5
402026;-2;-49,02;DTE;5
402041;-200;-195,15;DIT;5
402065;-5;-78,77;DTE;5
402127;-4;-17,48;DTE;5
402127;-30;-131,08;DTE;5
402152;-20;-1.594,49;DIT;5
402152;-20;-1.594,49;DIT;5
402242;-1;-2.687,13;DIT;5
402265;-50;-290,09;DIT;5
402287;-20;-217,81;DIT;5
402296;-3;-37,58;DTE;5
402296;-27;-338,2;DTE;5
402296;-50;-626,3;DIT;5
402296;-20;-250,52;DIT;5
402307;-20;-1.472,83;DIT;5
402307;-2;-147,28;DTE;5
402307;-50;-3.682,09;DIT;5
402312;-2;-29,14;DTE;5
402312;-33;-480,77;DTE;5
402312;-2;-29,14;DTE;5
402324;-8;-43,53;DTE;5
402331;-2;-95,26;DTE;5
402359;-4;-24,83;DTE;5
402397;-69;-1.998,15;DIT;5
402397;-250;-7.239,66;DIT;5
402397;-250;-7.239,66;DIT;5
402397;250;7.239,66;DIT;5
402401;-3;-83,41;DTE;5
402401;-24;-667,28;DTE;5
402433;-9;-1.404,59;DTE;5
402433;-1;-156,07;DTE;5
402433;-20;-3.121,32;DIT;5
402433;-10;-1.560,66;DIT;5
402527;50;10.689,22;DIT;5
402527;-50;-10.689,22;DIT;5
402533;-7;-17.667,95;DIT;5
402587;-1;-29,69;DTE;5
402587;-2;-59,38;DTE;5
402587;-1;-29,69;DTE;5
402592;-30;-3.660,00;DIT;5
402592;-54;-6.588,00;DIT;5
402592;-60;-7.320,00;DIT;5
402650;-1;-1.454,03;DTM;5
402650;-2;-2.908,07;DTM;5
402650;-1;-1.454,03;DIT;5
402650;-3;-4.362,10;DIT;5
402650;-1;-1.454,03;DTM;5
402650;-4;-5.816,14;DIT;5
402675;-1;-342,19;DIT;5
402675;-1;-342,19;DIT;5
402733;-100;-585,9;DIT;5
402733;-100;-585,9;DIT;5
402733;100;585,9;DIT;5
402733;-1;-5,86;DTE;5
402824;-200;-11.613,01;DIT;5
402824;200;11.613,01;DIT;5
402824;-90;-5.225,85;DIT;5
402824;-200;-11.613,01;DIT;5
402824;-114;-6.619,41;DIT;5
402847;-5;-5.455,47;DIT;5
402847;-4;-4.364,37;DIT;5
403121;-1;-9,93;DTE;5
403121;-3;-29,8;DTE;5
403182;-12;-2.558,68;DTE;5
403337;-2;-2.068,55;DIT;5
403602;-9;-6,22;DTE;5
403642;-549;-8.383,14;DIT;5
403804;-22;-150,33;DTE;5
404071;-9;-1.477,85;DTE;5
404084;-44;-980,57;DTE;5
404084;-1;-22,29;DTE;5
404160;-4;-140.434,20;DPC;5
404164;-1;-35.108,55;DPC;5
404164;-1;-35.108,55;DPC;5
404732;-9;-820,93;DTE;5
404740;-6;-462,25;DTE;5
404741;-1;-68,87;DTE;5
404745;-80;-4.012,80;DPM;5
405382;-1;-1.903,46;DIT;5
405382;-1;-1.903,46;DIT;5
408994;-3;-76,42;DTE;5
408994;-8;-203,79;DTE;5
410212;-70;-1.457,25;DPM;5
800054;-50;-951,5;DIT;5
800054;100;1.903,00;DIT;5
800054;-100;-1.903,00;DIT;5
800054;-100;-1.903,00;DIT;5
800119;-100;-1.282,45;DIT;5
800344;-30;-871,59;DIT;5
800345;-50;-935,47;DIT;5
800417;-20;-928,3;DIT;5
800515;-50;-1.875,01;DIT;5
800804;-109;-352,31;DIT;5
800804;-270;-872,68;DIT;5
800817;-30;-9.533,01;DIT;5
800852;-100;-2.005,66;DIT;5
800852;-100;-2.005,66;DIT;5
800852;100;2.005,66;DIT;5
800852;-50;-1.002,83;DIT;5
800889;-40;-752,6;DIT;5
800959;-10;-1.092,26;DIT;5
800959;-10;-1.092,26;DIT;5
801011;-150;-2.778,72;DIT;5
801011;150;2.778,72;DIT;5
801011;-150;-2.778,72;DIT;5
801047;-200;-580,69;DIT;5
801064;-300;-804,11;DIT;5
801114;-50;-291,57;DIT;5
801164;-100;-2.733,61;DIT;5
801186;-10;-157,38;DIT;5
801189;-200;-1.703,48;DIT;5
801215;-50;-501,58;DIT;5
801220;-50;-319,33;DIT;5
801220;-100;-638,66;DIT;5
801375;-50;-287,31;DIT;5
801955;-100;-589,15;DIT;5
803344;-50;-4.630,74;DIT;5
804115;-40;-2.532,42;DIT;5
804115;-40;-2.532,42;DIT;5
804115;40;2.532,42;DIT;5
804422;-50;-1.315,71;DIT;5
400011;-2;-209,5;DTM;5
400072;-2;-8.306,21;DIT;5
400072;-2;-8.306,21;DIT;5
400072;-2;-8.306,21;DIT;5
400072;-3;-12.459,31;DIT;5
400073;-2;-24.314,90;DIT;5
400130;-3;-8,95;DTM;5
400130;-10;-29,84;DTM;5
400130;-10;-29,84;DTM;5
400130;-7;-20,89;DTM;5
400130;-6;-17,91;DTM;5
400140;-4;-24,58;DTM;5
400140;-1;-6,15;DTM;5
400140;-8;-49,17;DTM;5
400142;-3;-174,94;DTM;5
400142;-3;-174,94;DIT;5
400142;-3;-174,94;DIT;5
400193;-3;-88,95;DTM;5
400366;-2;-23,24;DTM;5
400366;-12;-139,42;DTM;5
400366;-12;-139,42;DTM;5
400366;-10;-116,18;DTM;5
400366;-2;-23,24;DTM;5
400366;-12;-139,42;DTM;5
400487;-90;-4.937,53;DTM;5
400487;-340;-18.652,90;DTM;5
400487;-420;-23.041,82;DTM;5
400487;-150;-8.229,22;DTM;5
400506;-2;-19,61;DTM;5
400594;-7;-667,66;DTM;5
400594;-3;-286,14;DTM;5
400594;-7;-667,66;DTM;5
400594;-100;-9.537,99;DIT;5
400655;-27;-1.136,87;DTM;5
400655;-3;-126,32;DTM;5
400673;-4;-5,55;DTM;5
400673;-18;-24,96;DTM;5
400673;-30;-41,59;DTM;5
400708;-8.133;-48.258,68;DIT;5
400813;-20;-34,94;DTM;5
400930;-4;-10,93;DTM;5
400930;-12;-32,78;DTM;5
400942;-5;-23,4;DIT;5
400945;-100;-451,24;DIT;5
400974;-4;-9,8;DTM;5
400974;-12;-29,4;DTM;5
401105;-18;-57,74;DTM;5
401131;-3;-39,09;DTM;5
401131;-4;-52,12;DTM;5
401131;-1;-13,03;DTM;5
401193;-2;-14.267,22;DIT;5
401239;-50;-1.094,33;DIT;5
401239;-9;-196,98;DTM;5
401239;-18;-393,96;DTM;5
401324;-2;-20.790,27;DIT;5
401465;-100;-1.317,89;DIT;5
401465;-15;-197,68;DIT;5
401465;-24;-316,29;DIT;5
401566;-8;-149,04;DTM;5
401566;-150;-2.794,54;DIT;5
401566;-6;-111,78;DTM;5
401566;-6;-111,78;DTM;5
401566;-8;-149,04;DTM;5
401566;-2;-37,26;DTM;5
401576;-1;-23,23;DTM;5
401632;-1.000;-2.210,11;DIT;5
401753;-4;-28,64;DTM;5
401763;-12;-450,83;DTM;5
401987;1;17.628,68;DIT;5
401987;-1;-17.628,68;DIT;5
402081;-12;-1.168,37;DTM;5
402081;-12;-1.168,37;DTM;5
402081;-6;-584,19;DTM;5
402106;-1;-73,58;DTM;5
402106;-5;-367,92;DTM;5
402106;-4;-294,34;DTM;5
402132;-2;-19.459,66;DIT;5
402247;-8;-152,39;DTM;5
402287;-1;-10,89;DTM;5
402296;-6;-75,16;DTM;5
402307;-62;-4.565,79;DTM;5
402307;-28;-2.061,97;DTM;5
402307;-12;-883,7;DTM;5
402307;-24;-1.767,40;DTM;5
402307;-52;-3.829,37;DTM;5
402307;-25;-1.841,04;DTM;5
402307;-60;-4.418,50;DTM;5
402307;-70;-5.154,92;DTM;5
402318;-2.750;-129.501,23;DIT;5
402324;-2;-10,88;DTM;5
402324;-8;-43,53;DTM;5
402401;-15;-417,05;DIT;5
402401;-12;-333,64;DTM;5
402741;-3;-22,76;DTM;5
402741;-3;-22,76;DTM;5
402741;-3;-22,76;DTM;5
402741;-3;-22,76;DTM;5
402824;-180;-10.451,71;DIT;5
403182;-100;-21.322,29;DIT;5
403642;-884;-13.498,53;DPC;5
403642;-30.000;-458.094,91;DPC;5
800021;-105;-8.255,10;DIT;5
800064;-10;-2.382,39;DIT;5
800108;-4;-17,55;DTM;5
800108;-4;-17,55;DTM;5
800116;-4;-23,35;DTM;5
800116;-4;-23,34;DTM;5
800118;-3;-51,46;DTM;5
800119;-24;-307,79;DIT;5
800223;-20;-25,97;DTM;5
800223;-33;-42,86;DTM;5
800223;-48;-62,34;DTM;5
800223;-29;-37,66;DTM;5
800266;-1;-15,8;DTM;5
800344;-1;-29,05;DTM;5
800344;-2;-58,11;DTM;5
800435;-1;-14,82;DTM;5
800435;-2;-29,64;DTM;5
800654;-3;-454,94;DTM;5
800654;-3;-454,94;DTM;5
800654;-6;-909,88;DTM;5
800654;-3;-454,94;DTM;5
800654;-3;-454,94;DTM;5
800654;-9;-1.364,82;DTM;5
800654;-3;-454,94;DTM;5
800717;-6;-407,6;DTM;5
800813;-6;-79,31;DTM;5
800822;-3;-68,81;DTM;5
800822;-3;-68,81;DTM;5
800825;-2;-12,32;DTM;5
800889;-3;-56,44;DTM;5
800889;-3;-56,44;DTM;5
800894;-3;-18,38;DTM;5
800922;-12;-268,34;DTM;5
800922;-1;-22,36;DTM;5
800922;-5;-111,81;DTM;5
800922;-3;-67,09;DTM;5
800922;-3;-67,08;DTM;5
800922;-5;-111,81;DTM;5
800959;-32;-3.495,23;DIT;5
800982;-9;-263,35;DTM;5
800982;-7;-204,83;DTM;5
800982;-3;-87,78;DTM;5
800982;-3;-87,78;DTM;5
800991;-3;-415,31;DTM;5
801064;-8;-21,44;DTM;5
801064;-18;-48,25;DTM;5
801064;-14;-37,52;DTM;5
801064;-10;-26,8;DTM;5
801087;-9;-109,4;DTM;5
801087;-3;-36,47;DTM;5
801087;-9;-109,4;DTM;5
801114;-3;-17,49;DTM;5
801182;-6;-23,33;DTM;5
801186;-1;-15,74;DTM;5
801186;-2;-31,48;DTM;5
801186;-3;-47,22;DTM;5
801186;-2;-31,48;DTM;5
801186;-3;-47,22;DTM;5
801215;-3;-30,1;DTM;5
801215;-9;-90,29;DTM;5
801215;-3;-30,1;DTM;5
801225;-3;-88,82;DTM;5
801313;-3;-81,36;DTM;5
801313;-18;-488,13;DTM;5
801313;-15;-406,77;DTM;5
801313;-3;-81,35;DTM;5
801313;-12;-325,42;DTM;5
801346;-2;-32,49;DTM;5
801346;-2;-32,49;DTM;5
801352;-3;-17,64;DTM;5
801352;-3;-17,64;DTM;5
801375;-3;-17,24;DTM;5
801391;-1;-14,45;DTM;5
801826;-6;-34,57;DTM;5
801826;-3;-17,29;DTM;5
801826;-3;-17,29;DTM;5
801826;-1;-5,76;DTM;5
803160;-500;-81.365,88;DIT;5
803344;-3;-277,84;DTM;5
803344;-6;-555,69;DTM;5
803452;-30;-673,39;DTM;5
803452;-24;-538,72;DTM;5
805459;-6;-983,73;DTM;5
805459;-9;-1.475,59;DTM;5
110630;-3;-13,35;DPM;5
120005;-1;-241,74;DRI;5
120334;-1;-159,08;DTM;5
120343;-1;-158,87;DTM;5
400011;-2;-209,5;DTE;5
400072;-4;-15.135,45;DIT;5
400072;-1;-4.153,10;DIT;5
400073;-1;-12.697,18;DTE;5
400111;-2;-8,73;DTE;5
400140;-12;-73,75;DTE;5
400140;-50;-307,29;DIT;5
400140;-8;-49,17;DTM;5
400142;-1;-58,31;DIT;5
400142;-2;-116,62;DTE;5
400142;-3;-174,94;DTM;5
400142;-6;-349,87;DTE;5
400192;-50;-724,88;DIT;5
400192;-4;-57,99;DTE;5
400193;-2;-59,3;DTM;5
400193;-5;-148,25;DTE;5
400193;-3;-88,95;DTM;5
400193;-9;-266,85;DTM;5
400221;-15;-31.936,29;DIT;5
400221;15;31.936,29;DIT;5
400221;-15;-31.936,30;DIT;5
400221;15;31.936,30;DIT;5
400221;3;6.387,26;DIT;5
400221;-3;-6.387,26;DIT;5
400221;-5;-10.645,43;DIT;5
400221;5;10.645,43;DIT;5
400221;5;10.645,43;DIT;5
400221;-5;-10.645,43;DIT;5
400224;-12;-19.414,55;DIT;5
400224;6;9.707,28;DIT;5
400224;-6;-9.707,28;DIT;5
400288;-1;-16.054,48;DTE;5
400307;-2;-12,69;DTE;5
400359;-6;-121,65;DTM;5
400366;-3;-34,86;DTM;5
400375;-2;-14,42;DTE;5
400442;-500;0;DTM;5
400459;-500;0;DTM;5
400487;-420;-23.041,82;DTM;5
400487;-80;-4.388,92;DTM;5
400506;-10;-98,03;DTE;5
400546;-1;-19,88;DIT;5
400594;-30;-2.861,40;DIT;5
400594;-16;-1.526,08;DPM;5
400594;-22;-2.098,36;DTE;5
400655;-3;-126,32;DTM;5
400673;-17;-23,57;DTM;5
400673;-45;-62,39;DTM;5
400673;-17;-23,57;DTM;5
400673;-50;-69,32;DTM;5
400708;-18;-106,81;DTE;5
400730;-31;-570,72;DTE;5
400730;-12;-220,92;DTE;5
400730;-138;-2.540,62;DTE;5
400730;-216;-3.976,63;DTE;5
400730;-1.033;-19.017,86;DTE;5
400771;-2;-46,45;DTM;5
400790;-20;-420,89;DTE;5
400790;-6;-126,27;DPM;5
400813;-8;-13,98;DTE;5
400827;-21;-48,3;DTE;5
400827;-90;-207,02;DTE;5
400848;-24;-155,9;DTM;5
400906;-10;-990,86;DTE;5
400906;-3;-297,26;DPM;5
400908;-7;-622,83;DTE;5
400930;-8;-21,85;DTE;5
400930;-12;-32,78;DTM;5
400930;-50;-136,58;DIT;5
400930;-8;-21,85;DTM;5
400930;-20;-54,63;DTM;5
400930;-2;-5,46;DTM;5
400955;-2;-8,46;DTM;5
400955;-8;-33,86;DTM;5
400955;-10;-42,32;DTE;5
400968;-10;-19.316,86;DIT;5
400974;-26;-63,7;DTE;5
400974;-8;-19,6;DTM;5
400974;-16;-39,2;DTM;5
401105;-9;-28,87;DTM;5
401108;-6;-14,03;DTM;5
401108;-9;-21,05;DTE;5
401116;-9;-328,92;DTM;5
401116;-18;-657,84;DTM;5
401116;-6;-219,28;DTE;5
401116;-50;-1.827,34;DIT;5
401127;-3;-5.871,39;DIT;5
401127;-1;-1.957,13;DIT;5
401127;1;1.957,13;DIT;5
401127;-1;-1.957,13;DTM;5
401131;-50;-651,53;DIT;5
401131;-4;-52,12;DTE;5
401131;-2;-26,06;DTM;5
401131;-4;-52,12;DTM;5
401131;-6;-78,18;DTM;5
401131;-4;-52,12;DTM;5
401131;-10;-130,31;DTE;5
401193;-2;-14.267,21;DIT;5
401239;-13;-284,52;DTE;5
401239;-8;-175,09;DTM;5
401239;-3;-65,66;DTM;5
401239;-2;-43,77;DTM;5
401264;-50;-1.328,11;DIT;5
401264;-9;-239,06;DTE;5
401318;-2;-4.717,06;DIT;5
401318;4;9.434,12;DIT;5
401318;-5;-11.792,64;DIT;5
401318;-4;-9.434,12;DIT;5
401318;2;4.717,06;DIT;5
401318;5;11.792,64;DIT;5
401318;2;4.717,06;DIT;5
401318;-2;-4.717,06;DIT;5
401360;-5;-8.303,50;DIT;5
401360;8;13.285,59;DIT;5
401360;-8;-13.285,59;DIT;5
401360;10;16.606,99;DIT;5
401360;-10;-16.606,99;DIT;5
401360;10;16.606,99;DIT;5
401360;-10;-16.606,99;DIT;5
401360;5;8.303,50;DIT;5
401360;5;8.303,50;DIT;5
401360;-5;-8.303,50;DIT;5
401403;-2;-19,94;DTM;5
401403;-1;-9,97;DTM;5
401451;-3;-70,94;DTM;5
401465;-100;0;DTM;5
401465;-6;-79,07;DTE;5
401471;-3;-100,29;DTE;5
401500;-1;-13,37;DTE;5
401566;-6;-111,78;DTE;5
401566;-3;-55,89;DTM;5
401566;-1;-18,63;DTM;5
401566;-7;-130,41;DTE;5
401568;-2;-2,48;DTE;5
401568;-3;-3,71;DPM;5
401576;-8;-185,86;DTM;5
401608;-3;-151,26;DTE;5
401620;-2;-5,82;DTE;5
401632;-2.000;-4.420,22;DPC;5
401753;-12;-85,93;DTM;5
401753;-6;-42,97;DTE;5
401823;-11;-312,11;DTE;5
401857;-20;-6.623,55;DIT;5
401857;-3;-993,53;DTM;5
401857;-6;-1.987,07;DTE;5
401870;-8;-8,13;DTE;5
402026;-3;-73,52;DTM;5
402065;-1;-15,75;DTM;5
402065;-5;-78,77;DTM;5
402105;-24;-1.338,35;DTM;5
402105;-28;-1.561,41;DTM;5
402105;-8;-446,12;DTM;5
402105;-28;-1.561,41;DTM;5
402105;-16;-892,23;DTM;5
402105;-8;-446,12;DTM;5
402105;-4;-223,06;DTM;5
402105;-8;-446,12;DTM;5
402105;-12;-669,17;DTM;5
402105;-16;-892,23;DTM;5
402105;-4;-223,06;DTM;5
402105;-8;-446,12;DTM;5
402105;-4;-223,06;DTM;5
402105;-28;-1.561,41;DTM;5
402105;-20;-1.115,29;DTM;5
402105;-8;-446,12;DTM;5
402105;-8;-446,12;DTM;5
402105;-4;-223,06;DTM;5
402127;-12;-52,43;DTM;5
402127;-29;-126,71;DTM;5
402127;-6;-26,22;DTE;5
402127;-2;-8,74;DTM;5
402152;-7;-558,07;DTM;5
402152;-6;-478,35;DTE;5
402188;-2;-3.298,64;DTM;5
402242;5;13.435,63;DIT;5
402242;-15;-40.306,90;DIT;5
402242;15;40.306,90;DIT;5
402242;10;26.871,26;DIT;5
402242;-10;-26.871,26;DIT;5
402242;10;26.871,26;DIT;5
402242;1;2.687,13;DIT;5
402242;-10;-26.871,26;DIT;5
402242;-5;-13.435,63;DIT;5
402242;-1;-2.687,13;DIT;5
402265;-3;-17,41;DTE;5
402287;-12;-130,69;DTE;5
402296;-6;-75,16;DTM;5
402296;-18;-225,47;DTM;5
402296;-9;-112,73;DTM;5
402296;-6;-75,16;DTE;5
402312;-1;-14,57;DTE;5
402312;-8;-116,55;DTE;5
402312;-3;-43,71;DTE;5
402318;-113;-5.321,32;DTE;5
402324;-2;-10,88;DTE;5
402324;-1;-5,44;DTM;5
402324;-8;-43,53;DTM;5
402324;-2;-10,88;DTM;5
402324;-2;-10,88;DTM;5
402331;-1;-47,63;DTE;5
402331;-1;-47,63;DTE;5
402397;-65;-1.882,31;DTE;5
402401;-12;-333,64;DTM;5
402401;-6;-166,82;DTM;5
402404;-3;-27,23;DTM;5
402433;-6;-936,4;DTE;5
402433;-10;-1.560,66;DIT;5
402490;-2;-661,72;DIT;5
402533;-1;-2.523,99;DTM;5
402587;-1;-29,69;DTE;5
402587;-1;-29,69;DTM;5
402592;-145;-17.690,00;DPM;5
402672;-1;-23,11;DTE;5
402741;-3;-22,76;DTE;5
402741;-3;-22,76;DTM;5
402741;-3;-22,76;DTM;5
402847;-2;-2.182,19;DIT;5
403121;-1;-10,7;DTE;5
403182;-12;-2.558,68;DTM;5
403602;-6;-4,15;DTE;5
403602;-2;-1,38;DTE;5
403804;-6;-41;DTE;5
404071;-3;-492,62;DTE;5
404084;-15;-334,28;DTM;5
404157;-4;-92,63;DTE;5
404719;-3;-71,51;DTM;5
404719;-3;-71,51;DTM;5
404732;-15;-1.368,22;DTM;5
404732;-3;-273,64;DTM;5
404732;-18;-1.641,86;DTM;5
408994;-18;-456,08;DTE;5
410212;-2;-41,64;DTE;5
800108;-3;-13,17;DTM;5
800108;-4;-17,55;DTM;5
800108;-2;-8,78;DTM;5
800108;-3;-13,17;DTM;5
800108;-3;-13,17;DTM;5
800108;-6;-26,33;DTM;5
800116;-3;-17,51;DTM;5
800116;-4;-23,34;DTM;5
800116;-2;-11,67;DTM;5
800116;-1;-5,84;DTM;5
800116;-2;-11,67;DTM;5
800116;-6;-35,02;DTM;5
800116;-3;-17,51;DTM;5
800202;-100;-1.443,22;DIT;5
800223;-20;-25,97;DTM;5
800223;-11;-14,29;DTM;5
800223;-9;-11,69;DTM;5
800223;-12;-15,58;DTM;5
800223;-40;-51,95;DTM;5
800223;-11;-14,29;DTM;5
800266;-1;-15,8;DTM;5
800344;-1;-29,05;DTM;5
800344;-1;-29,05;DTM;5
800344;-3;-87,16;DTM;5
800362;-3;-20,46;DTM;5
800435;-2;-29,64;DTM;5
800435;-2;-29,64;DTM;5
800595;-6;-19,33;DTM;5
800654;-9;-1.364,82;DTM;5
800654;-3;-454,94;DTM;5
800654;-3;-454,94;DTM;5
800717;-200;0;DTM;5
800822;-3;-68,81;DTM;5
800822;-6;-137,61;DTM;5
800824;-100;-790,84;DIT;5
800861;-10;0;DTM;5
800872;-500;0;DTM;5
800894;-150;-919,16;DIT;5
800894;-3;-18,38;DTM;5
800894;-3;-18,38;DTM;5
800922;-4;-89,45;DTM;5
800922;-2;-44,72;DTM;5
800922;-2;-44,72;DTM;5
800922;-6;-134,17;DTM;5
800982;-2;-58,52;DTM;5
800982;-3;-87,78;DTM;5
801010;-150;-876,79;DIT;5
801064;-8;-21,44;DTM;5
801064;-6;-16,08;DTM;5
801064;-6;-16,08;DTM;5
801064;-6;-16,08;DTM;5
801064;-16;-42,89;DTM;5
801077;-1;-11,75;DTM;5
801077;-1;-11,75;DTM;5
801087;-6;-72,93;DTM;5
801087;-3;-36,47;DTM;5
801114;-100;-583,14;DIT;5
801114;-50;-291,57;DIT;5
801186;-3;-47,22;DTM;5
801199;-3;-27,19;DTM;5
801199;-6;-54,38;DTM;5
801215;-3;-30,1;DTM;5
801216;-100;-744,78;DIT;5
801220;-100;-638,66;DIT;5
801304;-2;-32,46;DTM;5
801313;-6;-162,71;DTM;5
801313;-6;-162,71;DTM;5
801346;-1;-16,24;DTM;5
801346;-1;-16,24;DTM;5
801346;-2;-32,49;DTM;5
801352;-100;-587,96;DIT;5
801352;-3;-17,64;DTM;5
801375;-3;-17,24;DTM;5
801375;-150;-861,92;DIT;5
801375;-3;-17,24;DTM;5
801400;-30;-2.887,85;DIT;5
801826;-150;-864,31;DIT;5
801826;-6;-34,57;DTM;5
803344;-6;-555,69;DTM;5
803344;-6;-555,69;DTM;5
804421;-2;-50,82;DTM;5
804421;-64;0;DTM;5
805459;-12;-1.967,45;DTM;5
805459;-3;-491,86;DTM;5
805459;-3;-491,86;DTM;5
805459;-3;-491,86;DTM;5
110097;-5;-4,55;DCF;5
110516;-1;-15,95;DCF;5
112109;-1;-28,17;DCF;5
400011;-2;-209,5;DTE;5
400072;-10;-37.511,75;DIT;5
400142;-3;-174,94;DTE;5
400142;-3;-174,94;DTE;5
400142;-2;-116,62;DTE;5
400142;-30;-1.749,36;DIT;5
400142;-50;-2.915,61;DIT;5
400221;-5;-10.645,43;DIT;5
400224;-5;-8.089,40;DIT;5
400224;-8;-12.943,03;DIT;5
400224;-5;-8.089,40;DIT;5
400224;-5;-8.089,40;DIT;5
400224;-2;-3.235,76;DIT;5
400442;-98;-456,33;DTE;5
400459;-58;0;DTM;5
400460;-6;-164,23;DTE;5
400506;-5;-49,02;DTE;5
400594;-7;-667,66;DTE;5
400594;-7;-667,66;DTE;5
400655;-6;-252,64;DTE;5
400673;-24;-33,27;DTE;5
400708;-101;-599,3;DTE;5
400708;-9;-53,4;DTE;5
400708;-9;-53,4;DTE;5
400708;-9;-53,4;DTE;5
400708;-50;-296,68;DTE;5
400708;-200;-1.186,74;DTE;5
400708;-5;-29,67;DTE;5
400708;-95;-563,7;DTE;5
400708;-9;-53,4;DTE;5
400730;-570;-10.493,88;DTE;5
400813;-100;-174,69;DIT;5
400813;-2;-3,49;DTE;5
400813;-5;-8,73;DTE;5
400827;-15;-34,5;DTE;5
400828;-9;-313,13;DTE;5
400942;-2;-9,36;DTE;5
400951;-3;-80,31;DTE;5
401127;-7;-13.699,90;DIT;5
401127;-1;-1.957,13;DTM;5
401239;-5;-109,43;DTE;5
401296;-1;-2.214,94;DTM;5
401296;-1;-2.214,93;DTM;5
401451;-50;-1.182,30;DIT;5
401465;-6;-79,07;DTE;5
401471;-3;-100,29;DTE;5
401471;-50;-1.671,46;DIT;5
401500;-2;-26,73;DTE;5
401566;-4;-74,52;DTE;5
401568;-2;-2,48;DTE;5
401608;-3;-151,26;DTE;5
401632;-4.200;-9.282,46;DPC;5
401655;-400;-4.937,92;DPC;5
401791;-21.000;-93.308,17;DPC;5
401823;-3;-85,12;DTE;5
401823;-6;-170,24;DTE;5
401823;-35;-993,09;DTE;5
401823;-6;-170,24;DTE;5
401857;-3;-993,53;DTE;5
401870;-10;-10,16;DTE;5
402026;-1;-23,96;DTE;5
402026;-4;-95,84;DTE;5
402127;-4;-17,48;DTE;5
402128;-12;-111,51;DTE;5
402152;-50;-4.146,30;DIT;5
402152;-6;-497,56;DTE;5
402152;-2;-165,85;DTE;5
402242;-5;-13.435,63;DIT;5
402307;-800;-58.913,39;DPC;5
402397;-120;-3.475,04;DTM;5
402433;-3;-468,2;DTE;5
402533;-7;-17.692,03;DIT;5
402587;-1;-29,69;DTE;5
402650;-3;-4.362,10;DIT;5
402650;-1;-1.454,03;DIT;5
402650;-1;-1.454,03;DIT;5
402650;-4;-5.816,14;DIT;5
402714;-50;-1.706,71;DIT;5
402741;-3;-22,76;DTE;5
402741;-3;-22,76;DTE;5
402847;-2;-2.182,19;DIT;5
402955;-14;-452,79;DTE;5
403121;-3;-32,1;DTE;5
403390;-358;-3.098,95;DPC;5
403574;-5;-333,59;DTE;5
403579;-2.000;-69.400,12;DPC;5
403594;-800;-8.033,02;DPC;5
403642;-3.111;-47.504,44;DPC;5
403656;-2.000;-50.609,86;DPC;5
403675;-200;-2.084,82;DPC;5
403843;-1.000;-15.303,96;DPC;5
403954;-1.000;-42.383,51;DPC;5
404009;-19.037;-112.416,20;DPC;5
404040;-10.000;-1.386,83;DPC;5
404719;-2;-47,67;DTE;5
404719;-1;-23,83;DTE;5
404732;-18;-1.641,86;DTE;5
407129;-1.443;-11.947,28;DPC;5
408291;-22.148;-389.553,71;DPC;5
408291;-750;-13.191,50;DPC;5
408994;-81;-2.052,38;DTE;5
408994;-100;-2.533,80;DIT;5
408994;-27;-684,13;DTE;5
408994;-9;-228,04;DTE;5
408994;-16;-405,41;DTE;5
800033;-9;-52,61;DTE;5
800158;-5;-8,69;DTE;5
800804;-237;-766,02;DIT;5
800822;-50;-1.146,79;DIT;5
801189;-300;-2.746,92;DIT;5
803148;-50;-1.711,24;DIT;5
805642;-60;-168;DCF;5
120140;-1;-65;DTM;5
400072;-5;-21.984,29;DIT;5
400193;-100;-2.965,03;DIT;5
400288;-1;-14.838,56;DTM;5
400375;-50;-360,44;DIT;5
400460;-500;-13.685,79;DIT;5
400474;-600;-16.725,45;DIT;5
401036;-136;-3.222,17;DTE;5
401116;-50;-1.827,34;DIT;5
401117;-100;-1.629,17;DIT;5
401131;-100;-1.303,06;DIT;5
401296;-3;-6.644,81;DTM;5
401435;-50;-215,81;DIT;5
401449;-50;-216,78;DIT;5
401546;-150;-1.065,18;DIT;5
401655;-100;-1.234,48;DIT;5
401686;-40;-476,18;DIT;5
401753;-50;-358,04;DIT;5
401857;-40;-12.623,91;DIT;5
402318;-600;-28.254,81;DIT;5
402627;-1;-24.057,99;DIT;5
402816;-1;-689,35;DIT;5
402816;-1;-689,35;DIT;5
402816;-1;-689,35;DIT;5
402816;-1;-689,35;DIT;5
402816;1;689,35;DIT;5
402816;-1;-689,35;DIT;5
402816;-3;-2.068,04;DIT;5
402816;-1;-689,35;DIT;5
402816;-1;-689,35;DIT;5
402816;-4;-2.757,38;DIT;5
402816;-1;-689,35;DIT;5
402816;-1;-689,35;DIT;5
402816;-4;-2.757,38;DIT;5
402816;-1;-689,35;DIT;5
403275;-50;-2.672,00;DIT;5
403954;-1;-42,38;DPC;5
404071;-50;-8.210,30;DIT;5
405382;-1;-1.903,46;DIT;5
800362;-100;-681,88;DIT;5
800584;-30;-559,19;DTM;5
800682;-500;-14.283,67;DIT;5
800824;-100;-790,84;DIT;5
800824;-30;-237,25;DIT;5
800894;-50;-306,39;DIT;5
800894;-100;-612,77;DIT;5
800894;-150;-919,16;DIT;5
800959;-50;-5.461,29;DIT;5
800959;-50;-5.461,29;DIT;5
801010;-50;-292,26;DIT;5
801010;-100;-584,53;DIT;5
801064;-200;-536,07;DIT;5
801114;-100;-583,14;DIT;5
801220;-100;-638,66;DIT;5
801220;-30;-191,6;DIT;5
801220;-150;-957,99;DIT;5
801233;-150;-882,78;DIT;5
801233;-50;-294,26;DIT;5
801233;-100;-588,52;DIT;5
801303;-100;-591,11;DIT;5
801352;-100;-587,96;DIT;5
801352;-50;-293,98;DIT;5
801375;-50;-287,31;DIT;5
801375;-100;-574,61;DIT;5
801375;-150;-861,92;DIT;5
801826;-150;-864,31;DIT;5
801826;-100;-576,2;DIT;5
801826;-50;-288,1;DIT;5
801834;-150;-874,77;DIT;5
801834;-100;-583,18;DIT;5
801834;-100;-583,18;DIT;5
801955;-100;-589,16;DIT;5
801955;-100;-589,16;DIT;5
804421;-50;-1.270,41;DIT;5
120170;-1;-52,3;DCR;5
120284;-1;-18,92;DCR;5
120297;-1;-8,59;DCR;5
120335;-1;-159,09;DCR;5
120343;-1;-158,87;DCR;5
400072;-5;-21.984,29;DIT;5
400142;-5;-291,56;DIT;5
400221;-15;-31.936,30;DIT;5
400221;-10;-21.290,86;DIT;5
400221;-5;-10.645,43;DIT;5
400221;-10;-21.290,86;DIT;5
400221;-15;-31.936,30;DIT;5
400221;-2;-4.258,17;DIT;5
400221;-5;-10.645,43;DIT;5
400221;-15;-31.936,30;DIT;5
400221;-13;-27.678,12;DIT;5
400221;-1;-2.129,09;DTE;5
400221;-5;-10.645,43;DIT;5
400221;-15;-31.936,30;DIT;5
400221;-10;-21.290,86;DIT;5
400221;-13;-27.678,12;DIT;5
400221;-3;-6.387,26;DTM;5
400224;-4;-6.471,52;DIT;5
400224;-6;-9.707,28;DIT;5
400288;-1;-14.838,56;DTM;5
400292;-3;-1.225,92;DIT;5
400351;-420;-392,96;DPM;5
400442;-2.100;-9.778,55;DPM;5
400443;-80;-557,96;DTM;5
400459;-6;-29,5;DTM;5
400459;-2;-9,83;DTM;5
400474;-100;-2.787,57;DTM;5
400474;-500;-13.937,87;DIT;5
400474;-80;-2.230,06;DTM;5
400474;-40;-1.115,03;DTM;5
400481;-1.050;-6.641,99;DPM;5
400487;-70;-3.838,64;DTM;5
400487;-55;-3.016,08;DTM;5
400487;-100;-5.483,78;DTM;5
400487;-120;-6.580,53;DTM;5
400487;-90;-4.935,40;DTM;5
400487;-480;-26.322,13;DTM;5
400506;-5;-49,02;DTE;5
400594;-10;-953,8;DTM;5
400594;-10;-953,8;DTM;5
400594;-3;-286,14;DTM;5
400594;-10;-953,8;DTM;5
400594;-3;-286,14;DTM;5
400594;-7;-667,66;DTM;5
400594;-3;-286,14;DTM;5
400594;-10;-953,8;DTM;5
400594;-3;-286,14;DTM;5
400594;-7;-667,66;DTM;5
400594;-7;-667,66;DTM;5
400594;-3;-286,14;DTM;5
400594;-6;-572,28;DTM;5
400594;-3;-286,14;DTM;5
400594;-3;-286,14;DTM;5
400594;-3;-286,14;DTM;5
400594;-7;-667,66;DTM;5
400594;-7;-667,66;DTM;5
400594;-7;-667,66;DTE;5
400594;-4;-381,52;DTM;5
400594;-6;-572,28;DTM;5
400594;-42;-4.005,96;DIT;5
400594;-7;-667,66;DTM;5
400594;-7;-667,66;DTM;5
400603;-1,5;-42,69;DTM;5
400603;-2;-56,93;DTM;5
400603;-150;-4.269,45;DTM;5
400708;-15;-88,49;DTM;5
400708;-15;-88,49;DTM;5
400730;-30;-540,5;DTM;5
400730;-380;-6.846,30;DTM;5
400730;-430;-7.747,13;DTM;5
400730;-290;-5.224,81;DTM;5
400730;-820;-14.773,59;DTM;5
400730;-500;-9.008,29;DTM;5
400730;-120;-2.161,99;DTM;5
400730;-500;-9.008,29;DTM;5
400730;-145;-2.612,40;DTM;5
400730;-462;-8.323,66;DTM;5
400790;-8;-168,35;DTE;5
400813;-40;-69,88;DTM;5
400813;-10;-17,47;DTM;5
400813;-60;-104,82;DTM;5
400813;-5;-8,73;DTE;5
400813;-900;-1.572,25;DIT;5
400813;-10;-17,47;DTM;5
400813;-10;-17,47;DTM;5
400813;-100;-174,69;DIT;5
400821;-520;-7.167,88;DTM;5
400827;-16;-36,8;DTE;5
400906;-4;-396,34;DTE;5
400910;-12;-381,64;DTM;5
400910;-18;-572,46;DTM;5
400910;-12;-381,64;DTM;5
400910;-12;-381,64;DTM;5
400910;-6;-190,82;DTM;5
400910;-4;-127,21;DTM;5
400910;-12;-381,64;DTM;5
400910;-12;-381,64;DTM;5
400910;-24;-763,28;DTM;5
400930;-6;-16,39;DTE;5
400942;-2;-9,36;DTE;5
400955;-3;-12,7;DTE;5
400968;-20;-38.633,71;DIT;5
400968;-20;-38.633,71;DIT;5
400968;-20;-38.633,71;DIT;5
400968;-10;-19.316,86;DIT;5
400968;-13;-25.111,91;DIT;5
400968;-13;-25.111,91;DIT;5
400968;-10;-19.316,86;DIT;5
400974;-4;-8;DTE;5
401117;-6;-97,75;DTM;5
401117;-6;-97,75;DTE;5
401117;-2;-32,58;DTM;5
401117;-16;-260,67;DTM;5
401117;-20;-325,83;DTM;5
401117;-4;-65,17;DTM;5
401117;-12;-195,5;DTM;5
401117;-4;-65,17;DTM;5
401117;-16;-260,67;DTM;5
401117;-4;-65,17;DTM;5
401127;-4;-7.828,52;DIT;5
401127;-2;-3.914,26;DIT;5
401127;-1;-1.957,13;DIT;5
401131;-50;-651,53;DIT;5
401193;-3;-21.557,08;DIT;5
401239;-2;-43,77;DTE;5
401264;-3;-79,69;DTE;5
401318;-2;-4.717,06;DIT;5
401318;-2;-4.717,06;DIT;5
401318;-1;-2.358,53;DTM;5
401318;-2;-4.717,06;DIT;5
401318;-2;-4.717,06;DIT;5
401318;-2;-4.717,06;DIT;5
401318;-1;-2.358,53;DTM;5
401360;-5;-8.303,50;DIT;5
401360;-3;-4.982,10;DIT;5
401360;-5;-8.303,49;DIT;5
401360;-5;-8.303,49;DIT;5
401360;-5;-8.303,49;DIT;5
401360;-5;-8.303,50;DIT;5
401360;-5;-8.303,50;DIT;5
401360;-3;-4.982,10;DIT;5
401360;-3;-4.982,10;DIT;5
401396;-1.050;-10.661,09;DPM;5
401402;-1;-73.757,13;DTM;5
401438;-1;-11,75;DTM;5
401438;-2;-23,5;DTM;5
401465;-50;-658,95;DIT;5
401465;-32;-421,73;DPM;5
401485;-4;-431,62;DTM;5
401485;-5;-539,53;DTM;5
401485;-2;-215,81;DTM;5
401485;-3;-323,72;DTM;5
401485;-4;-431,62;DTM;5
401505;-36;-3.522,37;DIT;5
401566;-3;-55,89;DTE;5
401576;-36;-847,84;DPM;5
401576;-2;-47,1;DTE;5
401823;-35;-993,09;DTM;5
401834;-1;-11,69;DTE;5
401844;-1;-96,25;DTM;5
401844;-2;-192,5;DTM;5
401844;-1;-96,25;DTM;5
401844;-4;-385;DTM;5
401844;-3;-288,75;DTM;5
401844;-2;-192,5;DTE;5
401844;-2;-192,5;DTE;5
401844;-1;-96,25;DTE;5
401844;-1;-96,25;DTE;5
401844;-2;-192,5;DTE;5
401844;-2;-192,5;DTE;5
401844;-1;-96,25;DTE;5
401844;-12;-1.154,99;DTM;5
401844;-1;-96,25;DTE;5
401844;-3;-288,75;DTM;5
401937;-2;-6,5;DTE;5
402065;-2;-31,51;DTE;5
402081;-12;-1.168,37;DTM;5
402081;-6;-584,19;DTM;5
402081;-6;-584,19;DTM;5
402105;-18;-1.003,76;DIT;5
402127;-4;-17,48;DTE;5
402136;-20;-48,12;DIT;5
402152;-17;-1.409,74;DTM;5
402242;-5;-13.435,63;DIT;5
402242;-5;-13.435,63;DIT;5
402242;-10;-26.871,27;DIT;5
402242;-10;-26.871,26;DIT;5
402242;-5;-13.435,63;DIT;5
402242;-6;-16.122,76;DIT;5
402312;-4;-58,28;DTE;5
402318;-120;-5.650,96;DTM;5
402318;-440;-20.720,20;DTM;5
402318;-1.050;-49.445,93;DIT;5
402324;-3;-16,32;DTE;5
402397;-195;-5.646,94;DTM;5
402433;-50;-7.803,30;DIT;5
402433;-3;-468,2;DTE;5
402570;-60;-7.547,20;DPM;5
402587;-2;-59,38;DTE;5
402624;-2;-4.645,37;DTE;5
402624;-1;-2.322,68;DTE;5
402675;-1;-342,19;DIT;5
402807;-60;-38.999,54;DPM;5
402816;-3;-2.068,04;DIT;5
403121;-1;-10,7;DTE;5
403182;-6;-1.279,34;DTE;5
403499;-900;-165,76;DPM;5
403579;-25;-867,5;DTM;5
403602;-1.500;-1.037,01;DPM;5
403656;-270;-6.832,33;DPM;5
404732;-6;-547,29;DTE;5
405382;-1;-1.903,46;DIT;5
405473;-5;-670,01;DTE;5
405473;-6;-804,01;DTM;5
408994;-12;-304,06;DTM;5
408994;-3;-76,01;DTM;5
408994;-6;-152,03;DTM;5
408994;-15;-380,07;DTM;5
408994;-12;-304,06;DTM;5
409696;-270;-13.689,34;DTM;5
800033;-12;-70,14;DTM;5
800033;-45;-263,03;DTM;5
800033;-20;-116,9;DTM;5
800033;-4;-23,38;DTM;5
800033;-30;-175,35;DTM;5
800033;-15;-87,68;DTM;5
800033;-15;-87,68;DTM;5
800033;-15;-87,68;DTM;5
800033;-15;-87,68;DTM;5
800033;-15;-87,68;DTM;5
800033;-5;-29,23;DTM;5
800033;-13;-75,99;DTM;5
800033;-13;-75,99;DTM;5
800033;-13;-75,99;DTM;5
800033;-13;-75,99;DTM;5
800033;-10;-58,45;DTM;5
800033;-15;-87,68;DTM;5
800033;-6;-35,07;DTM;5
800033;-6;-35,07;DTM;5
800033;-15;-87,68;DTM;5
800033;-36;-210,43;DTM;5
800033;-13;-75,99;DTM;5
800033;-30;-175,35;DTM;5
800033;-15;-87,68;DTM;5
800033;-15;-87,68;DTM;5
800033;-30;-175,35;DTM;5
800033;-30;-175,35;DTM;5
800033;-30;-175,35;DTM;5
800033;-30;-175,35;DTM;5
800033;-10;-58,45;DTM;5
800033;-30;-175,35;DTM;5
800033;-30;-175,35;DTM;5
800033;-21;-122,75;DTM;5
800033;-15;-87,68;DTM;5
800033;-5;-29,23;DTM;5
800033;-13;-75,99;DTM;5
800033;-30;-175,35;DTM;5
800033;-15;-87,68;DTM;5
800033;-30;-175,35;DTM;5
800033;-13;-75,99;DTM;5
800033;-21;-122,75;DTM;5
800033;-6;-35,07;DTM;5
800033;-15;-87,68;DTM;5
800033;-15;-87,68;DTM;5
800033;-15;-87,68;DTM;5
800033;-64;-374,09;DTM;5
800033;-5;-29,23;DTM;5
800033;-15;-87,68;DTM;5
800033;-15;-87,68;DTM;5
800033;-30;-175,35;DTM;5
800033;-6;-35,07;DTM;5
800033;-15;-87,68;DTM;5
800033;-30;-175,35;DTM;5
800033;-15;-87,68;DTM;5
800033;-15;-87,68;DTM;5
800033;-30;-175,35;DTM;5
800033;-13;-75,99;DTM;5
800033;-6;-35,07;DTM;5
800033;-13;-75,99;DTM;5
800033;-15;-87,68;DTM;5
800033;-30;-175,35;DTM;5
800033;-15;-87,68;DTM;5
800033;-15;-87,68;DTM;5
800033;-15;-87,68;DTM;5
800033;-13;-75,99;DTM;5
800033;-7;-40,92;DTM;5
800033;-15;-87,68;DTM;5
800033;-15;-87,68;DTM;5
800033;-6;-35,07;DTM;5
800033;-12;-70,14;DTM;5
800033;-60;-350,71;DTM;5
800033;-15;-87,68;DTM;5
800033;-15;-87,68;DTM;5
800033;-6;-35,07;DTM;5
800033;-12;-70,14;DTM;5
800033;-2;-11,69;DTM;5
800033;-12;-70,14;DTM;5
800033;-45;-263,03;DTM;5
800033;-20;-116,9;DTM;5
800033;-21;-122,75;DTM;5
800033;-30;-175,35;DTM;5
800033;-15;-87,68;DTM;5
800060;-60;-1.099,80;DTM;5
800060;-18;-329,94;DTM;5
800060;-18;-329,94;DTM;5
800060;-3;-54,99;DTM;5
800158;-5;-8,69;DTM;5
800158;-6;-10,43;DTM;5
800158;-3;-5,22;DTM;5
800158;-3;-5,22;DTM;5
800158;-4;-6,96;DTM;5
800499;-6;-103,86;DTM;5
800499;-16;-276,95;DTM;5
800499;-6;-103,86;DTM;5
800499;-4;-69,24;DTM;5
800499;-6;-103,86;DTM;5
800499;-8;-138,48;DTM;5
800499;-10;-173,1;DTM;5
800499;-14;-242,33;DTM;5
800499;-18;-311,57;DTM;5
800499;-8;-138,48;DTM;5
800499;-6;-103,86;DTM;5
800499;-4;-69,24;DTM;5
800499;-4;-69,24;DTM;5
800499;-4;-69,24;DTM;5
800499;-8;-138,48;DTM;5
800499;-12;-207,71;DTM;5
800499;-8;-138,48;DTM;5
800515;-18;-675;DTM;5
800682;-5;-142,84;DTM;5
800763;-2;-17,35;DTM;5
800763;-6;-52,05;DTM;5
800763;-6;-52,05;DTM;5
800817;-16;-5.084,27;DIT;5
800817;-50;-15.888,34;DIT;5
800892;-100;-754,03;DIT;5
800959;-50;-5.461,29;DIT;5
800981;-3;-14,64;DTM;5
801079;-1;-28,93;DTM;5
801379;-3;-20,94;DTM;5
801379;-4;-27,91;DTM;5
801379;-2;-13,96;DTM;5
801379;-2;-13,96;DTM;5
801379;-4;-27,92;DTM;5
801379;-2;-13,96;DTM;5
801379;-3;-20,94;DTM;5
801379;-4;-27,91;DTM;5
801379;-6;-41,87;DTM;5
801379;-3;-20,94;DTM;5
801379;-3;-20,94;DTM;5
801379;-2;-13,96;DTM;5
801379;-4;-27,91;DTM;5
801379;-3;-20,94;DTM;5
801379;-4;-27,92;DTM;5
801379;-2;-13,96;DTM;5
801379;-4;-27,92;DTM;5
801379;-4;-27,92;DTM;5
120007;-2;-64,15;DTM;5
120141;-1;-158,87;DTM;5
120147;-1;-86,42;DTM;5
120347;-2;-253,2;DTM;5
120392;-1;-519,84;DTM;5
400011;-1;-104,75;DTE;5
400011;-1;-104,75;DTE;5
400072;-5;-21.984,29;DIT;5
400072;-5;-21.984,29;DIT;5
400072;-5;-21.984,29;DIT;5
400072;4;17.587,43;DIT;5
400072;-4;-17.587,43;DIT;5
400072;-5;-21.984,29;DIT;5
400072;-5;-21.984,29;DIT;5
400072;-10;-43.968,58;DIT;5
400072;-5;-21.984,29;DIT;5
400072;-5;-21.984,29;DIT;5
400073;-2;-25.394,37;DIT;5
400073;-3;-38.091,55;DIT;5
400073;-3;-38.091,55;DIT;5
400073;-2;-25.394,37;DIT;5
400073;2;25.394,37;DIT;5
400073;-3;-38.091,55;DIT;5
400073;-4;-50.788,74;DIT;5
400130;-4;-11,94;DTM;5
400137;-9;-28,36;DIT;5
400140;-28;-172,08;DIT;5
400140;-1;-6,15;DTE;5
400140;-4;-24,58;DTE;5
400140;-12;-73,75;DTM;5
400140;-10;-61,46;DTM;5
400140;-8;-49,17;DTM;5
400140;-12;-73,75;DTM;5
400140;-2;-12,29;DTM;5
400140;-8;-49,17;DTM;5
400140;-12;-73,75;DTM;5
400140;-1;-6,15;DTM;5
400140;-1;-6,15;DTE;5
400140;-2;-12,29;DTE;5
400140;-160;-983,34;DIT;5
400140;-4;-24,58;DTM;5
400140;-80;-491,67;DIT;5
400142;-3;-174,94;DTE;5
400142;-2;-116,62;DTE;5
400142;-3;-174,94;DTM;5
400142;-3;-174,94;DTE;5
400142;-3;-174,94;DTE;5
400142;-6;-349,87;DTE;5
400142;-1;-58,31;DTE;5
400142;-3;-174,94;DTE;5
400142;-3;-174,94;DTE;5
400192;-2;-28,99;DTE;5
400192;-2;-28,99;DTE;5
400193;-5;-148,25;DTE;5
400193;-2;-59,3;DTE;5
400193;-3;-88,95;DTE;5
400193;-3;-88,95;DTE;5
400193;-4;-118,6;DTE;5
400193;-3;-88,95;DTE;5
400193;-2;-59,3;DTE;5
400193;-3;-88,95;DTE;5
400193;-10;-296,5;DIT;5
400221;5;10.645,43;DIT;5
400221;-5;-10.645,43;DIT;5
400221;2;4.258,17;DIT;5
400243;-1;-11.806,65;DIT;5
400292;-3;-1.225,92;DIT;5
400292;-3;-1.225,92;DIT;5
400292;-3;-1.225,92;DIT;5
400307;-12;-76,12;DTM;5
400344;-2;-75,31;DTE;5
400359;-2;-40,55;DTE;5
400366;-2;-23,24;DTM;5
400366;-6;-69,71;DTM;5
400366;-1;-11,62;DTE;5
400373;-2;-1,57;DTM;5
400375;-2;-14,42;DTE;5
400375;-100;-720,88;DIT;5
400375;-36;-259,52;DIT;5
400375;-1;-7,21;DTE;5
400474;-500;-13.937,87;DIT;5
400474;-500;-13.937,87;DIT;5
400474;500;13.937,87;DIT;5
400474;500;13.937,87;DIT;5
400474;-50;-1.393,79;DIT;5
400484;-2;-31,66;DTE;5
400487;-500;-27.418,88;DIT;5
400506;-3;-29,41;DTM;5
400506;-5;-49,02;DTE;5
400506;-5;-49,02;DTE;5
400506;-3;-29,41;DTM;5
400506;-2;-19,61;DTM;5
400506;-2;-19,61;DTM;5
400506;-5;-49,02;DTE;5
400506;-5;-49,02;DTE;5
400506;-5;-49,02;DTE;5
400518;-3;-28,3;DTE;5
400518;-1;-9,43;DTE;5
400518;-6;-56,59;DTM;5
400518;-2;-18,86;DTE;5
400532;-1;-2,65;DTE;5
400532;-2;-5,31;DTE;5
400532;-2;-5,31;DTE;5
400594;-42;-4.005,96;DIT;5
400594;42;4.005,96;DIT;5
400594;42;4.005,96;DIT;5
400594;-42;-4.005,96;DIT;5
400665;-4;-94,56;DTE;5
400665;-6;-141,84;DTE;5
400665;-6;-141,84;DTE;5
400665;-9;-212,75;DTE;5
400665;-6;-141,84;DTE;5
400673;-10;-13,86;DTM;5
400673;-36;-49,91;DTM;5
400673;-10;-13,86;DTM;5
400673;-9;-12,48;DTM;5
400673;-2;-2,77;DTM;5
400673;-1;-1,39;DTM;5
400673;-3;-4,16;DTM;5
400673;-10;-13,86;DTM;5
400673;-33;-45,75;DTM;5
400673;-30;-41,59;DTM;5
400673;-3;-4,16;DTM;5
400673;-2;-2,77;DTM;5
400673;-4;-5,55;DTM;5
400673;-6;-8,32;DTM;5
400673;-6;-8,32;DTM;5
400758;-3;-1.493,24;DTE;5
400790;-8;-168,35;DTE;5
400790;-8;-168,35;DTE;5
400790;-8;-168,35;DTE;5
400790;-8;-168,35;DTE;5
400805;-3;-16,72;DTE;5
400809;-12;-19,53;DTE;5
400809;-2;-3,25;DTE;5
400809;-4;-6,51;DTE;5
400827;-3;-6,9;DTE;5
400827;-37;-85,11;DTE;5
400827;-13;-29,9;DTE;5
400827;-90;-207,02;DTE;5
400827;-3;-6,9;DTE;5
400827;-10;-23;DTE;5
400827;-18;-41,4;DTE;5
400827;-10;-23;DTE;5
400827;-54;-124,21;DTE;5
400827;-11;-25,3;DTE;5
400827;-65;-149,51;DIT;5
400906;-4;-396,34;DTE;5
400906;-4;-396,34;DTE;5
400906;-4;-396,34;DTE;5
400906;-4;-396,34;DTE;5
400908;-5;-444,88;DIT;5
400908;-2;-177,95;DTE;5
400910;-18;-572,46;DTM;5
400910;-12;-381,64;DTM;5
400930;-8;-21,85;DTE;5
400930;-4;-10,93;DTE;5
400930;-4;-10,93;DTE;5
400930;-4;-10,93;DTM;5
400930;-14;-38,24;DTM;5
400930;-12;-32,78;DTM;5
400930;-2;-5,46;DTM;5
400930;-4;-10,93;DTM;5
400930;-4;-10,93;DTE;5
400930;-8;-21,85;DIT;5
400930;-14;-38,24;DTE;5
400930;-4;-10,93;DTE;5
400942;-4;-18,72;DTE;5
400942;-13;-60,84;DTE;5
400942;-2;-9,36;DTE;5
400955;-5;-21,16;DIT;5
400955;-4;-16,93;DTM;5
400955;-2;-8,46;DTE;5
400955;-4;-16,93;DTE;5
400955;-2;-8,46;DTE;5
400974;-4;-8;DTM;5
400974;-6;-12;DTE;5
400974;-12;-24,01;DTE;5
400974;-10;-20,01;DTE;5
400974;-18;-36,01;DIT;5
400974;-6;-12;DTE;5
400974;-12;-24,01;DTM;5
400974;-12;-24,01;DTE;5
400974;-6;-12;DTE;5
400974;-4;-8;DTE;5
400974;-12;-24,01;DTM;5
400974;-4;-8;DTM;5
401034;-3;-38,48;DTE;5
401034;-4;-51,31;DTE;5
401034;-6;-76,97;DTE;5
401056;-3;-17,4;DTE;5
401056;-3;-17,4;DTE;5
401056;-3;-17,4;DTE;5
401088;-6;-13,1;DTM;5
401108;-3;-7,02;DTE;5
401108;-12;-28,07;DTM;5
401116;-3;-109,64;DTE;5
401116;-9;-328,92;DTE;5
401116;-4;-146,19;DTE;5
401116;-21;-767,48;DTE;5
401116;-10;-365,47;DIT;5
401116;-6;-219,28;DTE;5
401116;-4;-146,19;DTE;5
401116;-3;-109,64;DTE;5
401116;-6;-219,28;DTM;5
401117;-4;-65,17;DTM;5
401117;-4;-65,17;DTE;5
401117;-2;-32,58;DTM;5
401117;-12;-195,5;DTM;5
401117;-8;-130,33;DTM;5
401117;-4;-65,17;DTM;5
401117;-14;-228,08;DTM;5
401117;-4;-65,17;DTM;5
401117;-4;-65,17;DTM;5
401117;-8;-130,33;DTM;5
401117;-4;-65,17;DTM;5
401117;-8;-130,33;DIT;5
401117;-8;-130,33;DTE;5
401117;-4;-65,17;DTM;5
401117;-6;-97,75;DTM;5
401117;-6;-97,75;DTM;5
401117;-16;-260,67;DTE;5
401117;-4;-65,17;DTE;5
401117;-4;-65,17;DTM;5
401117;-8;-130,33;DTE;5
401117;-4;-65,17;DTE;5
401117;-4;-65,17;DTM;5
401117;-4;-65,17;DTE;5
401117;-6;-97,75;DTE;5
401117;-14;-228,08;DTE;5
401117;-4;-65,17;DTM;5
401131;-8;-87,24;DTM;5
401131;-2;-21,81;DTM;5
401131;-8;-87,24;DTM;5
401131;-4;-43,62;DTM;5
401131;-6;-65,43;DTM;5
401131;-6;-65,43;DTM;5
401131;-3;-32,72;DTM;5
401131;-4;-43,62;DTM;5
401131;-1;-10,91;DTM;5
401131;-29;-316,25;DIT;5
401131;-52;-677,59;DTE;5
401131;-5;-65,15;DTE;5
401131;-8;-104,24;DTE;5
401131;-4;-43,62;DTM;5
401131;-4;-43,62;DTM;5
401131;-4;-43,62;DTE;5
401131;-4;-52,12;DTM;5
401131;-3;-32,72;DTE;5
401131;-9;-98,15;DTE;5
401131;-1;-10,91;DTE;5
401131;-5;-54,53;DTE;5
401131;-15;-195,46;DTM;5
401131;-1;-10,91;DTM;5
401131;-3;-32,72;DTM;5
401131;-6;-65,43;DTM;5
401131;-6;-65,43;DTM;5
401193;-2;-14.371,39;DIT;5
401193;-2;-14.371,39;DIT;5
401239;-3;-69,05;DTE;5
401239;-3;-69,05;DIT;5
401239;-4;-92,07;DTE;5
401239;-1;-23,02;DTE;5
401239;-1;-23,02;DTE;5
401239;-9;-207,15;DTE;5
401239;-2;-46,03;DTE;5
401239;-2;-46,03;DTM;5
401239;-2;-46,03;DTM;5
401264;-9;-239,06;DIT;5
401264;-3;-79,69;DTE;5
401264;-15;-398,43;DTE;5
401324;-1;-10.395,14;DIT;5
401375;-2;-371,89;DTE;5
401435;-3;-12,95;DTE;5
401438;-3;-35,25;DTE;5
401438;-2;-46,65;DTE;5
401438;-2;-46,65;DTE;5
401438;-2;-46,65;DTE;5
401451;-3;-70,94;DTM;5
401451;-3;-70,94;DTM;5
401471;-1;-33,43;DTE;5
401471;-1;-33,43;DTE;5
401471;-3;-100,29;DTE;5
401471;-3;-100,29;DTM;5
401471;-1;-33,43;DTE;5
401485;-5;-539,53;DTE;5
401505;-36;-3.522,37;DIT;5
401505;-36;-3.522,37;DIT;5
401505;36;3.522,37;DIT;5
401505;36;3.522,37;DIT;5
401566;-2;-37,26;DTM;5
401566;-1;-18,63;DTM;5
401566;-2;-37,26;DTM;5
401566;-4;-74,52;DTM;5
401566;-8;-149,04;DTM;5
401566;-1;-18,63;DTM;5
401566;-4;-74,52;DTM;5
401566;-1;-18,63;DTM;5
401566;-4;-74,52;DTM;5
401566;-2;-37,26;DTM;5
401566;-6;-111,78;DTM;5
401566;-1;-18,63;DTM;5
401566;-1;-18,63;DTM;5
401566;-4;-74,52;DTM;5
401566;-1;-18,63;DTM;5
401566;-100;-1.863,02;DIT;5
401566;-2;-37,26;DTE;5
401566;-1;-18,63;DTM;5
401566;-8;-149,04;DTM;5
401566;-1;-18,63;DTM;5
401566;-4;-74,52;DTE;5
401566;-80;-1.490,42;DIT;5
401566;-4;-74,52;DTE;5
401566;-50;-931,51;DIT;5
401574;-12;-228,09;DTE;5
401574;-1;-19,01;DTM;5
401576;-2;-47,1;DTM;5
401620;-36;-104,75;DIT;5
401655;-2;-24,69;DTM;5
401657;-20;-2.904,37;DIT;5
401683;-1;-187,82;DTM;5
401686;-3;-35,71;DTE;5
401686;-4;-47,62;DTE;5
401752;-1;-5.420,80;DTM;5
401752;-1;-5.420,80;DTM;5
401753;-100;-716,09;DIT;5
401753;-2;-14,32;DTM;5
401763;-2;-75,14;DTE;5
401791;-2.000;-8.886,49;DIT;5
401791;-1.000;-4.443,25;DIT;5
401791;-1.000;-4.443,25;DIT;5
401791;-3.000;-13.329,74;DIT;5
401791;-2.000;-8.886,49;DIT;5
401791;-2.000;-8.886,49;DIT;5
401791;-2.000;-8.886,49;DIT;5
401791;-2.000;-8.886,49;DIT;5
401834;-100;-1.169,28;DIT;5
401834;-3;-35,08;DTE;5
401844;-2;-192,5;DTE;5
401857;-3;-946,79;DTE;5
401857;-3;-946,79;DTM;5
401857;-2;-631,2;DTE;5
401857;-3;-946,79;DTE;5
401857;-3;-946,79;DTE;5
401857;-20;-6.311,95;DIT;5
401857;-1;-315,6;DTE;5
401857;-3;-946,79;DTM;5
401857;-3;-946,79;DTE;5
401857;-3;-946,79;DTE;5
401857;-3;-946,79;DTM;5
401857;-3;-946,79;DTE;5
401857;-3;-946,79;DTE;5
401870;-10;-10,16;DTE;5
401870;-12;-12,19;DTE;5
401870;-1;-1,02;DTE;5
401870;-1;-1,02;DTE;5
401870;-6;-6,1;DTE;5
401870;-6;-6,1;DTE;5
401870;-2;-2,03;DTE;5
401870;-6;-6,1;DTE;5
401870;-2;-2,03;DTE;5
401870;-6;-6,1;DTE;5
401888;-1;-30,35;DTE;5
401888;-3;-91,04;DTE;5
401888;-3;-91,04;DTE;5
401927;-10;-189,56;DIT;5
401937;-16;-52,01;DTE;5
401937;-3;-9,75;DTE;5
401937;-1;-3,25;DTE;5
401937;-1;-3,25;DTE;5
401937;-1;-3,25;DTE;5
401992;-2;-817,28;DIT;5
402017;-1;-154,38;DTM;5
402026;-4;-95,84;DTE;5
402105;18;1.003,76;DIT;5
402105;-4;-223,06;DTM;5
402105;-18;-1.003,76;DIT;5
402105;-8;-446,12;DTM;5
402105;-12;-669,17;DTM;5
402105;-4;-223,06;DTM;5
402105;-18;-1.003,76;DIT;5
402105;-4;-223,06;DTM;5
402105;18;1.003,76;DIT;5
402105;-4;-223,06;DTM;5
402105;-8;-446,12;DTM;5
402105;-21;-1.171,06;DTM;5
402105;-8;-446,12;DTM;5
402105;-8;-446,12;DTM;5
402105;-4;-223,06;DTM;5
402106;-12;-883,01;DTE;5
402106;-2;-147,17;DTE;5
402123;-3;-17,89;DTE;5
402123;-50;-298,13;DIT;5
402123;-3;-17,89;DTE;5
402127;-20;-87,38;DTM;5
402127;-4;-17,48;DTM;5
402127;-23;-100,49;DTE;5
402127;-4;-17,48;DTE;5
402127;-4;-17,48;DTE;5
402127;-4;-17,48;DTE;5
402127;-2;-8,74;DTE;5
402132;-1;-9.958,64;DIT;5
402132;-2;-19.917,29;DIT;5
402136;-20;-48,12;DIT;5
402136;-20;-48,12;DIT;5
402152;-100;-8.292,60;DIT;5
402152;-100;-8.292,60;DIT;5
402161;-4;-16,6;DTE;5
402161;-10;-41,51;DIT;5
402185;-6;-256,5;DTE;5
402185;-3;-128,25;DTE;5
402185;-3;-128,25;DTE;5
402221;-1;-44,16;DTE;5
402221;-1;-44,16;DTE;5
402221;-1;-44,16;DTE;5
402221;-9;-397,41;DTE;5
402221;-3;-132,47;DTE;5
402287;-2;-21,78;DTE;5
402287;-1;-10,89;DTM;5
402287;-2;-21,78;DTM;5
402287;-2;-21,78;DTM;5
402287;-1;-10,89;DTE;5
402287;-2;-21,78;DTM;5
402287;-1;-10,89;DTE;5
402287;-1;-10,89;DTE;5
402287;-2;-21,78;DTE;5
402287;-12;-130,69;DIT;5
402296;-12;-150,31;DTM;5
402296;-6;-75,16;DTM;5
402296;-12;-150,31;DTM;5
402296;-4;-50,1;DTE;5
402296;-9;-112,73;DTE;5
402296;-4;-50,1;DTE;5
402296;-3;-37,58;DTE;5
402296;-2;-25,05;DTE;5
402296;-3;-37,58;DTE;5
402296;-3;-37,58;DTE;5
402296;-2;-25,05;DTE;5
402296;-21;-263,05;DTE;5
402307;-16;-1.178,27;DTM;5
402307;-260;-19.146,85;DIT;5
402307;-6;-441,85;DTM;5
402307;-60;-4.418,50;DTM;5
402307;-8;-589,13;DTM;5
402307;-4;-294,57;DTM;5
402307;-10;-736,42;DTM;5
402307;-12;-883,7;DTM;5
402307;-100;-7.364,17;DIT;5
402307;-32;-2.356,54;DTM;5
402307;-40;-2.945,67;DTM;5
402312;-2;-23,73;DTE;5
402312;-5;-59,31;DTE;5
402312;-2;-23,73;DTE;5
402312;-31;-451,63;DTE;5
402312;-3;-43,71;DTE;5
402312;-10;-145,69;DTE;5
402312;-2;-29,14;DTE;5
402312;-1;-11,86;DTE;5
402312;-3;-35,59;DIT;5
402312;-9;-106,76;DTE;5
402318;1.050;49.445,93;DIT;5
402318;-1.050;-49.445,93;DIT;5
402318;1.050;49.445,93;DIT;5
402318;-1.010;-47.562,27;DIT;5
402324;-2;-10,18;DTE;5
402324;-4;-21,77;DTE;5
402327;-4;-86,9;DTM;5
402331;-1;-47,63;DTE;5
402331;-1;-47,63;DTE;5
402354;-4;-20,98;DTE;5
402373;-12;-129,63;DTE;5
402397;-40;-1.158,35;DTM;5
402401;-3;-83,41;DTE;5
402401;-3;-83,41;DTE;5
402401;-15;-417,05;DTM;5
402401;-15;-417,05;DTE;5
402401;-3;-83,41;DTE;5
402401;-6;-166,82;DTE;5
402401;-3;-83,41;DTM;5
402401;-3;-83,41;DTM;5
402401;-3;-83,41;DTM;5
402404;-2;-18,15;DTE;5
402433;-1;-156,07;DTE;5
402433;-3;-468,2;DTE;5
402433;-1;-156,07;DTE;5
402433;-3;-468,2;DTE;5
402433;-3;-468,2;DTM;5
402490;-4;-1.342,32;DTM;5
402587;-1;-29,69;DTE;5
402587;-4;-118,76;DTE;5
402587;-1;-29,69;DTE;5
402587;-1;-29,69;DTE;5
402587;-1;-29,69;DTE;5
402587;-1;-29,69;DTM;5
402587;-2;-59,38;DTE;5
402587;-1;-29,69;DTE;5
402587;-1;-29,69;DTE;5
402587;-2;-59,38;DTE;5
402650;-1;-1.454,03;DTM;5
402672;-1;-23,11;DTE;5
402675;-1;-342,19;DIT;5
402675;-1;-342,19;DIT;5
402675;-1;-342,19;DIT;5
402733;-2;-11,72;DTE;5
402733;-1;-5,86;DTE;5
402741;-3;-22,76;DTM;5
402816;-1;-689,35;DIT;5
402816;-4;-2.757,38;DIT;5
402816;-1;-689,35;DIT;5
402816;-1;-689,35;DIT;5
402824;-100;-5.806,50;DIT;5
402847;-1;-1.091,09;DTM;5
402847;-1;-1.091,09;DTM;5
402847;-3;-3.273,28;DTM;5
402847;-2;-2.182,19;DTM;5
403121;-1;-10,7;DTE;5
403121;-2;-21,4;DTE;5
403121;-1;-10,7;DTE;5
403121;-3;-32,1;DTE;5
403121;-3;-32,1;DTE;5
403121;-8;-85,61;DIT;5
403121;-1;-10,7;DTE;5
403182;-6;-1.279,34;DTE;5
403337;-1;-1.034,28;DIT;5
403602;-6;-4,15;DTE;5
403602;-6;-4,15;DTE;5
403804;-2;-13,67;DTE;5
403804;-1;-6,83;DTE;5
404071;-3;-492,62;DTE;5
404071;-6;-985,24;DTM;5
404071;-3;-492,62;DTE;5
404084;-21;-468;DTM;5
404084;-3;-66,86;DTM;5
404084;-4;-89,14;DTE;5
404084;-12;-267,43;DTM;5
404084;-12;-267,43;DTE;5
404084;-3;-66,86;DTE;5
404084;-2;-44,57;DTE;5
404114;-1;-587,02;DIT;5
404157;-1;-23,16;DTE;5
404719;-1;-18,8;DTE;5
404719;-2;-37,6;DTE;5
404719;-7;-131,6;DTE;5
404719;-1;-18,8;DTE;5
404719;-2;-37,6;DTE;5
404719;-2;-37,6;DTE;5
404719;-1;-18,8;DTM;5
404719;-1;-18,8;DTM;5
404719;-2;-37,6;DTM;5
404719;-1;-18,8;DTM;5
404719;-1;-18,8;DTM;5
404719;-3;-56,4;DTE;5
404732;-4;-364,86;DTM;5
404732;-18;-1.641,86;DTM;5
404732;-6;-547,29;DTM;5
404740;-6;-462,25;DTE;5
404740;-3;-231,12;DTE;5
404741;-3;-206,61;DTE;5
404741;-9;-619,83;DTE;5
404741;-1;-68,87;DTE;5
404741;-6;-413,22;DTE;5
405382;-1;-1.903,46;DIT;5
405382;-1;-1.903,46;DIT;5
405382;-1;-1.903,46;DIT;5
408994;-15;-380,07;DTM;5
408994;-6;-152,03;DTM;5
408994;-3;-76,01;DTM;5
408994;-6;-152,03;DTE;5
408994;-9;-228,04;DIT;5
408994;-3;-76,01;DTE;5
408994;-15;-380,07;DTE;5
408994;-3;-76,01;DTM;5
408994;-6;-152,03;DTM;5
408994;-3;-76,01;DTM;5
408994;-9;-228,04;DTM;5
408994;-12;-304,06;DTM;5
408994;-3;-76,01;DTM;5
408994;-3;-76,01;DTM;5
408994;-3;-76,01;DTM;5
408994;-10;-253,38;DTM;5
408994;-3;-76,01;DTM;5
408994;-3;-76,01;DTE;5
408994;-3;-76,01;DTE;5
408994;-3;-76,01;DTE;5
408994;-3;-76,01;DTM;5
408994;-9;-228,04;DTM;5
408994;-3;-76,01;DTM;5
408994;-12;-304,06;DTM;5
408994;-9;-228,04;DTM;5
408994;-3;-76,01;DTM;5
408994;-3;-76,01;DTM;5
408994;-1;-25,34;DTE;5
408994;-6;-152,03;DTM;5
408994;-3;-76,01;DTM;5
410122;-5;-75.169,48;DIT;5
410122;-2;-30.067,79;DIT;5
410122;-5;-75.169,48;DIT;5
410122;-4;-60.135,58;DIT;5
410122;-3;-45.101,69;DIT;5
410147;-10;-2.975,68;DPC;5
410153;-20;-6.963,20;DPC;5
800007;-3;-13,77;DTE;5
800021;-100;-8.267,36;DIT;5
800054;-8;-152,24;DTE;5
800108;-2;-8,78;DTM;5
800116;-2;-11,67;DTM;5
800119;-3;-38,47;DTE;5
800119;-2;-25,65;DTE;5
800158;-200;-347,75;DIT;5
800223;-9;-11,69;DTM;5
800228;-100;-802,35;DIT;5
800344;-2;-58,11;DTE;5
800344;-1;-29,05;DTM;5
800348;-3;-54,53;DTE;5
800362;-100;-681,88;DIT;5
800364;-3;-48,22;DTM;5
800435;-2;-29,64;DTM;5
800473;-1;-66,43;DTE;5
800499;-2;-34,62;DTE;5
800499;-4;-69,24;DTM;5
800499;-4;-69,24;DTM;5
800499;-4;-69,24;DTE;5
800515;-3;-112,5;DTE;5
800654;-3;-454,94;DTE;5
800654;-3;-454,94;DTM;5
800654;-3;-454,94;DTM;5
800668;-1;-2,84;DTE;5
800715;-2;-2,99;DTE;5
800717;-12;-815,2;DTM;5
800717;-3;-203,8;DTM;5
800717;-3;-203,8;DTM;5
800717;-3;-203,8;DTE;5
800817;-3;-953,3;DTM;5
800817;-3;-953,3;DTE;5
800817;-9;-2.859,90;DTM;5
800817;-3;-953,3;DTM;5
800822;-3;-68,81;DTM;5
800822;-3;-68,81;DTM;5
800824;-100;-790,84;DIT;5
800825;-3;-18,49;DTM;5
800852;-2;-40,11;DTE;5
800876;-9;-199,22;DTM;5
800889;-3;-56,44;DTE;5
800889;-100;-1.881,49;DIT;5
800894;-100;-612,77;DIT;5
800894;-3;-18,38;DTE;5
800894;-100;-612,77;DIT;5
800894;-3;-18,38;DTM;5
800894;-100;-612,77;DIT;5
800922;-1;-23,51;DTE;5
800959;-30;-3.276,78;DIT;5
800959;-50;-5.461,29;DIT;5
800959;-50;-5.461,29;DIT;5
800982;-3;-87,78;DTE;5
801010;-100;-584,53;DIT;5
801010;-100;-584,53;DIT;5
801047;-17;-49,36;DTE;5
801047;-6;-17,42;DTE;5
801064;-100;-268,04;DIT;5
801064;-50;-134,02;DIT;5
801064;-2;-5,36;DTE;5
801064;-4;-10,72;DTE;5
801087;-10;-121,55;DIT;5
801114;-100;-583,14;DIT;5
801114;-90;-524,83;DIT;5
801164;-3;-82,01;DTE;5
801186;-2;-31,48;DTE;5
801215;-5;-50,16;DTE;5
801215;-2;-20,06;DTM;5
801215;-3;-30,1;DTM;5
801220;-3;-19,16;DTE;5
801220;-100;-638,66;DIT;5
801233;-100;-588,52;DIT;5
801233;-100;-588,52;DIT;5
801233;-100;-588,52;DIT;5
801256;-1;-111,13;DTE;5
801272;-10;-40,75;DIT;5
801313;-3;-81,35;DTM;5
801313;-3;-81,36;DTE;5
801352;-3;-17,64;DTM;5
801352;-100;-587,96;DIT;5
801373;-50;-493,84;DIT;5
801375;-100;-574,61;DIT;5
801379;-3;-20,94;DTE;5
801379;-2;-13,96;DTE;5
801400;-4;-385,05;DTE;5
801826;-6;-34,57;DTM;5
801826;-100;-576,2;DIT;5
802246;-3;-496,14;DTE;5
802246;-3;-496,13;DTE;5
802848;-700;-3.025,09;DTM;5
802848;-700;-3.025,09;DTM;5
803368;-6;-176,94;DTM;5
803907;-50;-4.777,67;DIT;5
804421;-3;-76,22;DTE;5
120167;-1;-114,75;DCR;5
120335;-2;-318,17;DPC;5
120344;-1;-158,87;DCR;5
120344;-1;-158,87;DPC;5
120347;-1;-126,6;DPC;5
120452;-1;-2,55;DCR;5
400140;-100;-614,58;DIT;5
400142;-3;-174,94;DTM;5
400192;-100;-1.449,72;DIT;5
400221;10;21.290,86;DIT;5
400221;-10;-21.290,86;DIT;5
400224;-4;-6.471,52;DIT;5
400224;4;6.471,52;DIT;5
400460;-504;-13.795,28;DIT;5
400460;-193;-5.282,72;DIT;5
400460;-500;-13.685,79;DIT;5
400474;-60;-1.672,54;DIT;5
400478;-4;-93,15;DTM;5
400487;-87;-4.770,89;DIT;5
400496;-2;-57,27;DTM;5
400506;-100;-980,32;DIT;5
400758;-6;-2.986,48;DTM;5
400758;-6;-2.986,48;DTM;5
400813;-500;-873,47;DIT;5
400930;-200;-546,34;DIT;5
400968;13;25.111,91;DIT;5
400968;-13;-25.111,91;DIT;5
400974;-100;-200,06;DIT;5
401127;-3;-5.871,39;DIT;5
401127;4;7.828,52;DIT;5
401131;-1;-10,91;DTM;5
401239;-3;-69,05;DTM;5
401239;-6;-138,1;DTM;5
401239;-9;-207,15;DTM;5
401318;2;4.717,06;DIT;5
401318;-2;-4.717,06;DIT;5
401360;-5;-8.303,49;DIT;5
401360;5;8.303,49;DIT;5
401505;-100;-9.784,35;DIT;5
401823;-300;-8.512,20;DIT;5
401823;-221;-6.270,65;DIT;5
401834;-100;-1.169,28;DIT;5
401888;-1;-30,35;DTM;5
401888;-3;-91,04;DTM;5
401892;-2;-48,14;DTM;5
401892;-4;-96,28;DTM;5
401892;-5;-120,35;DTM;5
402202;-2;-56,81;DTM;5
402202;-3;-85,21;DTM;5
402202;-1;-28,4;DTM;5
402312;-10;-118,63;DTM;5
402312;-7;-83,04;DTM;5
402312;-16;-189,8;DTM;5
402312;-14;-166,08;DTM;5
402312;-100;-1.186,26;DIT;5
402318;-50;-2.354,57;DIT;5
402324;-4;-20,37;DTM;5
402433;-40;-6.242,64;DIT;5
402433;-3;-468,2;DTM;5
402741;-3;-22,76;DTM;5
402934;-100;-741,19;DIT;5
403182;-100;-21.322,29;DIT;5
403656;-2.513;-63.786,81;DCR;5
404071;-100;-16.420,59;DIT;5
800108;-3;-13,17;DTM;5
800108;-4;-17,55;DTM;5
800108;-4;-17,55;DTM;5
800108;-5;-21,94;DTM;5
800108;-2;-8,78;DTM;5
800108;-2;-8,78;DTM;5
800108;-2;-8,78;DTM;5
800116;-2;-11,67;DTM;5
800116;-2;-11,67;DTM;5
800116;-2;-11,67;DTM;5
800116;-6;-35,02;DTM;5
800116;-4;-23,34;DTM;5
800116;-3;-17,51;DTM;5
800116;-1;-5,84;DTM;5
800116;-4;-23,35;DTM;5
800118;-3;-53,23;DTM;5
800148;-500;-418,69;DIT;5
800223;-22;-28,57;DTM;5
800223;-25;-32,47;DTM;5
800223;-11;-14,29;DTM;5
800223;-11;-14,29;DTM;5
800223;-12;-15,58;DTM;5
800223;-38;-49,35;DTM;5
800223;-26;-33,76;DTM;5
800223;-33;-42,86;DTM;5
800223;-15;-19,48;DTM;5
800223;-11;-14,29;DTM;5
800223;-12;-15,58;DTM;5
800223;-13;-16,88;DTM;5
800223;-10;-12,99;DTM;5
800228;-3;-24,07;DTM;5
800228;-2;-16,05;DTM;5
800266;-2;-31,6;DTM;5
800266;-2;-31,6;DTM;5
800266;-2;-31,6;DTM;5
800274;-6;-71,1;DTM;5
800274;-6;-71,1;DTM;5
800291;-3;-32,89;DTM;5
800337;-1;-66,93;DTM;5
800337;-4;-267,74;DTM;5
800337;-14;-937,07;DTM;5
800337;-6;-401,6;DTM;5
800337;-4;-267,74;DTM;5
800341;-3;-111,9;DTM;5
800357;-5;-41,28;DTM;5
800362;-100;-681,88;DIT;5
800362;-200;-1.363,77;DIT;5
800362;100;681,88;DIT;5
800364;-3;-48,22;DTM;5
800364;-3;-48,22;DTM;5
800364;-3;-48,22;DTM;5
800364;-3;-48,22;DTM;5
800369;-8;-205,45;DTM;5
800369;-2;-51,36;DTM;5
800369;-2;-51,36;DTM;5
800369;-1;-25,68;DTM;5
800369;-2;-51,36;DTM;5
800369;-1;-25,68;DTM;5
800369;-4;-102,73;DTM;5
800369;-3;-77,04;DTM;5
800369;-4;-102,73;DTM;5
800372;-1;-9,02;DTM;5
800390;-1;-28,92;DTM;5
800429;-100;-129,1;DIT;5
800429;-2;-2,58;DIT;5
800431;-1;-31,74;DTM;5
800431;-1;-31,74;DTM;5
800431;-1;-31,74;DTM;5
800435;-4;-59,29;DTM;5
800435;-2;-29,64;DTM;5
800435;-2;-29,64;DTM;5
800435;-3;-44,47;DTM;5
800435;-1;-14,82;DTM;5
800436;-2;-60,64;DTM;5
800436;-1;-30,32;DTM;5
800448;-3;-67,43;DTM;5
800448;-3;-67,43;DTM;5
800499;-2;-34,62;DTM;5
800499;-4;-69,24;DTM;5
800499;-4;-69,24;DTM;5
800499;-4;-69,24;DTM;5
800499;-4;-69,24;DTM;5
800499;-4;-69,24;DTM;5
800499;-4;-69,24;DTM;5
800499;-8;-138,48;DTM;5
800499;-8;-138,48;DTM;5
800499;-8;-138,48;DTM;5
800499;-4;-69,24;DTM;5
800499;-8;-138,48;DTM;5
800499;-8;-138,48;DTM;5
800499;-8;-138,48;DTM;5
800499;-8;-138,48;DTM;5
800499;-4;-69,24;DTM;5
800499;-4;-69,24;DTM;5
800499;-2;-34,62;DTM;5
800499;-20;-346,19;DTM;5
800499;-4;-69,24;DTM;5
800499;-14;-242,33;DTM;5
800515;-6;-225;DTM;5
800515;-3;-112,5;DTM;5
800522;-2;-216,71;DTM;5
800595;-3;-9,66;DTM;5
800651;-150;-727,59;DIT;5
800654;-3;-454,94;DTM;5
800654;-6;-909,88;DTM;5
800654;-3;-454,94;DTM;5
800654;-3;-454,94;DTM;5
800654;-3;-454,94;DTM;5
800654;-3;-454,94;DTM;5
800654;-3;-454,94;DTM;5
800682;-182;-5.199,26;DIT;5
800717;-3;-203,8;DTM;5
800717;-3;-203,8;DTM;5
800717;-3;-203,8;DTM;5
800717;-3;-203,8;DTM;5
800717;-3;-203,8;DTM;5
800717;-6;-407,6;DTM;5
800717;-3;-203,8;DTM;5
800717;-3;-203,8;DTM;5
800717;-3;-203,8;DTM;5
800741;-200;-19.227,71;DIT;5
800817;-3;-953,3;DTM;5
800817;-6;-1.906,60;DTM;5
800817;-3;-953,3;DTM;5
800817;-3;-953,3;DTM;5
800817;-3;-953,3;DTM;5
800817;-6;-1.906,60;DTM;5
800817;-40;-12.710,68;DIT;5
800817;-3;-953,3;DTM;5
800822;-11;-252,29;DTM;5
800822;-3;-68,81;DTM;5
800822;-3;-68,81;DTM;5
800822;-6;-137,61;DTM;5
800822;-3;-68,81;DTM;5
800824;-100;-790,84;DIT;5
800824;100;790,84;DIT;5
800848;-200;-3.105,49;DIT;5
800872;-4;-204,97;DTM;5
800876;-6;-132,81;DTM;5
800876;-3;-66,4;DTM;5
800876;-3;-66,41;DTM;5
800884;-6;-76,91;DTM;5
800884;-12;-153,81;DTM;5
800884;-12;-153,81;DTM;5
800889;-3;-56,44;DTM;5
800894;100;612,77;DIT;5
800894;-100;-612,77;DIT;5
800894;-3;-18,38;DTM;5
800894;-3;-18,38;DTM;5
800894;-3;-18,38;DTM;5
800894;-3;-18,38;DTM;5
800922;-3;-70,53;DTM;5
800922;-3;-70,53;DTM;5
800922;-6;-141,06;DTM;5
800922;-1;-23,51;DTM;5
800922;-3;-70,53;DTM;5
800922;-2;-47,02;DTM;5
800922;-1;-23,51;DTM;5
800922;-4;-94,04;DTM;5
800922;-3;-70,53;DTM;5
800922;-3;-70,53;DTM;5
800922;-2;-47,02;DTM;5
800922;-2;-47,02;DTM;5
800922;-8;-188,08;DTM;5
800944;-8;-73,07;DTM;5
800944;-4;-36,53;DTM;5
800959;-50;-5.461,29;DIT;5
800982;-1;-29,26;DTM;5
800982;-3;-87,78;DTM;5
800982;-4;-117,04;DTM;5
800982;-6;-175,57;DTM;5
800982;-3;-87,78;DTM;5
800982;-4;-117,04;DTM;5
800982;-3;-87,78;DTM;5
800982;-3;-87,78;DTM;5
800982;-6;-175,57;DTM;5
800982;-3;-87,78;DTM;5
800991;-1;-138,44;DTM;5
801010;-100;-584,53;DIT;5
801010;100;584,53;DIT;5
801044;-1;-23,28;DTM;5
801044;-2;-46,55;DTM;5
801044;-2;-46,55;DTM;5
801044;-1;-23,28;DTM;5
801044;-2;-46,55;DTM;5
801044;-1;-23,28;DTM;5
801044;-4;-93,11;DTM;5
801064;-4;-10,72;DTM;5
801064;-12;-32,16;DTM;5
801064;-4;-10,72;DTM;5
801064;-4;-10,72;DTM;5
801064;-6;-16,08;DTM;5
801064;-14;-37,53;DTM;5
801064;-8;-21,44;DTM;5
801064;-12;-32,16;DTM;5
801064;-4;-10,72;DTM;5
801064;-8;-21,44;DTM;5
801064;-6;-16,08;DTM;5
801064;-8;-21,44;DTM;5
801064;-2;-5,36;DTM;5
801064;-4;-10,72;DTM;5
801087;-6;-72,93;DTM;5
801087;-6;-72,93;DTM;5
801087;-12;-145,86;DTM;5
801087;-6;-72,93;DTM;5
801087;-3;-36,47;DTM;5
801087;-9;-109,4;DTM;5
801087;-6;-72,93;DTM;5
801087;-3;-36,47;DTM;5
801114;-35;-204,1;DIT;5
801114;100;583,14;DIT;5
801125;-3;-103,11;DTM;5
801125;-3;-103,11;DTM;5
801125;-6;-206,23;DTM;5
801125;-3;-103,11;DTM;5
801166;-3;-13,01;DTM;5
801186;-6;-94,43;DTM;5
801186;-12;-188,86;DTM;5
801186;-4;-62,95;DTM;5
801186;-3;-47,22;DTM;5
801186;-3;-47,22;DTM;5
801186;-3;-47,22;DTM;5
801186;-1;-15,74;DTM;5
801186;-3;-47,22;DTM;5
801199;-12;-108,77;DTM;5
801199;-6;-54,38;DTM;5
801199;-6;-54,38;DTM;5
801199;-2;-18,13;DTM;5
801199;-3;-27,19;DTM;5
801202;-1;-37,7;DTM;5
801213;-6;-75,08;DTM;5
801213;-3;-37,54;DTM;5
801215;-3;-30,1;DTM;5
801215;-3;-30,1;DTM;5
801215;-3;-30,1;DTM;5
801215;-3;-30,09;DTM;5
801215;-3;-30,1;DTM;5
801215;-9;-90,29;DTM;5
801215;-1;-10,03;DTM;5
801220;100;638,66;DIT;5
801220;-100;-638,66;DIT;5
801225;-3;-88,82;DTM;5
801225;-3;-88,82;DTM;5
801225;-3;-88,82;DTM;5
801233;-200;-1.177,04;DIT;5
801233;100;588,52;DIT;5
801233;-100;-588,52;DIT;5
801272;-18;-73,35;DTM;5
801272;-100;-407,49;DIT;5
801303;100;591,11;DIT;5
801303;-100;-591,11;DIT;5
801304;-1;-16,23;DTM;5
801304;-3;-48,69;DTM;5
801304;-1;-16,23;DTM;5
801304;-4;-64,92;DTM;5
801313;-3;-81,35;DTM;5
801346;-4;-64,98;DTM;5
801346;-4;-64,98;DTM;5
801352;-100;-587,96;DIT;5
801352;-3;-17,64;DTM;5
801352;100;587,96;DIT;5
801375;-3;-17,24;DTM;5
801375;100;574,61;DIT;5
801375;-100;-574,61;DIT;5
801375;-6;-34,48;DTM;5
801375;-3;-17,24;DTM;5
801375;-3;-17,24;DTM;5
801375;-6;-34,48;DTM;5
801375;-3;-17,24;DTM;5
801375;-3;-17,24;DTM;5
801379;-2;-13,96;DTM;5
801391;-3;-43,34;DTM;5
801391;-6;-86,68;DTM;5
801391;-1;-14,45;DTM;5
801635;-200;-2.766,39;DIT;5
801826;-3;-17,29;DTM;5
801826;-3;-17,29;DTM;5
801826;-3;-17,29;DTM;5
801826;-3;-17,29;DTM;5
801826;-3;-17,29;DTM;5
801826;-100;-576,2;DIT;5
801826;100;576,2;DIT;5
801826;-3;-17,29;DTM;5
801826;-3;-17,29;DTM;5
801826;-3;-17,29;DTM;5
801834;-100;-583,18;DIT;5
801834;-200;-1.166,37;DIT;5
801834;-8;-46,65;DTM;5
801834;100;583,18;DIT;5
801955;100;589,16;DIT;5
801955;-100;-589,16;DIT;5
802246;-3;-496,13;DTM;5
803344;-3;-277,84;DTM;5
803344;-3;-277,84;DTM;5
803344;-3;-277,84;DTM;5
803344;-3;-277,84;DTM;5
803368;-12;-353,87;DTM;5
803368;-8;-235,92;DTM;5
803368;-6;-176,94;DTM;5
803368;-6;-176,94;DTM;5
803368;-3;-88,47;DTM;5
804337;-3;-206,62;DTM;5
804337;-3;-206,62;DTM;5
804337;-3;-206,62;DTM;5
804422;-6;-157,89;DTM;5
805459;-3;-491,86;DTM;5
805459;-3;-491,86;DTM;5
400072;-5;-22.052,55;DIT;5
400072;-3;-13.231,53;DIT;5
400072;-5;-22.052,56;DIT;5
400072;-1;-4.410,51;DTE;5
400072;-1;-4.410,51;DTE;5
400140;80;491,67;DIT;5
400140;-80;-491,67;DIT;5
400288;-1;-22.792,81;DTM;5
400288;-1;-22.792,81;DTM;5
400288;-1;-22.792,81;DTM;5
400288;2;45.585,62;DIT;5
400288;-2;-45.585,62;DIT;5
400375;100;720,88;DIT;5
400375;-100;-720,88;DIT;5
400442;-700;-3.259,52;DPM;5
400481;-565;-3.574,02;DPM;5
400968;-10;-19.122,96;DIT;5
400968;-2;-3.824,59;DIT;5
401127;-7;-13.699,90;DIT;5
401566;100;1.863,02;DIT;5
401566;50;931,51;DIT;5
401566;-100;-1.863,02;DIT;5
401566;-50;-931,51;DIT;5
401753;-100;-716,09;DIT;5
401753;100;716,09;DIT;5
401992;2;817,28;DIT;5
401992;-2;-817,28;DIT;5
402105;-74;-4.126,58;DTE;5
402123;50;298,13;DIT;5
402123;-50;-298,13;DIT;5
402152;-100;-8.292,60;DIT;5
402152;100;8.292,60;DIT;5
402650;-1;-1.454,03;DTM;5
402650;-1;-1.454,03;DTM;5
402824;-100;-5.919,66;DIT;5
402824;100;5.806,50;DIT;5
403161;-50;-17.115,52;DIT;5
403161;-100;-34.231,04;DIT;5
403579;-20;-694;DIT;5
403656;-230;-5.838,03;DPM;5
410122;-1;-15.160,55;DIT;5
410122;-3;-45.481,66;DIT;5
410122;-2;-30.321,10;DIT;5
800362;100;681,88;DIT;5
800362;-100;-681,88;DIT;5
800824;-100;-790,84;DIT;5
800824;100;790,84;DIT;5
800894;100;612,77;DIT;5
800894;-100;-612,77;DIT;5
800959;-50;-5.461,29;DIT;5
800959;30;3.276,78;DIT;5
800959;50;5.461,29;DIT;5
800959;-30;-3.276,78;DIT;5
801114;100;583,14;DIT;5
801114;90;524,83;DIT;5
801220;100;638,66;DIT;5
801220;-100;-638,66;DIT;5
801233;-100;-588,52;DIT;5
801233;100;588,52;DIT;5
801233;-100;-588,52;DIT;5
801233;100;588,52;DIT;5
801375;-100;-574,61;DIT;5
801375;100;574,61;DIT;5
804079;-2;-1.974,04;DTM;5
804483;-20;-10.712,14;DTM;5
805478;-14;0;DTM;5
